CustomerID,Recency,Frequency,Monetary,Cluster_KMeans,Cluster_Hierarchical,Cluster_DBSCAN,Cluster,PC1,PC2,PC3
12347,2,7,4310.0,2,0,0,2,1.7861223664294266,-0.4703205573525678,-0.262120998832859
12348,75,4,1797.24,0,3,0,0,0.3751181887122774,0.5311045123722625,-0.08324609769825864
12349,19,1,1757.55,3,1,-1,3,0.24628382561073459,-0.21011111114210748,-0.8364257659539793
12350,310,1,334.4,1,2,1,1,-1.1090443418494749,0.4448789375336588,-0.07318683910169241
12352,36,8,2506.04,2,0,0,2,0.9874833121669168,0.4419006248075265,0.18267433928645543
12353,204,1,89.0,1,2,1,1,-1.5183883614466605,-0.12061438907825363,0.357809433834618
12354,232,1,1079.4,0,3,1,0,-0.5756754484475621,0.6719455971598124,-0.5008837443481386
12355,214,1,459.4,1,2,1,1,-0.8898655598245953,0.38467635206413814,-0.2086230465893146
12356,23,3,2811.43,3,0,0,3,0.7340294952509984,0.13907787778754843,-0.48043712493989194
12357,33,1,6207.67,0,3,-1,0,0.6051627907448586,0.3869230843139329,-1.2408817360970605
12358,2,2,1168.06,3,1,2,3,0.778230563616865,-1.0469970596618052,-0.5249310802800168
12359,58,4,6310.03,0,0,-1,0,0.9330053342619039,0.7985349966572499,-0.538463419936045
12360,52,3,2662.06,0,3,0,0,0.5090949478110403,0.45419881513170046,-0.40798109058012966
12361,287,1,189.9,1,2,1,1,-1.310539771577489,0.2451619145031163,0.11831225184785049
12362,3,10,5226.23,2,0,0,2,1.9487892507533333,-0.23144954657920036,-0.07678768866467499
12363,110,2,552.0,0,3,2,0,-0.4432131535312472,0.24064640803474596,-0.020242074320779013
12364,8,4,1313.1,3,0,0,3,0.8000518516097703,-0.45448977973070137,-0.11762092187412214
12365,291,2,641.38,1,3,2,1,-0.6328625966164496,0.6897321052261336,-0.007319749457416508
12367,4,1,168.9,4,4,1,4,-0.3150103420360331,-1.4848521336379745,-0.11429623986408831
12370,51,4,3541.94,0,0,0,0,0.7388110097193142,0.5740371314007727,-0.34549410795734015
12371,45,2,1887.96,0,3,2,0,0.26529192635137044,0.2374998114903727,-0.5083310913230366
12372,72,3,1298.04,0,3,0,0,0.14505586835816475,0.37464951480835185,-0.13587709414239954
12373,311,1,364.6,1,2,1,1,-1.0760247205935247,0.4718584872722621,-0.10305850349111258
12374,25,1,742.9300000000001,4,4,1,4,-0.15882477392097796,-0.35619396973716405,-0.5185066339197656
12375,11,2,457.5,4,4,2,4,0.05468939893804611,-0.7455122494330786,-0.10482204085039112
12377,315,2,1628.12,0,3,2,0,-0.28783816938100804,0.9994928619393825,-0.32676536290555236
12378,130,1,4008.62,0,3,-1,0,0.08702719833031125,0.8210464289651833,-0.9973524779661876
12379,82,2,852.24,0,3,2,0,-0.19829700452787252,0.24802567492274485,-0.1911885411294793
12380,22,4,2724.81,3,0,0,3,0.8454386713585843,0.15489081496388474,-0.308989215004445
12381,5,5,1845.31,3,0,0,3,1.1298198073541652,-0.48789631479274465,-0.130116936608279
12383,185,5,1850.56,0,3,0,0,0.2488046340227016,0.9491914934777419,0.10040359744340072
12384,29,2,585.27,4,1,2,4,-0.08419202313477034,-0.2891832540120313,-0.12883540149943856
12386,338,2,401.9,1,2,2,1,-0.8543236555021188,0.6134391795317475,0.16554070943942212
12388,16,6,2780.66,2,0,0,2,1.1010738624764356,0.09920594330712099,-0.09006027890571655
12390,80,1,549.84,4,3,1,4,-0.5686963755104363,0.02972199518703963,-0.33702546326114424
12391,22,1,439.66,4,4,1,4,-0.33289959743248354,-0.5631892108430137,-0.3440180187405847
12393,72,4,1582.6000000000001,0,3,0,0,0.3355674254204022,0.4764639346126402,-0.04160259020819608
12394,64,2,1272.48,0,3,2,0,0.021703197672051394,0.26486622969089646,-0.3474262769154361
12395,19,12,3018.63,2,0,0,2,1.4043556221399052,0.31064247781653936,0.3455490162444605
12397,36,2,2409.9,0,1,2,0,0.4169936260222441,0.21898547036910354,-0.6081526874653673
12398,46,1,1635.6599999999999,0,3,1,0,-0.0013979965874180988,0.12588299755608176,-0.7537547574138407
12399,119,4,1108.65,0,3,0,0,0.06827512054840595,0.5785879615975076,0.11602484260073304
12401,303,1,84.3,1,2,1,1,-1.6406590843492856,0.028232264121148588,0.40309108636656943
12402,323,1,225.6,1,2,1,1,-1.273498288805258,0.34540169277903565,0.06642409064435306
12403,50,1,427.7,4,4,1,4,-0.5482644359685569,-0.23831074787839354,-0.28072844462145646
12405,149,1,1710.39,0,3,1,0,-0.2819797000348921,0.6245261130472072,-0.6910989628948986
12406,22,2,3415.3,3,1,-1,3,0.6759486865649798,0.12378843682248894,-0.7618461824308282
12407,50,5,1708.1200000000001,0,0,0,0,0.5497660030659154,0.3842138366998089,0.04110665945086686
12408,33,5,2888.55,0,0,0,0,0.8600606305728221,0.3707790245162087,-0.16948865643791877
12409,79,3,11072.67,0,3,-1,0,0.9627517207744031,1.0501651278984334,-0.8775595571466807
12410,309,2,693.3299999999999,1,3,2,1,-0.617701156812692,0.7378754206167559,-0.030426559944583667
12412,75,3,1226.88,0,3,0,0,0.11259523277712558,0.3747418251411638,-0.11350134960833759
12413,67,3,758.1,0,1,0,0,-0.04761554949651378,0.1852205060538979,0.046830788802713075
12414,217,3,562.41,0,3,0,0,-0.4639099469326017,0.5838194802814051,0.22941303476914643
12417,3,9,3649.1,2,0,0,2,1.759651959299028,-0.3565685027161425,-0.021249878238410805
12418,113,1,668.58,1,3,1,1,-0.5798569846330031,0.23070230251812773,-0.38210958961513736
12420,64,1,600.39,4,4,1,4,-0.4777006198280844,-0.03620983249579188,-0.38250215624407136
12421,16,4,807.04,3,1,0,3,0.4457812262403881,-0.33309461834949955,0.09496592261218292
12422,96,3,803.5600000000001,0,3,0,0,-0.11602927445866865,0.3510768799828961,0.050480093297759404
12423,1,8,1859.31,3,0,0,3,1.619884605791143,-0.8671576985076898,0.09008804966786246
12424,163,2,1760.96,0,3,2,0,-0.08858449525726232,0.7484857774308321,-0.3983388252426919
12425,78,1,777.2,0,3,1,0,-0.42663179764364745,0.12201362638003568,-0.4592990077294783
12426,195,1,582.73,1,2,1,1,-0.7729284782795198,0.416554446833586,-0.2976898771687755
12427,22,3,825.8,3,1,0,3,0.2643835721062471,-0.24275834648728792,-0.056064444307331665
12428,26,9,7956.46,2,0,0,2,1.5750623828198704,0.6738318413623526,-0.16449630624633382
12429,9,4,3750.4,3,0,0,3,1.1847649682082468,-0.09850341168540344,-0.4765951050243112
12430,43,1,256.4,4,4,1,4,-0.7105905472962335,-0.4517478015933634,-0.11265533452958365
12431,36,15,6419.95,2,0,0,2,1.6474016237313585,0.8322087648527202,0.2757846294666476
12432,43,5,5059.32,2,0,0,2,1.0137873536852409,0.6452317913743499,-0.34765285207902985
12433,1,7,13375.87,2,0,-1,2,2.334788492905479,-0.30319017463354053,-0.6846322795094633
12434,85,2,806.14,0,3,2,0,-0.22922185581588683,0.24635984162371544,-0.16941082874962965
12435,80,2,7829.89,0,3,-1,0,0.6781749208122854,0.8970008608995192,-0.9664597817003616
12436,100,1,509.01,1,3,1,1,-0.655614938514745,0.09911578190484158,-0.2952715560119383
12437,2,18,4951.41,2,0,0,2,2.2776630214247953,-0.26271754622674554,0.3228789526484243
12438,14,2,2906.85,3,1,-1,3,0.7224939082519843,-0.10290455105213255,-0.7344265766030784
12441,367,1,173.55,1,2,1,1,-1.4086558825550468,0.32105799455930073,0.1660854396408829
12442,3,1,172.06,4,4,1,4,-0.2504546782613755,-1.572700735547489,-0.1357712724465905
12444,21,5,5005.46,2,0,0,2,1.1876438890227141,0.3521454539166409,-0.3906488654715193
12445,22,1,133.4,4,4,1,4,-0.7990370493733118,-0.916285953637773,0.07038541572605878
12446,58,1,1002.3100000000001,0,3,1,0,-0.2519070290015234,0.075475127811887,-0.5676477515824379
12447,243,1,476.49,1,2,1,1,-0.908061336393184,0.4484347159756701,-0.21281232120235238
12448,44,1,449.45,4,4,1,4,-0.4966849676923898,-0.27594336295920335,-0.30643782393159613
12449,22,4,4067.29,3,0,0,3,1.0026390318484384,0.27396928639761875,-0.44874277699598275
12450,156,2,197.88,1,2,2,1,-0.9337242748693192,0.08156465353461496,0.3600244996776528
12451,11,5,9035.52,2,0,-1,2,1.5751691344782346,0.27423530586255823,-0.6376045519771114
12452,17,2,430.57,4,1,2,4,-0.0732287392027218,-0.5939281765766816,-0.056362256540585146
12453,134,1,707.09,1,3,1,1,-0.6013379248794907,0.3180457422306578,-0.3902262935562209
12454,56,1,3528.34,0,3,-1,0,0.2507066035357575,0.43506820872718266,-1.0089283724475275
12455,73,6,2466.86,0,0,0,0,0.67625125729756,0.6787878907026195,0.05087343090779334
12456,44,3,3181.04,0,3,0,0,0.621021040043255,0.4387051474539796,-0.4811482354658473
12457,66,7,2363.23,0,0,0,0,0.7524129266730339,0.6501507689385547,0.15692519124257853
12458,71,2,947.4,0,3,2,0,-0.12026821816907694,0.22000321078431376,-0.23767372261736092
12461,94,2,826.88,0,3,2,0,-0.2448297506970178,0.2955317187225278,-0.17155490244451804
12462,19,2,1189.59,3,1,2,3,0.2980580909097253,-0.24811215207770765,-0.4034002624778565
12463,53,4,1344.78,0,3,0,0,0.34913221385669646,0.3019858571053364,-0.005138081255292054
12464,10,8,1212.05,3,0,0,3,1.0141079179886634,-0.2813087184811326,0.35424608418094095
12465,17,2,742.1899999999999,3,1,2,3,0.14013206535096512,-0.4323084551526682,-0.24604332554603786
12468,188,2,729.5400000000001,0,3,2,0,-0.470633366343407,0.5460344658781567,-0.08152776185268841
12472,32,7,6572.11,2,0,0,2,1.3357313127660797,0.658014024552158,-0.247668353130163
12473,29,5,3928.0499999999997,2,0,0,2,1.0128428938346175,0.40980701055716257,-0.28516889229487735
12474,17,18,7324.09,2,0,0,2,1.9710492781916518,0.6030690698256539,0.3070716117899859
12475,54,1,723.38,4,4,1,4,-0.36174424311999054,-0.050749317088841034,-0.4587010720993785
12476,16,11,6816.42,2,0,0,2,1.725331129707357,0.469427148048463,-0.008214833460487125
12477,23,6,13219.74,2,0,-1,2,1.6243770416387395,0.7069342220665652,-0.6107885552334887
12478,4,1,680.99,3,4,-1,3,0.23056076708614198,-1.0715848005972946,-0.5993174292679057
12479,11,1,527.2,4,4,1,4,-0.0946442811274588,-0.7814119676825437,-0.45111570938068923
12480,28,4,3281.63,3,0,0,3,0.8588603305431625,0.3071127668316561,-0.35823078763757743
12481,23,10,5579.82,2,0,0,2,1.5142125332602792,0.5374057690136951,0.021166042017229186
12483,17,8,2484.98,2,0,0,2,1.1692672125814365,0.13802829721295506,0.1370407629691484
12484,33,6,4527.32,2,0,0,2,1.1143087231405033,0.5340130591704547,-0.2133914223194116
12488,10,3,1298.66,3,0,0,3,0.6314090212299599,-0.41676161545987783,-0.26363591170392364
12489,336,1,334.93,1,2,1,1,-1.1290495870521475,0.4789292432906333,-0.06832490384952093
12490,5,10,5417.93,2,0,0,2,1.858771033300843,-0.05115647707065442,-0.0620215224793987
12491,39,1,460.40000000000003,4,4,1,4,-0.4570001913666224,-0.31806339123106403,-0.3227604987199344
12492,63,2,263.21000000000004,4,4,2,4,-0.5917062861528526,-0.2092897656002902,0.20039974955552287
12493,166,2,433.74,1,2,2,1,-0.6425920857398708,0.3399368680735516,0.091264843287577
12494,16,7,1246.1000000000001,3,0,0,3,0.8536325749730022,-0.11366027909012509,0.2876850908099013
12497,82,1,1043.1,0,3,1,0,-0.3239382021760888,0.2300728912854521,-0.5585451945023069
12498,21,3,403.70000000000005,4,1,0,4,-0.004643500845559617,-0.47378638100517406,0.19025951237410565
12500,23,11,4257.82,2,0,0,2,1.4520562643722599,0.4737516202209274,0.17922714361233943
12501,337,1,2169.39,0,3,1,0,-0.39740263223071864,1.0349638761487336,-0.7192473125915233
12502,96,5,3723.87,0,0,0,0,0.6904394336798472,0.8847530309622873,-0.18742948424872036
12504,18,2,482.04999999999995,4,1,2,4,-0.04288074858582186,-0.5378056828311782,-0.09204445323754229
12506,233,1,73.5,1,2,1,1,-1.6265732433319844,-0.12147957741730629,0.43269140342829515
12507,134,3,1304.81,0,3,0,0,-0.010838691609365514,0.6333378094573429,-0.09624169441725552
12508,26,2,397.88,4,1,2,4,-0.2083064550109014,-0.44776744729335166,-0.001537496487352491
12509,284,1,176.5,1,2,1,1,-1.336419492415879,0.21914102535528843,0.14300512828339917
12510,143,2,982.5699999999999,0,3,2,0,-0.2840315232259134,0.5207351187095569,-0.20365074770470942
12512,66,2,132.18,4,4,2,4,-0.8723889881130752,-0.39383199728071344,0.44255778071706997
12513,113,1,612.29,1,3,1,1,-0.6143280771193239,0.20459062574378045,-0.35146425301609063
12514,267,1,1017.68,0,3,1,0,-0.6347170851137243,0.7129865929229773,-0.47092015529248366
12515,353,1,383.7,1,2,1,1,-1.0884769962742378,0.5398226066461588,-0.11231577839397483
12516,78,2,1312.06,0,3,2,0,-0.016389532725810035,0.3555502671616195,-0.34495712336597406
12517,28,5,2481.6,3,0,0,3,0.8413342709654527,0.25911419636018856,-0.12723845606897619
12518,1,5,2056.89,3,1,0,3,1.4546224642672327,-0.9151231450853059,-0.24204496923720356
12519,64,1,330.84,4,4,1,4,-0.7111085620137798,-0.2130151584464268,-0.17499887052691704
12520,79,5,2634.26,0,0,0,0,0.6040938337794699,0.701263824583522,-0.07965349576222397
12521,143,1,599.68,1,3,1,1,-0.6824950423462836,0.29612081780428295,-0.3284641200206547
12522,39,2,192.72,4,4,2,4,-0.5927916864967482,-0.4981445392071736,0.27701387890595397
12523,19,11,1789.77,2,0,0,2,1.1588051396760748,0.13988316652200203,0.4692774201017459
12524,9,8,4485.72,2,0,0,2,1.5520435273054662,0.06776577131403093,-0.10864642650414727
12526,1,3,1316.66,3,1,0,3,1.0747277330197176,-1.1256716838677283,-0.38336628236836245
12527,82,3,348.71000000000004,4,4,0,4,-0.4030601143984024,0.0381303555094811,0.3307430030241567
12528,9,6,1933.48,3,0,0,3,1.0948041123963912,-0.23072856986289475,0.000920622596996018
12530,60,4,1662.28,0,0,0,0,0.40097045747487525,0.41595086775971574,-0.07084179763260982
12531,15,1,125.22,4,4,1,4,-0.7304630597097386,-1.0867410839079679,0.06783334032578289
12532,30,1,349.83000000000004,4,4,1,4,-0.4990679614003812,-0.5061352731678421,-0.2443355473004883
12534,131,1,1089.18,0,3,1,0,-0.42616818391044553,0.43696387485548543,-0.5423378069645267
12535,92,2,716.35,0,3,2,0,-0.29561841741668465,0.24402012262310663,-0.12297829623361092
12536,43,3,12601.830000000002,2,3,-1,2,1.1671024380899149,0.838586968865045,-0.9630059727330101
12538,29,1,363.95,4,4,1,4,-0.4751552866831723,-0.5081161495688108,-0.26031661750711055
12539,22,4,5568.35,2,0,0,2,1.1259222686817796,0.36735570962064146,-0.5583434892819941
12540,20,17,13400.24,2,0,-1,2,2.141248003439379,0.8367589467549565,0.06707108941410853
12541,30,3,981.18,0,1,0,0,0.2553081892585303,-0.06670727670333285,-0.09604007293139907
12544,36,1,372.7,4,4,1,4,-0.5197280025428606,-0.41335660361355614,-0.25444624067067123
12545,75,2,1000.39,0,3,2,0,-0.11281485250685738,0.2587831428769263,-0.2530022421477607
12546,47,2,1161.5,0,1,2,0,0.06379322359966183,0.11094740412543791,-0.3360457758273885
12547,198,2,207.79999999999998,1,2,2,1,-0.9755129197319634,0.19518698028714354,0.35901954186694873
12548,166,1,95.19999999999999,1,2,1,1,-1.4395716695369711,-0.18655131960665042,0.3207384419166992
12550,79,1,964.83,0,3,1,0,-0.34507009085655127,0.19150486552295068,-0.5338332432158888
12551,358,1,168.0,1,2,1,1,-1.4149796936445878,0.3010937183240106,0.17569272741158815
12552,39,2,437.82,4,4,2,4,-0.2718113086185129,-0.25500353979178453,-0.00834266225012284
12553,8,10,3692.28,2,0,0,2,1.6041162697097326,0.004425248295766938,0.09910909023232992
12556,50,2,599.56,0,1,2,0,-0.21104742739201832,-0.06009036638579329,-0.10146597319797329
12557,16,5,11990.960000000001,2,0,-1,2,1.5967728709663587,0.5040530133769523,-0.7128721334706083
12558,8,1,269.96,4,4,1,4,-0.28277404426304886,-1.1002196701137827,-0.2375617085598864
12559,311,2,561.71,1,3,2,1,-0.7018609353375668,0.6780658636908233,0.0433577096352212
12560,5,3,2134.01,3,1,0,3,0.9819650953671702,-0.5226757222646807,-0.47772543073057605
12561,303,1,238.85,1,2,1,1,-1.234823119774045,0.3356509377416439,0.04229661072462593
12562,8,7,3781.7400000000002,2,0,0,2,1.4525936069264005,-0.04970370527346732,-0.1424353254742938
12564,261,1,456.9,1,2,1,1,-0.9427902039050728,0.4657467746879978,-0.19339395977035725
12565,289,1,145.92,1,2,1,1,-1.4151118422776263,0.17019016308872945,0.2101645705273224
12566,86,1,351.65,1,4,1,1,-0.7621187855991128,-0.07300225702814839,-0.17657157727242104
12567,23,10,9401.28,2,0,0,2,1.7189742776042136,0.6925117461794053,-0.1608703289077112
12569,2,32,4124.69,2,0,-1,2,2.484932674459306,-0.21085187700730476,0.7908774183404172
12571,40,2,519.61,4,1,2,4,-0.2110625445126358,-0.19385427310985817,-0.0663236437598905
12572,9,2,1020.42,3,1,2,3,0.4159545232572839,-0.5835879821838349,-0.39664687518268876
12573,227,1,160.54000000000002,1,2,1,1,-1.3160833299205041,0.09779637672240249,0.1608419191217343
12574,316,1,218.45,1,2,1,1,-1.2804735211666203,0.3267327028564024,0.07614070684550361
12576,36,5,1315.83,0,0,0,0,0.5298429378044283,0.17246015782649726,0.1104701103705178
12577,35,3,626.6,0,1,0,0,0.041083158424623845,-0.13734402852033706,0.07034150358829172
12578,21,2,2794.51,3,1,2,3,0.6086437261138943,0.04556387384956739,-0.6948563167564722
12579,78,1,440.42,4,4,1,4,-0.6492037423270882,-0.04658348672040338,-0.26142909208827386
12580,247,1,415.7,1,2,1,1,-0.965694838858514,0.41474257590677893,-0.16419244613632086
12581,40,1,197.71,4,4,1,4,-0.7940367301070519,-0.5582344629640124,-0.027104167901516388
12582,239,2,511.36,1,3,2,1,-0.6712608861533914,0.5404604051898985,0.05838249544102719
12583,3,15,7281.38,2,0,0,2,2.2682866289004715,-0.06079131183938692,0.08187135241727425
12584,4,9,2338.15,2,0,0,2,1.5276575865091435,-0.3955538690382588,0.1490807671889034
12585,234,2,2040.1,0,3,2,0,-0.12326034244892817,0.9426658499413656,-0.42540985842631573
12586,17,1,196.94000000000003,4,4,1,4,-0.5840954054632945,-0.9036872882450344,-0.08124748528897095
12587,8,1,144.0,4,4,1,4,-0.5282124374979225,-1.2861380013853372,-0.019363165012226097
12588,39,1,214.89999999999998,4,4,1,4,-0.7551240241008248,-0.5438906742559413,-0.05772378118732273
12589,29,2,646.68,4,1,2,4,-0.04508741231938701,-0.2595617107318717,-0.16360000785729323
12590,211,2,9864.26,0,3,-1,0,0.5216764543739936,1.3680811028642925,-0.9821904980344617
12591,317,1,452.84999999999997,1,2,1,1,-0.996037495132151,0.5441217187015919,-0.17723428161799973
12592,92,2,437.6,1,2,2,1,-0.48874473021779635,0.0977279255166387,0.048713995337115124
12593,109,3,418.09999999999997,0,3,0,0,-0.4043542751624787,0.20974748658142195,0.28656235014297426
12594,38,10,3338.2200000000003,2,0,0,2,1.1878800184881757,0.5877445809279943,0.23313605606762422
12596,51,2,618.27,0,1,2,0,-0.203992548395239,-0.04284633504773669,-0.11086329818500669
12597,19,4,3811.22,3,0,0,3,1.0130211292575302,0.196183282511658,-0.43547731153243696
12598,10,8,3023.08,2,0,0,2,1.372692282235,-0.00968289115202202,0.03545901510719715
12599,29,7,1032.58,3,0,0,3,0.6340093313906994,0.06805421098528835,0.3915139877259568
12600,29,10,2599.04,2,0,0,2,1.1570560295682282,0.4036107267927705,0.30276776573928954
12601,190,5,577.0600000000001,0,3,0,0,-0.21498213285490758,0.6141317884045918,0.5084476363259114
12602,59,1,153.12,4,4,1,4,-0.9916037705438578,-0.47454146608266856,0.08724895899926613
12603,22,1,739.1999999999999,4,4,1,4,-0.129303606621946,-0.4089662860341352,-0.525018016668741
12604,79,2,254.18,4,4,2,4,-0.6626788986176209,-0.12630196960054607,0.22757954918668444
12607,60,1,1579.51,0,3,1,0,-0.08207790434649911,0.22454940087760947,-0.7239941273771456
12609,78,3,1126.85,0,3,0,0,0.06929266903939102,0.3656657901974706,-0.08123597223147745
12610,23,5,2099.54,3,0,0,3,0.8243469770782232,0.1302731268224015,-0.08167713958120049
12611,52,1,1193.32,0,3,1,0,-0.1559465244706112,0.08244138197913063,-0.6356964815046665
12612,74,1,704.0400000000001,0,3,1,0,-0.4520405738841052,0.07092409192448627,-0.4283470580576284
12613,57,5,3344.38,0,0,0,0,0.7803652697892206,0.6377122652792998,-0.18460121382887912
12614,278,1,315.6,1,2,1,1,-1.103796055283151,0.3823126526746831,-0.06037602757103004
12615,2,4,2291.19,3,1,0,3,1.3006643619203437,-0.7485415426103926,-0.38584664471793184
12616,95,2,713.3,0,3,2,0,-0.30544668577294354,0.25603183210170744,-0.11935090837217585
12617,29,1,352.98,4,4,1,4,-0.4871359601218815,-0.517191448603639,-0.24966561274541932
12618,22,1,177.31,4,4,1,4,-0.6880612711497766,-0.8322223675502555,-0.028273774705778437
12619,16,9,3641.24,2,0,0,2,1.3871181646098338,0.2479552214062286,0.07705035297430135
12620,15,3,1339.41,3,1,0,3,0.5472761901601694,-0.25086820866158444,-0.2491491089800419
12621,2,20,13689.67,2,0,0,2,2.7273991607056693,0.05889464961153802,0.0413043079517576
12622,232,1,180.1,1,2,1,1,-1.276788446945453,0.14085607609704712,0.12241660046863972
12623,276,1,305.1,1,2,1,1,-1.1151877038318805,0.3692746650083515,-0.04909072416294265
12624,106,2,641.13,0,3,2,0,-0.3751250534672508,0.26973107733735485,-0.07486620320941913
12625,212,2,2683.82,0,3,2,0,0.009597777187720535,0.983068030072117,-0.5277020350638837
12626,23,9,6620.48,2,0,0,2,1.5331711813272761,0.5699184258867162,-0.10829666977830249
12627,11,7,4478.53,2,0,0,2,1.4450618583198316,0.12089139978161201,-0.18204320349100384
12628,4,3,786.46,3,1,0,3,0.6372630845596214,-0.8955179598211037,-0.14193451739226062
12630,10,2,1270.88,3,1,2,3,0.477558664829281,-0.4785141680111607,-0.46675451463171397
12631,57,1,640.5,4,4,1,4,-0.4230850295979705,-0.06466732593147113,-0.41271642474679826
12633,59,4,2163.98,0,0,0,0,0.5087010014036372,0.48742654400914043,-0.16395545910872897
12635,90,2,1689.18,0,3,2,0,0.046393881181005375,0.4897697664977818,-0.4235333932314769
12637,67,8,6002.9,2,0,0,2,1.1739659452057745,0.9561226931246266,-0.0810668737687246
12638,33,1,671.69,4,4,1,4,-0.26725222096108475,-0.2739268382057535,-0.46529124100615576
12639,239,1,486.1,1,2,1,1,-0.8959931702495405,0.44744662887956815,-0.2208806430724386
12640,24,3,1174.58,3,1,0,3,0.38112471227490785,-0.10322872983718051,-0.17326977488702744
12641,115,1,185.9,1,2,1,1,-1.0852515232129842,-0.14147329175071782,0.06439472561212278
12642,25,3,1013.26,3,1,0,3,0.3131079703003404,-0.13071541333959508,-0.11911458453216761
12643,128,6,3344.64,0,0,0,0,0.6529459861742615,1.0017132038498204,-0.01785784276275333
12644,130,1,477.91,1,2,1,1,-0.7471224775538156,0.18918230319788099,-0.2557804607288777
12645,34,4,1775.18,0,0,0,0,0.5694553440047478,0.20313412010742882,-0.13121310965957741
12646,5,2,1346.97,3,1,2,3,0.6560728127216318,-0.7147491566251074,-0.5278960892027533
12647,22,12,3722.82,2,0,0,2,1.4507384093504991,0.43142759233151634,0.2818186867251368
12648,155,1,318.05,1,2,1,1,-0.9514301069323968,0.14145649535403942,-0.10225990341474955
12649,107,3,623.51,0,3,0,0,-0.24306817599365527,0.32067597126213543,0.1461298791540248
12650,3,1,314.44,4,4,1,4,-0.014793714888479303,-1.3941887575367462,-0.3452775289913723
12651,335,1,114.0,1,2,1,1,-1.5490907262885116,0.15892903058455563,0.30557651245941975
12652,331,1,919.98,1,3,1,1,-0.7293068067436717,0.7725717932894266,-0.4212965026250124
12653,149,2,2209.85,0,3,2,0,0.02342721584416682,0.7786505115358389,-0.4835568250132669
12654,11,5,601.98,3,1,0,3,0.5124730357966368,-0.5307515697099345,0.3071487847358116
12656,17,5,4051.17,2,0,0,2,1.1561769995338924,0.20533231046115524,-0.33037546376969473
12657,11,4,1643.18,3,0,0,3,0.8141184251008086,-0.26753405582651646,-0.17643004368426457
12658,19,1,686.05,4,4,1,4,-0.12265165209123374,-0.48957785412874505,-0.5084363962525824
12659,30,1,91.68,4,4,1,4,-1.0216135670495152,-0.9019609047453832,0.22021561190124378
12660,11,1,245.1,4,4,1,4,-0.3944509989324174,-1.0085140275667095,-0.1845828808828884
12662,1,11,3849.78,2,0,0,2,2.050847828819796,-0.5954935626123655,0.04684901025777252
12664,8,9,4881.88,2,0,0,2,1.6655636251532644,0.0691228843369467,-0.06812674232312592
12665,325,1,63.0,1,2,1,1,-1.7713842368131902,-0.027973096986189626,0.5080619389504152
12667,58,1,620.13,4,4,1,4,-0.4401434682454978,-0.0671130150107759,-0.40030263354979195
12668,12,4,3807.15,3,0,0,3,1.1232622254459192,0.015693414017195376,-0.4641469162820814
12669,151,3,2744.0299999999997,0,3,0,0,0.2503475829513663,0.9038703043361954,-0.3475304751072186
12670,10,5,2996.05,3,0,0,3,1.1642821730722437,-0.09033270318462513,-0.25831479042562233
12672,330,1,225.89999999999998,1,2,1,1,-1.278469743819798,0.354735008175103,0.06740341187174212
12673,5,2,610.52,3,1,2,3,0.3457965950638058,-0.9497818092589992,-0.2520557127314698
12674,39,4,1970.6,0,0,0,0,0.5761282866373262,0.2900209585464624,-0.15863793568636816
12676,25,6,1331.39,3,0,0,3,0.7029816282965085,0.05803451263059045,0.195463044932924
12678,42,12,17628.46,2,0,-1,2,1.9003544333344617,1.1554611360699434,-0.21860711187368193
12679,59,4,1113.02,0,3,0,0,0.24787512295202752,0.2898522711538111,0.0679227977832896
12680,1,4,862.81,3,1,0,3,1.0217253380883906,-1.2083178409083184,-0.0726040930389755
12681,15,22,13787.54,2,0,-1,2,2.3461497902303017,0.7786387744029095,0.21828930067244517
12682,4,31,12279.82,2,0,0,2,2.7663596450859482,0.3212375552893336,0.42210833889549326
12683,4,15,8476.57,2,0,0,2,2.2706196938113803,0.07772516095288591,0.04388126633360906
12684,8,7,2283.63,2,0,0,2,1.2546512670308276,-0.19964401834484038,0.03353848898226647
12685,28,6,2863.08,2,0,0,2,0.9753398921088653,0.3312651720825153,-0.06424379733997135
12686,372,1,89.14,1,2,1,1,-1.671539711950495,0.13019527785886487,0.39762108862841794
12688,114,1,4873.8099999999995,0,3,-1,0,0.19718868618714663,0.8246627016551656,-1.0743209844068526
12689,26,2,1247.61,0,1,2,0,0.23964499850673115,-0.10844650556534764,-0.3997732959047231
12690,206,1,389.01,1,2,1,1,-0.9452583561169539,0.3194785253245119,-0.15327471948875127
12691,28,6,1035.8,3,0,0,3,0.5764643263491998,0.029118965070526002,0.2903627756513222
12693,127,4,855.91,0,3,0,0,-0.04976549328388109,0.5287239767602747,0.21057701725154743
12694,70,2,869.67,0,3,2,0,-0.15024385343084906,0.1887256233996711,-0.20877376895188574
12695,7,4,582.1,3,1,0,3,0.5113403975661316,-0.7453682778631523,0.15800575253562998
12697,29,3,957.59,0,1,0,0,0.2541879155852996,-0.08765048385547995,-0.08976646322626589
12700,8,4,4939.99,2,0,0,2,1.31995346817328,-0.060666956402597755,-0.5798215337143131
12701,80,2,797.71,0,3,2,0,-0.21795658438936874,0.21818581549819924,-0.16978495554528816
12702,20,1,219.0,4,4,1,4,-0.5822154705409877,-0.8077949993346335,-0.10773001975056432
12703,71,1,283.55,4,4,1,4,-0.7977347009714122,-0.21595441234492072,-0.11444912695888275
12704,7,8,2340.84,2,0,0,2,1.3541335137944248,-0.2188992427055432,0.10321460443697905
12705,15,9,6868.29,2,0,0,2,1.6517510006491412,0.411260624145406,-0.148454543622461
12707,292,1,603.42,1,2,1,1,-0.8625370658278372,0.5950697981556607,-0.2827394809210694
12708,30,10,2712.91,2,0,0,2,1.165459103439713,0.4300706179567293,0.2900196335470123
12709,15,15,9706.52,2,0,0,2,2.0250088826810773,0.6044905887871003,0.07501875375149036
12710,97,3,1149.02,0,3,0,0,0.021571025338949584,0.4615939021564533,-0.07349954001645681
12712,29,13,4396.13,2,0,0,2,1.4851745156807792,0.6062301157843097,0.2959962858877334
12713,1,1,848.55,3,1,-1,3,0.5521799648869772,-1.3894908627687874,-0.7377607893847731
12714,9,5,4708.86,2,0,0,2,1.3662109457747809,0.004218321329468113,-0.42249200475881094
12715,106,1,343.36,1,4,1,1,-0.8246112189681326,0.006467381986911061,-0.15431965044827556
12716,4,2,1053.49,3,1,2,3,0.6065196796193686,-0.8640176244203862,-0.454497112171611
12717,151,2,1030.98,0,3,2,0,-0.27905995288756463,0.5576351035001593,-0.2167729126468367
12718,71,1,238.25,4,4,1,4,-0.8658032486525549,-0.2675159901003855,-0.05393513088159965
12719,5,2,644.95,3,1,2,3,0.36729842654396117,-0.933494281560563,-0.27117117486736897
12720,3,25,5781.73,2,0,0,2,2.423103188404565,-0.035982267371285626,0.5178604447265696
12721,32,6,2656.13,2,0,0,2,0.912706060120975,0.3630052618058106,-0.029358555478985235
12722,85,4,997.63,0,3,0,0,0.11247283265618746,0.4079064046501374,0.13035348255452622
12723,4,5,725.07,3,1,0,3,0.8102867300015943,-0.8416732136050522,0.18329840398389025
12724,5,4,1031.41,3,1,0,3,0.8095029264349696,-0.6958120489303046,-0.060761646956348905
12725,371,1,427.8,1,2,1,1,-1.058615119402487,0.5928373474224877,-0.1468463007900865
12726,28,7,2609.1,2,0,0,2,1.0063627756324554,0.32933413922066457,0.06594259943958233
12727,11,7,3980.7,2,0,0,2,1.3988155621056353,0.08586006623060807,-0.14092952789439606
12728,71,4,836.33,0,3,0,0,0.08896154797622363,0.2812082706480978,0.1798539619794015
12729,114,1,453.01,1,2,1,1,-0.7346194079433722,0.11882282207165501,-0.24592911659245986
12731,24,12,18895.91,2,0,-1,2,2.0669215783963937,0.9492819989702718,-0.27939836447894506
12732,180,1,236.26000000000002,1,2,1,1,-1.1058838724331683,0.11555031794321768,0.011127453663175246
12733,234,1,383.95,1,2,1,1,-0.9829744551616432,0.3686565765199581,-0.14016428924637456
12734,353,1,110.39999999999999,1,2,1,1,-1.5749813588282686,0.17129803292219378,0.32019415593112177
12735,315,2,779.5699999999999,0,3,2,0,-0.5766666940358789,0.7807067273835248,-0.06999231862309939
12736,333,1,234.0,1,2,1,1,-1.2670182808734451,0.36893876877742726,0.05577065269766632
12738,372,1,155.35,1,2,1,1,-1.455348190634115,0.2939592527954845,0.2054234684563982
12739,78,2,1013.04,0,3,2,0,-0.11783208404259002,0.2787080518416368,-0.25477311971704886
12740,64,1,427.6,4,4,1,4,-0.6106657553996939,-0.1369302446405743,-0.26429408560787526
12743,134,2,540.13,0,3,2,0,-0.5020142082217746,0.31606316822265185,0.0005270091601962679
12747,2,11,4196.01,2,0,0,2,1.9804885368950655,-0.40030895726649346,0.044138086321438535
12749,4,5,4090.88,2,0,0,2,1.4890541276961011,-0.32751037120029897,-0.4201363546638571
12750,129,1,275.88,1,4,1,1,-0.9602446007386113,0.023047339080357155,-0.06507820943925698
12752,81,1,4366.78,0,3,-1,0,0.24095697024716628,0.6505497635438066,-1.0587947889784657
12754,236,3,3010.74,0,3,0,0,0.17264558836489946,1.117218286127483,-0.34994489666438033
12755,281,2,3811.95,0,3,-1,0,0.07521604424840461,1.2047429229063749,-0.6312039208658236
12756,87,1,112.07999999999998,1,4,1,1,-1.2115359341822023,-0.4064296012063332,0.22112774798399626
12757,16,13,7834.650000000001,2,0,0,2,1.8578693702909002,0.5404665904795407,0.05608434937647666
12758,117,2,2791.59,0,3,2,0,0.1767634843692441,0.7477528492233821,-0.5812540130366641
12759,52,3,1531.44,0,3,0,0,0.2921648258090144,0.28987535394217046,-0.21512684292718837
12762,8,2,1898.52,3,1,2,3,0.6865620952813553,-0.44317227038077667,-0.6202629621588799
12763,138,2,494.08,1,3,2,1,-0.5444286186698396,0.30182860298691,0.03353434392231208
12764,317,1,1693.88,0,3,1,0,-0.4788104241819276,0.935918587366376,-0.6370571808689773
12766,4,7,6989.63,2,0,-1,2,1.8446604924437056,-0.11292867117340187,-0.39638197667686875
12769,239,1,1143.6,0,3,1,0,-0.5606196351325958,0.7014903715059152,-0.5190329245572645
12770,211,1,1351.45,0,3,1,0,-0.46325046399637715,0.6992237676752077,-0.5856287999151027
12772,60,1,892.47,0,3,1,0,-0.30598583914858296,0.05494028207512974,-0.5249364957708884
12775,17,5,1386.04,3,0,0,3,0.7353293307265231,-0.11345765256355592,0.04376465008494754
12778,20,6,822.23,3,0,0,3,0.5688334322776338,-0.17446679774278084,0.3490985837738848
12779,38,8,3981.36,2,0,0,2,1.1556222186445768,0.601526677838377,0.02472299506769146
12781,64,2,826.74,0,3,2,0,-0.14741205175767186,0.13676229064473996,-0.19708019360339055
12782,5,5,2330.92,3,0,0,3,1.2214819071796366,-0.4184627416023836,-0.21160596697892037
12783,2,6,2225.91,3,0,0,3,1.4593452684244252,-0.6924218337728842,-0.1293773055096349
12784,9,2,532.8199999999999,3,4,2,3,0.16123112020751484,-0.7765396610416139,-0.1701938137018984
12785,364,1,311.95,1,2,1,1,-1.1773684909341857,0.49124063786609484,-0.03821513714664343
12787,10,3,463.66,3,1,0,3,0.22764858184731473,-0.7226080893310447,0.09531338980632878
12789,65,1,91.85,4,4,1,4,-1.2150116379238365,-0.5853627952830873,0.2705214220976102
12790,192,1,324.92,1,2,1,1,-0.997740414928922,0.2368079644192556,-0.09534593621894055
12791,374,1,192.60000000000002,1,2,1,1,-1.3728346145248285,0.3597400425153341,0.13120689654081552
12792,257,1,400.53999999999996,1,2,1,1,-0.9903973489505944,0.420256256623929,-0.14859419675503246
12793,335,2,545.48,1,3,2,1,-0.7323866510774923,0.7003584199264985,0.058567534617572525
12794,53,2,860.41,0,1,2,0,-0.08413364114784785,0.07107460239429081,-0.22349420329859107
12795,19,1,430.48,4,4,1,4,-0.3052614420747173,-0.6279038388294725,-0.3460934568013363
12797,366,1,254.03,1,2,1,1,-1.2591128539390515,0.4326685089620818,0.03357733626810622
12798,10,3,6977.04,2,0,-1,2,1.2911580503642544,0.08299490974397052,-0.8501630453228527
12802,187,1,427.58,1,2,1,1,-0.8835069045810484,0.3072535508340864,-0.19267653142414343
12808,37,3,483.65000000000003,4,1,0,4,-0.07427110141321136,-0.19159024649114503,0.16419087048177938
12809,178,1,489.31,1,2,1,1,-0.8180832543698602,0.32674851997294146,-0.24294336414067516
12811,261,3,514.85,1,2,0,1,-0.5457573813739127,0.6344890223546077,0.2725852832882275
12812,45,1,229.64000000000001,4,4,1,4,-0.7651011454696711,-0.46579790308465463,-0.07134927664042577
12814,102,1,125.92,1,4,1,1,-1.2066425157744947,-0.30626812737873066,0.19144444691905144
12815,148,2,1063.46,0,3,2,0,-0.2617746660239173,0.558512324027549,-0.22893129985873875
12816,96,2,572.2,0,3,2,0,-0.3944970313741787,0.19492728202337928,-0.04185170510996257
12817,281,1,166.04,1,2,1,1,-1.357543705327989,0.19665450178542027,0.16348811959353388
12818,262,1,1542.08,0,3,1,0,-0.46686297383745473,0.8285938199327791,-0.6171138197193754
12820,3,4,942.34,3,1,0,3,0.8782418634065529,-0.8922240648902466,-0.05661020230055
12821,214,1,92.72,1,2,1,1,-1.5147240240726516,-0.08865074816150932,0.3468858329521161
12822,71,2,948.88,0,3,2,0,-0.1196561087932024,0.22046688051510996,-0.2382178973593292
12823,75,5,1759.5,0,0,0,0,0.4589208575878544,0.5598619369821171,0.057663420514872776
12824,60,1,397.12,4,4,1,4,-0.623309122315679,-0.1854304867457884,-0.2428311686122191
12826,3,7,1474.72,3,0,0,3,1.2913965712730464,-0.668772458131239,0.13139419725942164
12827,6,3,430.15000000000003,3,4,0,3,0.3143729676439137,-0.9339051068606704,0.09096309622901577
12828,3,6,1018.71,3,1,0,3,1.078823604517689,-0.8043646875096255,0.16260864417028176
12829,337,2,293.0,1,2,2,1,-0.9772613806985534,0.5185040482735794,0.27530975016535003
12830,38,6,6814.64,2,0,0,2,1.2395666553688174,0.7129763445269749,-0.3468308051878506
12831,262,1,215.05,1,2,1,1,-1.2386308993730482,0.24398355194109944,0.06899985259233823
12832,32,2,383.03,4,4,2,4,-0.2747485750051477,-0.375119879237976,0.02523173188930264
12833,145,1,417.38,1,2,1,1,-0.8280135609974306,0.19434425135023767,-0.20131599390257324
12834,283,1,312.38,1,2,1,1,-1.112371831204511,0.3867019222522066,-0.055610976577913224
12836,59,4,2610.36,0,0,0,0,0.5822888656201375,0.5431689758945915,-0.22937621330775826
12837,173,1,134.1,1,2,1,1,-1.316814415628222,-0.0683995917247024,0.20499630620317644
12838,34,2,671.95,4,1,2,4,-0.06966130332206254,-0.183708060059354,-0.16656468021093682
12839,3,14,5591.42,2,0,0,2,2.132022953094998,-0.1517191566862494,0.1267601543401211
12840,144,4,2726.77,0,3,0,0,0.37273937493056,0.9251913627322439,-0.18510795663984012
12841,5,25,3991.58,2,0,0,2,2.173530083110388,0.023448788241336626,0.6744733842878854
12842,70,2,1118.99,0,3,2,0,-0.051394476397892686,0.26360352242345225,-0.29665240038728735
12843,66,8,1702.26,0,0,0,0,0.6832087193677886,0.5752974597985411,0.3576084765548552
12844,29,2,325.96000000000004,4,4,2,4,-0.3134200205702653,-0.4628222931298605,0.07495184841507488
12845,267,4,354.09,1,3,0,1,-0.5854137321361936,0.5758284274722437,0.5678382239107651
12847,22,1,843.64,4,4,1,4,-0.07749059925935961,-0.36971819717545984,-0.571080584934178
12849,31,2,1010.29,0,1,2,0,0.11324931343970024,-0.10007127020449523,-0.3147515805851771
12851,97,1,131.81,1,4,1,1,-1.1760524953236215,-0.31359171676252257,0.17225878172766657
12852,295,1,311.55,1,2,1,1,-1.1240440224476584,0.403222422198323,-0.05189535338871286
12853,135,6,1957.1000000000001,0,3,0,0,0.4290879624913435,0.8645253800381878,0.17265018276456956
12854,79,3,1316.25,0,3,0,0,0.1269984986902971,0.4170863240618705,-0.13456196243253302
12856,8,6,2170.78,3,0,0,3,1.1672909977212096,-0.24038826792552445,-0.04656309684421668
12857,211,2,1106.4,0,3,2,0,-0.33683717709304795,0.7177614049860083,-0.21895854588157176
12863,52,1,521.2,4,4,1,4,-0.48069780658473193,-0.1635560581653573,-0.34698754791608005
12864,138,1,147.12,1,2,1,1,-1.2230057262766727,-0.13497031276814214,0.15774630228136588
12865,26,2,1568.23,0,1,2,0,0.32936443979416563,-0.04048448631103509,-0.47953527266315976
12866,283,1,559.12,1,2,1,1,-0.8844031651364179,0.5593870242811418,-0.25827866134783245
12867,26,7,4009.34,2,0,0,2,1.193315597836453,0.42715771160462845,-0.08875972243895858
12868,186,6,1607.0600000000002,0,3,0,0,0.26997124876927986,0.9391534599029537,0.26285085659739893
12871,84,2,380.64,4,4,2,4,-0.5202466182508643,0.01874237752460726,0.09119723507365277
12872,327,2,599.97,1,3,2,1,-0.6888853848667926,0.7185426911644166,0.023772842305995606
12873,282,1,374.0,1,2,1,1,-1.0409988513675934,0.43860492844188587,-0.1184949228909096
12875,143,2,343.2300000000001,1,2,2,1,-0.6961638291697594,0.20854699861029918,0.16274127320389442
12876,58,2,2218.02,0,3,2,0,0.2645713115744925,0.3894850541576657,-0.5477513884567247
12877,4,12,1535.77,2,0,0,2,1.495319791893451,-0.47001618026546904,0.4878107500066404
12878,236,2,854.99,0,3,2,0,-0.46655954781655207,0.6878119629407242,-0.12157556220694317
12879,45,3,573.22,0,1,0,0,-0.056778549441155415,-0.06125523940429907,0.11788852306375758
12881,276,1,298.0,1,2,1,1,-1.1244002277475091,0.36229622512118237,-0.040900647320056424
12882,9,2,1463.04,3,1,2,3,0.5572756687993717,-0.476537935097574,-0.5222835684618115
12883,25,4,703.47,3,1,0,3,0.2827915891263765,-0.19617703064545725,0.17147938622506687
12884,88,1,309.05,1,4,1,1,-0.8184954238858392,-0.10177870615243907,-0.1301100841592463
12885,63,3,1175.22,0,3,0,0,0.1398673337021893,0.29008521293960227,-0.11008660148454871
12886,68,2,1378.4,0,3,2,0,0.0377254824759832,0.31360080090558584,-0.3712824155536995
12888,214,2,354.12,1,2,2,1,-0.7869021996178186,0.38545078948432,0.17889455648382108
12890,24,1,376.71999999999997,4,4,1,4,-0.41481916293020554,-0.5741440656723886,-0.28461089653636107
12891,186,3,331.0,1,2,0,1,-0.6321178751982193,0.362402930483004,0.40364073172062476
12893,31,1,176.55,4,4,1,4,-0.7745711742451454,-0.6953709793398889,-0.0045190075282404985
12895,42,2,372.8,4,4,2,4,-0.35334217697892,-0.2724424451113459,0.0524992112360142
12897,205,2,216.5,1,2,2,1,-0.968368911855435,0.22178490604498,0.3471039950669209
12901,9,28,17654.54,2,0,-1,2,2.6810605519662936,0.70015336131466,0.27006928915991824
12902,265,1,138.68,1,2,1,1,-1.4127584694365112,0.11903369932367866,0.2219763765180221
12904,18,2,496.06,4,1,2,4,-0.03165745309007198,-0.5293040937259214,-0.10202213724492637
12906,12,5,2919.81,3,0,0,3,1.1112538808950467,-0.02812551545882315,-0.23805991906927854
12908,176,2,750.0,0,3,2,0,-0.4429396516057859,0.5268122940594395,-0.09558972762283766
12909,40,5,2178.67,0,0,0,0,0.7012981368484986,0.36524619972540795,-0.058478870880268374
12910,23,8,3075.04,2,0,0,2,1.1789710968035774,0.3216793062433205,0.08211013967701672
12912,3,5,1662.3,3,1,0,3,1.1929997773497036,-0.6885192198892974,-0.12102348397314266
12913,5,5,2483.63,3,0,0,3,1.246382201996517,-0.39960089525671416,-0.23374271580350778
12915,149,2,363.65,1,2,2,1,-0.6840282849816188,0.24275657730304556,0.1453821028799167
12916,139,4,2944.95,0,3,0,0,0.41195939555153016,0.9333952951007407,-0.214327058836925
12917,128,1,594.0,1,3,1,1,-0.6579673984725717,0.24728847249601482,-0.332564439048765
12919,8,6,1335.19,3,0,0,3,0.9766186090419081,-0.3848216300234149,0.12294761806974286
12920,17,1,162.78,4,4,1,4,-0.6584604665668865,-0.9600184428091709,-0.015135790986488179
12921,9,37,16587.09,2,0,-1,2,2.793159592488201,0.7335917174889068,0.48975726199589975
12922,161,1,405.38,1,2,1,1,-0.8661504880406348,0.2291837982024589,-0.18414928412105633
12923,64,1,172.82,4,4,1,4,-0.9649456811441587,-0.40529548175483926,0.05066627078444985
12924,88,4,933.7,0,3,0,0,0.07769382831236787,0.40257487839367384,0.1557535774511966
12925,5,2,694.05,3,1,2,3,0.3960574676859461,-0.911709454551159,-0.29673840910607774
12928,35,5,2062.7000000000003,0,0,0,0,0.7132444452249004,0.29459493569098566,-0.0481666904280999
12929,312,1,117.85,1,2,1,1,-1.5179489665048638,0.1390641840432209,0.2893039599662065
12930,78,2,415.8,4,4,2,4,-0.46684683897940416,0.014331154764626427,0.05550641805265921
12933,24,3,607.53,3,1,0,3,0.12264053372868533,-0.2990291769555898,0.056526674419605766
12935,2,7,2160.7,3,0,0,3,1.5151533619015525,-0.6755781964861773,-0.021225345323746064
12936,17,4,1063.9,3,1,0,3,0.5394523453770529,-0.22711080038361958,0.002490939869879527
12937,15,4,1504.27,3,0,0,3,0.7055676608247854,-0.1734603399983746,-0.1262304478205546
12938,26,1,114.14,4,4,1,4,-0.9009429131884977,-0.8952162494106272,0.13517344288821587
12939,64,8,11581.8,2,0,-1,2,1.4435073837677703,1.1326477765959377,-0.3134310625873654
12940,55,2,899.69,0,1,2,0,-0.07597171370992421,0.09954442463288277,-0.23660381895474653
12942,131,3,675.6,0,3,0,0,-0.26316837682243666,0.4284273067664753,0.13170042164525142
12944,36,2,604.51,4,1,2,4,-0.12538970590348797,-0.19186713770122088,-0.125965481499311
12945,288,1,462.95,1,2,1,1,-0.962833131838676,0.5106721191715123,-0.1913622529102116
12947,144,6,1603.99,0,3,0,0,0.33456544784412856,0.8321945389787648,0.24636838702950048
12948,16,7,2064.95,3,0,0,3,1.0517809200132797,0.036436081827846176,0.11152813458018396
12949,31,8,4167.22,2,0,0,2,1.2243461766367116,0.5323510640450918,-0.004532730531081719
12950,2,3,1843.0,3,1,0,3,1.1024998563586927,-0.8561530318770634,-0.47331755857639973
12951,9,6,1064.07,3,0,0,3,0.8605296839448583,-0.4081902547412872,0.20919422806208315
12952,6,4,1387.79,3,1,0,3,0.8863106488807336,-0.5431623430623217,-0.15385614824752247
12953,10,1,329.85,4,4,1,4,-0.2559324595196094,-0.9569101714163566,-0.2937231425063618
12955,1,11,4757.16,2,0,0,2,2.133906126258973,-0.5325773258548553,-0.026991106163759354
12956,306,1,108.07,1,2,1,1,-1.546686273270225,0.10543421372535916,0.31796721733812566
12957,10,8,4017.54,2,0,0,2,1.4842995040148046,0.07485901020934693,-0.06376153845326316
12962,7,2,266.39,4,4,2,4,-0.05283848822928709,-1.0754454858122047,0.056033348106727804
12963,8,8,1856.63,2,0,0,2,1.2329481317930977,-0.23851550762364282,0.1919925834761132
12965,89,1,769.8100000000001,0,3,1,0,-0.46386501076376213,0.1736993634510723,-0.4471804221052571
12966,10,1,160.18,4,4,1,4,-0.5382338206891337,-1.1707520129170894,-0.04275284793730498
12967,358,2,1660.9,0,3,2,0,-0.3127909877812664,1.058776259566927,-0.32511652100961796
12968,112,1,135.95,1,4,1,1,-1.2005878039128581,-0.24489755083497752,0.171147859795656
12970,7,4,405.47,3,1,0,3,0.3696884673978995,-0.8526688926168936,0.2839365184848892
12971,4,86,11189.91,2,0,-1,2,3.2352741618193717,0.4859576945604621,1.1869311472521473
12974,198,1,144.8,1,2,1,1,-1.3213801541399413,0.010414096838729639,0.18744725555632258
12976,212,1,738.6,1,2,1,1,-0.7013895680121693,0.521718524615113,-0.37467687211352063
12980,158,9,7374.900000000001,2,0,-1,2,1.0898015888701038,1.3928391171168986,-0.018475061785619903
12981,30,2,372.21999999999997,4,1,2,4,-0.2698966096361441,-0.4097589257357938,0.030981191111835144
12982,243,1,390.54,1,2,1,1,-0.9859655096275945,0.3894227020200077,-0.1435543012487825
12984,19,1,97.5,4,4,1,4,-0.8851257790856374,-1.0671481171188502,0.16941494481182567
12985,1,2,1239.38,3,1,2,3,0.9056333621297833,-1.1989714996583432,-0.5729327196568026
12987,74,2,558.7,0,1,2,0,-0.33777708461644507,0.080258319483704,-0.0508754452246009
12988,292,1,505.82,1,2,1,1,-0.9316707863931796,0.5427013573722238,-0.2212785296062803
12989,3,15,6924.110000000001,2,0,0,2,2.2485397592795953,-0.07574946487878094,0.09942662620354534
12990,31,3,409.5,4,1,0,4,-0.09530956715740421,-0.31284186658674906,0.21055446269739847
12991,23,2,503.76,4,1,2,4,-0.08563448319655678,-0.4270250981726997,-0.09163707695883824
12993,23,4,414.76,4,1,0,4,0.09634555904503261,-0.38646156520703395,0.35011603541024394
12994,4,3,974.4200000000001,3,1,0,3,0.7212910874133176,-0.8318671761570715,-0.21663671698802467
12995,85,1,211.32,1,4,1,1,-0.958322779603717,-0.22871060724414022,-0.0002824131083053738
12997,22,4,1226.89,3,1,0,3,0.5323906391005077,-0.0822414730949326,-0.03068465230382908
12999,196,3,455.88,1,2,0,1,-0.5201638054073867,0.47913304415120417,0.2957268830432877
13000,107,3,534.85,0,3,0,0,-0.3031730612404303,0.2751468271903068,0.19956405564162621
13001,4,13,9785.970000000001,2,0,0,2,2.2595264580159764,0.09475280033834807,-0.10402289680838467
13002,318,1,120.94999999999999,1,2,1,1,-1.512718819585941,0.1546623666006851,0.28159808850851664
13003,106,3,149.05,1,4,-1,1,-0.8004576273598197,-0.10724448628691104,0.6431550201764334
13004,12,18,5655.91,2,0,0,2,1.9531981076515414,0.3901181065380852,0.37531977416978435
13005,174,2,513.7,1,3,2,1,-0.5883351754545469,0.4097118675797981,0.03549819916003735
13006,56,1,81.57,4,4,1,4,-1.2234134716188603,-0.6815702309825163,0.3015872692732018
13008,323,1,229.46999999999997,1,2,1,1,-1.2668506697070234,0.35043723034666446,0.06051425402027483
13012,9,8,1646.8400000000001,3,0,0,3,1.1588409512016984,-0.23008317496281325,0.24091677057450606
13013,1,13,4810.9400000000005,2,0,0,2,2.2162120258665468,-0.49958862555513894,0.08196540797123436
13014,11,10,3466.2799999999997,2,0,0,2,1.5054283690720989,0.10597003303468613,0.14054044713903902
13015,53,5,3339.64,0,0,0,0,0.7981652042722466,0.6074033878034217,-0.18892399136988539
13016,73,3,789.89,0,1,0,0,-0.05323222461312141,0.23278525494472418,0.03821420946337151
13017,7,1,204.0,4,4,1,4,-0.3620245585046049,-1.2324325744843467,-0.148149062821687
13018,16,28,7277.7,2,0,-1,2,2.196912125213009,0.658598606402491,0.6150777636629755
13021,4,9,2616.38,2,0,0,2,1.5717750463831188,-0.362135118159051,0.10985966016221346
13023,64,2,689.9,0,1,2,0,-0.2183478190402293,0.0830288086624821,-0.13401719476898255
13026,1,5,975.36,3,1,0,3,1.1619334841250786,-1.1368335549865334,0.018160079931093698
13027,114,6,6912.0,0,0,-1,0,0.9673497980285949,1.169470343904785,-0.27887721904513896
13028,23,2,661.3199999999999,4,1,2,4,0.021008528117270053,-0.34624356092450426,-0.1864443703147149
13029,31,3,1247.5,0,1,0,0,0.3413350416973986,0.017914197967990948,-0.17762937620543223
13030,11,2,752.4399999999999,3,1,2,3,0.24966583585448227,-0.5978185927438908,-0.27815912149435673
13032,52,2,1010.18,0,1,2,0,-0.016404790915064,0.11092375068096602,-0.2806976204459739
13033,357,1,190.55,1,2,1,1,-1.3650959117300427,0.33717099789406924,0.13179423730617695
13034,55,2,642.77,0,1,2,0,-0.20779847015603076,-0.0003136711294526688,-0.11940778504155868
13035,74,2,921.88,0,3,2,0,-0.14146236061597506,0.22896572181450275,-0.2254022838715265
13037,138,3,881.07,0,3,0,0,-0.17234059568660964,0.5288950750796962,0.04263627175728946
13038,80,3,908.46,0,3,0,0,-0.021613809836973336,0.3121261581109179,-0.004442772314191379
13040,9,2,676.99,3,1,2,3,0.2550800994036149,-0.7054495378799105,-0.25362701379797076
13043,273,1,516.42,1,2,1,1,-0.906322809629884,0.5208154002658769,-0.2330221613137729
13044,291,1,560.47,1,2,1,1,-0.8905942473677512,0.5717214769535554,-0.2572459384934669
13045,99,1,305.28000000000003,1,4,1,1,-0.8532333034175865,-0.05667698861319197,-0.11798420998831563
13046,31,2,629.31,4,1,2,4,-0.07233773061847794,-0.24065250968440863,-0.14976181602108873
13047,32,10,3237.54,2,0,0,2,1.2187753760485878,0.5087718080960462,0.23255770733745545
13048,14,4,1819.41,3,0,0,3,0.7967665046518858,-0.14392885906147312,-0.19691987205086622
13049,64,2,656.6800000000001,0,1,2,0,-0.23769146257655493,0.06837609732589867,-0.11682039523447657
13050,15,17,5836.86,2,0,0,2,1.8848986533946892,0.4759263295789654,0.3387385938632355
13052,212,1,348.15000000000003,1,2,1,1,-0.9960423993098181,0.29852050747818376,-0.11272592876695112
13055,78,3,1214.41,0,3,0,0,0.09864313686752924,0.38789861990567764,-0.10732899397976464
13058,25,3,271.40000000000003,4,1,0,4,-0.20295813253592168,-0.5216328545783666,0.3396761960342274
13059,250,1,183.4,1,2,1,1,-1.2888155076628816,0.17734910996590966,0.12113149912089344
13060,254,1,307.53,1,2,1,1,-1.090825689163995,0.3370146104183728,-0.05742931248493949
13061,72,1,248.61,4,4,1,4,-0.8527059521175225,-0.2491418854062886,-0.06779892796385133
13062,191,1,346.98,1,2,1,1,-0.9706965116433852,0.25411004070097654,-0.11855225719552653
13064,13,4,1105.59,3,0,0,3,0.6190854383585405,-0.3208023009269874,-0.027853932484793245
13065,373,1,205.86,1,2,1,1,-1.346142853154968,0.3783225179720712,0.10790729138610478
13066,24,2,470.8,4,1,2,4,-0.12262915439108561,-0.43003140709463844,-0.06531872275460317
13067,82,1,115.46000000000001,1,4,1,1,-1.1849477255442222,-0.4221374319802024,0.2069056443149424
13068,10,2,344.0,4,4,2,4,-0.03460703679258709,-0.8664770752199782,-0.011431251322970987
13069,1,24,4431.44,2,0,0,2,2.476951937597721,-0.4125044073107594,0.5352142729699936
13070,192,1,228.8,1,2,1,1,-1.1349148994224438,0.13289899193154114,0.026604310985231444
13072,267,1,177.15,1,2,1,1,-1.3191857889752985,0.19450504017026699,0.13758315308612407
13075,130,1,919.61,0,3,1,0,-0.49058021727757783,0.38351175712951596,-0.48385051453310146
13077,1,4,728.02,3,1,0,3,0.955128187830857,-1.2587648426187352,-0.013398192123903058
13078,3,26,12627.94,2,0,0,2,2.748802276386204,0.20354558287035956,0.2728987784363264
13079,4,5,220.10000000000002,3,1,-1,3,0.34352976535934787,-1.1952392341119542,0.598252594863893
13080,179,1,58.08,1,2,1,1,-1.6502120536284437,-0.30017069538578617,0.495935377708967
13082,126,9,3613.63,0,0,0,0,0.8675479449336144,1.086769598804384,0.21528110694397878
13083,4,2,303.75,4,4,2,4,0.11923638889028487,-1.233132232264839,-0.021294698601174306
13085,158,2,416.08000000000004,1,2,2,1,-0.646261026850401,0.30707405047342007,0.1024277817931861
13090,9,14,8910.82,2,0,0,2,2.079560437036763,0.3700717193508801,0.025919044051598922
13091,28,1,345.82,4,4,1,4,-0.4864488685879899,-0.5374468872458721,-0.24481984103628843
13092,71,5,477.83,0,3,0,0,-0.03829625903828737,0.15008846106617554,0.5083995212890964
13093,276,8,7832.47,0,0,-1,0,0.9175899923788594,1.6226457473104023,-0.07920682005620938
13094,21,12,1927.3200000000002,2,0,0,2,1.2038182754302826,0.2171454513965547,0.508489231259381
13095,71,1,74.39999999999999,1,4,1,1,-1.31908405612532,-0.6108738902725622,0.3490385469733432
13097,33,10,6003.22,2,0,0,2,1.453444887511072,0.7048275745330784,0.019127898662180814
13099,99,1,207.35999999999999,1,2,1,1,-1.004457146221735,-0.17122827837703133,0.0164561349579172
13101,234,1,101.19,1,2,1,1,-1.5036085486815054,-0.025721094367343905,0.3226875059842871
13102,1,24,6424.09,2,0,0,2,2.6226910605861518,-0.30210776483820356,0.4056499291244171
13103,40,1,243.94,4,4,1,4,-0.7119278229228176,-0.49603738448324136,-0.10010026164119905
13104,3,6,1098.48,3,1,0,3,1.108390276283219,-0.7819680844213681,0.13632341376373885
13106,133,1,76.5,1,2,1,1,-1.4678687797429752,-0.34290334353390167,0.38132978783893945
13107,44,4,1531.6200000000001,0,3,0,0,0.4470010839791059,0.26438880497978173,-0.06279955473695678
13108,373,1,350.06,1,2,1,1,-1.1385160977783262,0.5355987263850414,-0.07667611884407811
13109,60,2,786.54,0,1,2,0,-0.15063978398830274,0.09539434379900631,-0.18398792207946807
13110,31,7,1488.67,3,0,0,3,0.7609186511222839,0.20373855170970737,0.2683018670630146
13113,1,24,12245.960000000001,2,0,0,2,2.875913623588222,-0.11029296466307886,0.18053113775593332
13115,12,4,2294.78,3,0,0,3,0.924602958399536,-0.13478996771497342,-0.2875357424536853
13116,138,1,501.14,1,2,1,1,-0.7437558370498285,0.22805903440439304,-0.26831429258491707
13117,22,8,984.91,3,0,0,3,0.7432448576622214,-0.03446293037109786,0.47632769441590705
13118,20,5,1197.81,3,0,0,3,0.6384799434889463,-0.0923523217227989,0.10505401641199355
13121,269,1,283.73,1,2,1,1,-1.1370218643410948,0.33704966618958737,-0.025560098270207665
13122,94,2,922.39,0,3,2,0,-0.20196953284995783,0.3279981151776056,-0.20965830178275618
13124,90,3,3756.33,0,3,0,0,0.5053621693777172,0.7826475964471331,-0.4916693705292756
13126,5,8,2099.64,2,0,0,2,1.3853654612873991,-0.371541567962444,0.12175263755026838
13127,78,1,259.17,4,4,1,4,-0.8567310353932311,-0.2037843529403748,-0.07693410539689732
13130,94,1,64.0,1,4,1,1,-1.4485571506859594,-0.5390658655277915,0.41952382207588923
13131,23,3,1073.3,3,1,0,3,0.3562451917413674,-0.14709180562413893,-0.14458101166227202
13132,262,1,77.3,1,2,1,1,-1.6370566490243306,-0.05782192166261009,0.4232065320770787
13133,274,2,109.8,1,2,2,1,-1.3073463971504475,0.14205483123865992,0.6019613100485389
13134,86,4,1793.58,0,3,0,0,0.3395944238791365,0.5870346770959003,-0.07342190572522833
13135,197,1,3096.0,0,3,-1,0,-0.12046457401607184,0.9170142106106942,-0.8793744913401047
13136,56,5,2607.61,0,0,0,0,0.6871805015522481,0.5564670870669828,-0.0989592286187818
13137,11,8,3603.29,2,0,0,2,1.4192405655997078,0.07890042721028566,-0.019928003035229166
13138,22,6,962.39,3,0,0,3,0.6071825360562565,-0.0896672612014344,0.3003633192930255
13139,16,7,5064.94,2,0,0,2,1.40388050705823,0.30314972349578456,-0.20149386684491608
13140,108,3,422.47,0,3,0,0,-0.39793631239898136,0.20901239560957538,0.28232659574618457
13141,85,5,2388.75,0,0,0,0,0.5471270501132921,0.7024320881562126,-0.04064947507987826
13142,19,1,307.09,4,4,1,4,-0.43748451719537035,-0.7280621439667647,-0.22854508943115737
13144,333,1,110.95,1,2,1,1,-1.5581088183351044,0.14843917105547658,0.3145546614972113
13145,40,4,618.52,0,1,0,0,0.11534481532874713,-0.04388778356402711,0.24703134012807426
13146,26,1,228.91,4,4,1,4,-0.6294776432175819,-0.6895826917346006,-0.10616339830737721
13147,10,4,712.8000000000001,3,1,0,3,0.508926724782508,-0.552038443588786,0.10889498918211638
13148,29,12,3683.26,2,0,0,2,1.3782914358141123,0.5393803997723806,0.30345905547288715
13149,14,4,1676.06,3,0,0,3,0.7645695667717376,-0.16831787531861067,-0.16829629421714112
13151,296,1,1257.8700000000001,0,3,1,0,-0.5780044806249245,0.818911474746338,-0.5378758354283604
13153,6,1,486.22,4,4,1,4,0.012112046068566723,-1.0308581228389992,-0.45926983870414284
13155,33,4,971.76,0,1,0,0,0.34055271630156847,0.011977098381653482,0.07695055554714095
13157,49,4,1741.22,0,0,0,0,0.47025378386275307,0.34657075061740733,-0.10042981350025948
13158,95,4,1201.06,0,3,0,0,0.15699778455710733,0.509045739126572,0.07306497146675742
13159,9,4,1429.35,3,0,0,3,0.8062621596019911,-0.3852173590437943,-0.140100229556519
13160,22,1,91.8,4,4,1,4,-0.944428124646737,-1.0264189517410682,0.19964033974738354
13161,313,1,112.75,1,2,1,1,-1.5359853716632048,0.12735650320071845,0.3048251924123634
13162,122,4,1688.29,0,3,0,0,0.2269074934926142,0.7138835628206849,-0.028976187419839622
13165,46,2,1021.48,0,1,2,0,0.018820597318008697,0.06397869645681728,-0.29267577197022787
13166,283,1,417.2,1,2,1,1,-0.999103510424179,0.47250209763576306,-0.1563082729487646
13167,19,4,791.33,3,1,0,3,0.3963258129678202,-0.2709602747632082,0.11277440269023797
13168,36,4,1299.59,0,3,0,0,0.43284271044368017,0.1337056499645791,-0.01870657337488764
13169,64,2,712.88,0,1,2,0,-0.20550359262391707,0.0927582446741887,-0.14543591153980884
13170,27,1,108.81,4,4,1,4,-0.9288909806494139,-0.8940995641663447,0.15416617353001844
13171,22,3,468.41,4,1,0,4,0.04216512724928945,-0.41108768527182504,0.14149120449783958
13173,4,2,353.65,3,4,2,3,0.17876286727183605,-1.1880412284438533,-0.07421466240221762
13174,16,3,2742.82,3,0,0,3,0.8129176753558893,-0.012493517179201198,-0.49506631977738447
13176,46,1,481.49,4,4,1,4,-0.4808820253450657,-0.2373237091170513,-0.3274860088681969
13177,65,1,282.45,4,4,1,4,-0.7769034873360794,-0.2534981053289107,-0.11896352813643025
13178,26,11,5725.47,2,0,0,2,1.5380374521706082,0.6110629754879443,0.08383082454646568
13182,45,1,121.18,4,4,1,4,-1.014514216914892,-0.6547270328318248,0.15038281756790245
13183,8,9,3957.78,2,0,0,2,1.5832064264712509,0.006737726312761046,0.005090086414356626
13184,15,10,1668.95,2,0,0,2,1.144738431525349,0.009049610884491213,0.41489568407368516
13185,268,1,71.4,1,2,1,1,-1.673604285006593,-0.07168273764057931,0.4520672418819973
13186,40,3,1575.89,0,1,0,0,0.36933592861529896,0.19100630269622995,-0.24241294142252928
13187,337,1,236.02,1,2,1,1,-1.2667165775993792,0.3764629955657678,0.05358628636214105
13188,11,1,114.60000000000001,4,4,1,4,-0.6910642877193585,-1.2331970812544986,0.07911093961999183
13189,19,2,260.68,4,4,2,4,-0.2966907557357707,-0.6986313705122789,0.12534069937529052
13192,95,2,911.94,0,3,2,0,-0.20912726367841872,0.32899330316103687,-0.20498037057398205
13193,61,1,112.08,4,4,1,4,-1.1215752016411396,-0.5528995567969626,0.19751791085145587
13194,136,1,60.7,1,2,1,1,-1.5630560052713198,-0.4014384228472378,0.4623889962199612
13196,11,4,1797.78,3,0,0,3,0.8493958728685619,-0.24081156903846246,-0.20779224265219973
13198,10,6,3401.2400000000002,2,0,0,2,1.2919538780264914,-0.022979636676023055,-0.1896891818308966
13199,4,38,9817.12,2,0,0,2,2.778466236792075,0.2927328347627135,0.6450748497851705
13200,19,4,870.09,3,1,0,3,0.43352694421994165,-0.242780607545497,0.07970201922751541
13203,10,4,869.46,3,1,0,3,0.5868165543719411,-0.4930372948710491,0.03964972095170591
13207,15,2,250.26000000000002,4,4,2,4,-0.2553201914675919,-0.8040425670664072,0.12447758034732359
13208,59,6,1217.65,0,3,0,0,0.45313679814848473,0.38125667473891495,0.28298111016710553
13209,30,8,5891.61,2,0,0,2,1.3684073491141882,0.6220200949226629,-0.12749525495932784
13210,94,1,353.48,1,4,1,1,-0.7826845910673399,-0.03467079720878054,-0.172447225249608
13211,10,3,1095.42,3,1,0,3,0.5646545775260116,-0.4673277661538417,-0.20429017447202671
13212,20,3,786.83,3,1,0,3,0.2687999734542213,-0.2951632309763234,-0.045348378085213206
13213,57,5,1520.58,0,0,0,0,0.47110040581841595,0.4034457079059665,0.09034005350706867
13216,268,1,333.74,1,2,1,1,-1.0725487195780086,0.383613788111306,-0.08228049092045947
13217,122,3,533.98,0,3,0,0,-0.3372192422342123,0.329057550414533,0.20889900518466842
13218,127,1,62.63999999999999,1,2,1,1,-1.5334479566211638,-0.4206527193241367,0.44700394484004913
13220,78,4,819.2900000000001,0,3,0,0,0.057056581036898535,0.3138999027692225,0.19328433708700044
13221,240,2,847.41,0,3,2,0,-0.47435055865651354,0.6921671298293137,-0.11734309434228808
13223,200,2,163.20000000000002,1,2,2,1,-1.0724088008023949,0.12791720118591246,0.4435519267991538
13224,60,2,2155.95,0,3,2,0,0.24487088943867485,0.3949916620281265,-0.5356030535260616
13225,3,7,6463.84,2,0,-1,2,1.871287462740598,-0.22950806497637669,-0.38413781167810923
13226,273,1,108.21000000000001,1,2,1,1,-1.516970185089046,0.05825312732890403,0.30985283957854215
13227,202,1,257.7,1,2,1,1,-1.1013898665204558,0.18925165346844916,-0.011330706881306246
13228,81,1,358.0,4,4,1,4,-0.7399086090053802,-0.0924509108528383,-0.1867900549671616
13229,226,1,160.95,1,2,1,1,-1.313959112703595,0.0967116953812866,0.15966095040034922
13230,4,14,2755.63,2,0,0,2,1.7970086352870274,-0.2687416060132275,0.38867713091569644
13232,13,7,1328.35,3,0,0,3,0.9285797958447114,-0.1758728809690131,0.2523061285367561
13233,74,2,605.12,0,1,2,0,-0.3064996728557944,0.10395079939441108,-0.07868155005671461
13235,212,1,1031.07,0,3,1,0,-0.5705863300502649,0.6208013103450594,-0.4909629821977446
13236,25,2,744.85,4,1,2,4,0.047072655893238,-0.27744749949776637,-0.2224990174210753
13238,17,4,700.73,3,1,0,3,0.3757237108131527,-0.35113440613775515,0.14804823890541613
13239,262,1,329.56,1,2,1,1,-1.071686923568978,0.37044276228815176,-0.07941593474393621
13240,96,4,663.65,0,3,0,0,-0.07826379965906766,0.33718692139614337,0.2805482366990532
13242,112,3,270.40000000000003,1,4,0,1,-0.5818364891533092,0.0917953240495182,0.44001591970075005
13243,203,1,585.12,1,2,1,1,-0.7816011638408431,0.4345014234521783,-0.2964187629941316
13244,93,1,121.74000000000001,1,4,1,1,-1.1963007593942292,-0.3544679755073675,0.19696721030985087
13245,51,1,430.5,4,4,1,4,-0.5506970253827184,-0.228253425480636,-0.2816912628390429
13246,18,6,1961.52,3,0,0,3,0.9355724870393122,0.042001963885391555,0.03917074960082073
13247,18,4,501.12,3,1,0,3,0.230443801072918,-0.42804915130490373,0.26850197334449843
13248,125,2,465.68,1,3,2,1,-0.5423950944459219,0.24319391260244666,0.047530956203113456
13249,92,3,711.41,0,1,0,0,-0.15296241517513803,0.2972930089840351,0.09009226140381568
13253,157,2,1030.4,0,3,2,0,-0.28922570451530427,0.5736600347498592,-0.2139666758914448
13255,9,2,399.51,4,4,2,4,0.04844301130896381,-0.8619760783735437,-0.06992343315223486
13258,12,3,672.83,3,1,0,3,0.33063603046473045,-0.5422197735497308,-0.023132155521185985
13259,62,1,283.18,4,4,1,4,-0.7639436449195589,-0.272189978125138,-0.1229974242185058
13260,61,1,557.62,4,4,1,4,-0.49452242485378195,-0.07791027601260889,-0.35994174661780165
13261,269,2,944.1,0,3,2,0,-0.4611719078857884,0.7717827788543627,-0.14734757689952332
13262,263,1,200.29,1,2,1,1,-1.2673840438501216,0.22452892710082178,0.09395101091516478
13263,1,35,7436.93,2,0,-1,2,2.86441146392809,-0.18845113138046637,0.6215795211418215
13265,53,5,2092.66,0,0,0,0,0.614745671365938,0.4684640269679079,-0.025861177883938505
13266,11,12,3834.2599999999998,2,0,0,2,1.6294379740489826,0.16809165735234805,0.2276669842377415
13267,3,19,4521.49,2,0,0,2,2.1940333664884664,-0.15953489262859055,0.4115258929892437
13268,18,11,3174.75,2,0,0,2,1.3968739358957056,0.2887849671951005,0.2658864484864433
13269,1,15,5343.28,2,0,0,2,2.3248759202125178,-0.44270698864645297,0.14312774026875036
13270,366,1,590.0,1,2,1,1,-0.929198243892247,0.6825771436853809,-0.25972187604550595
13271,37,1,211.49,4,4,1,4,-0.7481972882510741,-0.570077805612777,-0.055625871211678016
13272,31,2,276.56,4,4,2,4,-0.3942991544076565,-0.4845366463745305,0.13646689018667318
13273,113,1,138.98,1,4,1,1,-1.1942606164282323,-0.23470531543852813,0.164104781499249
13276,64,2,590.9300000000001,0,1,2,0,-0.2790390359798645,0.03705552132328836,-0.0800617602999719
13277,16,4,258.4,4,1,0,4,-0.0002524910608318609,-0.6709628846729948,0.4914968247483471
13278,41,1,542.73,4,4,1,4,-0.40508135112270005,-0.2488350307630885,-0.3767701497549952
13279,78,1,137.75,1,4,1,1,-1.1035135452191756,-0.3907208456753932,0.1424593786760182
13280,122,3,798.46,0,3,0,0,-0.1795281895730287,0.44850771866578276,0.06870921023176241
13282,18,3,1132.14,3,1,0,3,0.437188828093267,-0.22894373446165395,-0.17893980372528703
13283,60,2,93.66,4,4,2,4,-0.9823099325119253,-0.5345915526369707,0.5553797568242265
13284,331,1,201.19,1,2,1,1,-1.324506536106925,0.3217110334954135,0.10784530096698744
13285,23,4,2709.12,3,0,0,3,0.8322397752501097,0.1709745509034124,-0.3041053521435588
13291,156,1,361.11,1,2,1,1,-0.9033743333151635,0.18177436237216713,-0.14601069918143855
13292,39,2,578.9399999999999,4,1,2,4,-0.1623538585350557,-0.17209007952771885,-0.10565203538391643
13294,190,2,873.74,0,3,2,0,-0.4026219806473459,0.6040036513109582,-0.14368521340731666
13295,360,1,201.20000000000002,1,2,1,1,-1.3459991958419661,0.3567507166376584,0.11347379963536175
13296,137,1,87.4,1,2,1,1,-1.4237671422154055,-0.29147085019178365,0.3373884504104007
13297,8,4,2089.85,3,0,0,3,0.9823604562186196,-0.31639194141537585,-0.279696102849537
13298,1,1,360.0,3,4,-1,3,0.21622240224923023,-1.6439770032639158,-0.43908929836328414
13299,268,1,142.5,1,2,1,1,-1.4050479895355914,0.1317472866859683,0.21331652419680047
13300,169,1,371.89,1,2,1,1,-0.9122942870725873,0.2237698269041481,-0.15088507453346262
13301,104,4,618.09,0,3,0,0,-0.12649665334271415,0.3492172176830496,0.3106724510238978
13302,155,1,63.75,1,2,1,1,-1.5774780307058553,-0.3327716143964958,0.45430642411854116
13304,351,1,300.42,1,2,1,1,-1.1827882978405047,0.4649101395269654,-0.027559640669288912
13305,4,10,2000.86,2,0,0,2,1.5146941239710086,-0.4235252034453902,0.2732136659366293
13308,23,3,1385.51,3,1,0,3,0.4563933304637189,-0.07123010124362732,-0.2336142624109216
13309,7,5,1456.79,3,0,0,3,0.9631721036996271,-0.437830734280669,-0.028268259319733785
13310,28,3,1132.03,3,1,0,3,0.3285263668125642,-0.0521153931123238,-0.1503978941812674
13311,4,2,598.57,3,1,2,3,0.3848847463532544,-1.031904956150455,-0.2574602142333564
13313,22,5,1555.32,3,0,0,3,0.7175649726405438,0.023304470557255434,0.020103881595247786
13314,2,3,775.94,3,1,0,3,0.7632054275514252,-1.1131668314793801,-0.17167954170454747
13316,37,4,5732.93,2,0,0,2,1.0083760650814941,0.5860123480462252,-0.53465703833908
13317,66,6,2273.68,0,0,0,0,0.6697805466124381,0.6129878713543117,0.0726204384437458
13318,1,3,640.76,3,1,0,3,0.7923262845287918,-1.3395893410040312,-0.1323070086160997
13319,5,26,10845.550000000001,2,0,0,2,2.584921097354302,0.3278878356438979,0.35333026464886247
13320,78,4,1532.2,0,3,0,0,0.30258013108748216,0.4998827398944232,-0.02498991219241678
13321,72,2,567.36,0,1,2,0,-0.3248066177625347,0.07351938548613285,-0.05805600568980569
13322,17,1,199.48000000000002,4,4,1,4,-0.5790901532108919,-0.8998958351879351,-0.08569723227911606
13323,3,5,787.85,3,1,0,3,0.9001625785179784,-0.9103419046920391,0.13931333391220263
13324,36,10,7121.95,2,0,0,2,1.4987948599233838,0.7909992990245575,-0.03479882190545287
13325,82,1,675.3,0,3,1,0,-0.4944133667743611,0.10093882343395605,-0.4069901254842565
13327,39,8,3627.77,2,0,0,2,1.112618678331796,0.584467241848933,0.05887879558576231
13328,316,1,1308.48,0,3,1,0,-0.5792727017899717,0.8578887477869875,-0.5472377120964573
13329,32,2,789.0,0,1,2,0,0.0084042019770795,-0.16063309460088387,-0.22649548456078783
13330,93,3,1140.93,0,3,0,0,0.02950476401817667,0.44206536678154423,-0.07384534958023982
13332,14,1,350.9,4,4,1,4,-0.31139231847065474,-0.8088483126519078,-0.29433929295993083
13334,82,3,3502.32,0,3,0,0,0.5015224949610664,0.7233470692142577,-0.47344498598331575
13336,77,1,795.12,0,3,1,0,-0.41442238049552405,0.12345533327827382,-0.4681029658818258
13338,158,1,487.02,1,2,1,1,-0.7894851682560292,0.2758022766034488,-0.2492973614944355
13339,201,1,860.12,1,3,1,1,-0.6280517640849534,0.5447765223790138,-0.43134079289979915
13340,45,7,10736.48,2,0,-1,2,1.4430584215417905,0.9428555270062285,-0.39654224976390506
13341,261,1,775.85,1,3,1,1,-0.7352884572746595,0.6229282896131773,-0.37786623528360247
13343,178,1,353.43,1,2,1,1,-0.9454770600418511,0.2302483618163328,-0.12968829231488527
13344,68,3,2511.69,0,3,0,0,0.4185098017614678,0.5472546731008937,-0.3699116301956655
13345,288,1,389.5,1,2,1,1,-1.0304890536086049,0.4594231034396218,-0.1312150876765885
13347,70,1,341.36,4,4,1,4,-0.7215378381202329,-0.16680687383166667,-0.17993817310605392
13348,64,1,233.76,4,4,1,4,-0.846966670438397,-0.3159269827747561,-0.0542189020929502
13349,11,1,247.32,4,4,1,4,-0.3909257696957851,-1.0058436843967347,-0.18771686442542537
13350,16,2,979.12,3,1,2,3,0.26344339332852124,-0.37392917592336045,-0.34646910829409083
13351,66,1,373.94,4,4,1,4,-0.6709576923407967,-0.16402903504586983,-0.21557139914699341
13352,60,1,397.97999999999996,4,4,1,4,-0.6224620639984906,-0.18478884439006027,-0.24358421661206303
13354,71,1,743.53,0,3,1,0,-0.4201605816815478,0.07005605759211998,-0.45011838320070924
13355,122,1,674.7,1,3,1,1,-0.5958047505592854,0.2651884372521582,-0.38016205046117846
13356,80,1,768.24,0,3,1,0,-0.43760015423112686,0.12902671428586288,-0.4535720400649347
13357,257,1,609.4,1,2,1,1,-0.8259935783295991,0.5447912744984832,-0.2947517022310248
13358,269,1,439.03,1,2,1,1,-0.9661432506503542,0.46648934467125464,-0.17747383979752582
13359,64,1,439.56,4,4,1,4,-0.59986171095188,-0.12874623606617389,-0.2738990489221569
13362,9,4,3090.7400000000002,3,0,0,3,1.1088472946104533,-0.15601066229640853,-0.4091031141004906
13363,18,2,992.5,3,1,2,3,0.2401941550932305,-0.3233778868241291,-0.34370243911164156
13364,71,1,134.95999999999998,4,4,1,4,-1.0876535048604308,-0.43556642786080757,0.14329319249611294
13365,34,2,2225.37,0,1,2,0,0.40001050400059834,0.17206593891383107,-0.5841102115049406
13366,50,1,56.160000000000004,4,4,1,4,-1.3392192118866686,-0.8374549571922086,0.42244263567583706
13368,257,2,623.4,1,3,2,1,-0.6122061831282337,0.6295143532840646,-0.005758387502432877
13369,366,1,308.28000000000003,1,2,1,1,-1.183402932457322,0.49001838840459266,-0.03372995979788619
13370,372,1,754.87,1,3,1,1,-0.8367751727706384,0.7625251594372104,-0.3444975516283836
13372,90,1,378.64,1,4,1,1,-0.7447162932179366,-0.03227237349414793,-0.19927779071650592
13373,61,3,3312.25,0,3,0,0,0.5545594407976078,0.5847557967179844,-0.4736442300213344
13375,89,1,778.65,0,3,1,0,-0.459388662114467,0.17709017472594163,-0.4511599655777123
13376,99,3,1019.76,0,3,0,0,-0.030423437001320414,0.4345891985623518,-0.030527371787773802
13379,26,3,572.56,4,1,0,4,0.07963793944173847,-0.28443934472521604,0.08236942396595742
13381,32,6,3639.31,2,0,0,2,1.036290252311311,0.4566196571770467,-0.13922682175157428
13382,281,1,222.99,1,2,1,1,-1.2423813873171001,0.28388937041275597,0.06110703026859743
13384,31,7,4151.93,2,0,0,2,1.1633866022560593,0.5086059723233507,-0.08949839232005127
13385,330,1,534.57,1,2,1,1,-0.9413371272309846,0.6101112460460207,-0.2323127203622864
13388,131,2,677.1,0,3,2,0,-0.40766771225578213,0.3737581049127675,-0.07973138415542133
13389,11,3,797.96,3,1,0,3,0.4180621873698468,-0.525047523069989,-0.08797213414081961
13390,75,1,544.08,4,3,1,4,-0.5564553600032534,-5.249634483279683e-05,-0.33765257014290506
13391,204,1,59.8,1,2,1,1,-1.672355170373657,-0.2372434616924976,0.4946883182657196
13394,2,8,2520.02,2,0,0,2,1.6350325430166275,-0.6072018031214312,0.011359870983944836
13395,185,1,307.72,1,2,1,1,-1.0095333868223362,0.205234733160525,-0.07891557662428167
13396,29,2,1360.99,0,1,2,0,0.24669881658677012,-0.03853513028836626,-0.42300249715594546
13397,73,5,1544.13,0,0,0,0,0.41454738000460567,0.509906137139473,0.10140450520761371
13398,192,1,457.34,1,2,1,1,-0.8638960585047569,0.3381943818762951,-0.21433564784844591
13402,127,2,621.23,0,3,2,0,-0.4335166204378398,0.3353198758975539,-0.051798466875896135
13403,18,1,75.0,4,4,1,4,-0.9737473670130354,-1.1657126164917897,0.2564567986090185
13404,1,2,252.49,3,4,2,3,0.28231973810271555,-1.6711283912944461,-0.01879722706511054
13405,74,3,572.451,0,3,0,0,-0.1828805780409377,0.14280332545761584,0.1513131139497607
13410,24,5,1003.06,3,0,0,3,0.5241009476157729,-0.07214474354707967,0.17867576074245634
13411,107,1,213.55,1,2,1,1,-1.0127349114133843,-0.13033456518493097,0.011427972118998514
13414,134,3,1390.5,0,3,0,0,0.014111446191561738,0.6522374116092552,-0.11842275442878357
13416,44,2,712.5,0,1,2,0,-0.11125069412238645,-0.061198649116184264,-0.17004124996107395
13417,5,2,640.83,3,1,2,3,0.36478662963117214,-0.9353969549131869,-0.2689381484005863
13418,12,18,6127.43,2,0,0,2,1.9846261545103823,0.4139246917675135,0.34737975239583
13419,64,1,221.06,4,4,1,4,-0.8687988973570565,-0.33246478333302,-0.03480971328077105
13420,150,2,159.85,1,2,2,1,-1.007025740179036,0.002159630954719712,0.4314623881562655
13421,40,2,1833.71,0,3,2,0,0.283412209990985,0.180707831871207,-0.5059193803182189
13422,64,1,2626.3,0,3,1,0,0.10110528945776026,0.40223269218925334,-0.8970695991709494
13425,108,3,1624.21,0,3,0,0,0.1300110355074791,0.6089298194010595,-0.18702679621805005
13426,1,10,3641.32,2,0,0,2,1.985032652353103,-0.6287771310902159,0.002556511137850187
13427,19,3,582.6,3,1,0,3,0.16354149851013322,-0.40479609272621186,0.056081036628803566
13428,10,1,201.78,4,4,1,4,-0.4481038584254953,-1.1024790261167385,-0.12287978421948555
13429,11,4,1006.8,3,0,0,3,0.6219750585520699,-0.4130816761593092,-0.005611606598269425
13430,19,2,679.45,4,1,2,4,0.07844474988896177,-0.4144681379909569,-0.20816059144354687
13431,67,2,1269.1,0,3,2,0,0.009069290274159064,0.28294729098609334,-0.3434568733934405
13434,74,2,534.24,0,1,2,0,-0.35531855078430397,0.06697074831359837,-0.035280809360705684
13435,5,7,3809.8900000000003,2,0,0,2,1.5596607706520396,-0.21708228492056406,-0.17235826968762474
13436,2,1,196.89,4,4,1,4,-0.12392365737935962,-1.6531544986862343,-0.2019555956886548
13437,14,7,3408.06,2,0,0,2,1.2805414961019967,0.13301725238664258,-0.07169800141709269
13439,255,1,283.71,1,2,1,1,-1.1233718767069032,0.31475959644433466,-0.029125205922100772
13441,92,1,296.64,1,4,1,1,-0.8458240809502408,-0.09553807887179289,-0.11289054542302407
13447,23,3,1129.14,3,1,0,3,0.3761366920412421,-0.132024095582942,-0.16226486436846646
13448,17,6,3534.69,2,0,0,2,1.1805487149216112,0.19443616164752614,-0.16991456007370298
13449,24,1,291.88,4,4,1,4,-0.5146806206514571,-0.649788610656486,-0.19583250965020005
13450,27,6,2043.7199999999998,3,0,0,3,0.8520694749485153,0.21638342644554298,0.050993623328039056
13451,26,5,2898.2599999999998,3,0,0,3,0.9205949454471304,0.27536151601655506,-0.18620078603010368
13452,259,2,590.0,1,3,2,1,-0.6357704673251285,0.6163968340197329,0.013947729187215985
13453,166,2,356.97999999999996,1,2,2,1,-0.718853622535685,0.2821691428435632,0.15906253393505887
13455,25,2,1058.34,3,1,2,3,0.1848101612474745,-0.17311204157916443,-0.3449497989148329
13456,18,6,1766.72,3,0,0,3,0.894535550117271,0.010916693433262965,0.07565322387890902
13458,7,14,9646.57,2,0,0,2,2.1680222434949408,0.30033189861565585,-0.0168089206685208
13460,29,2,183.44,4,4,2,4,-0.5381615524587404,-0.6330628574743846,0.27475056077792787
13461,39,3,1445.0,0,1,0,0,0.34166301736131566,0.15491182588054458,-0.21383690680700532
13462,253,1,151.5,1,2,1,1,-1.3664300540085086,0.1258377277509563,0.18821968327374095
13464,58,1,674.68,4,4,1,4,-0.40709873468713015,-0.04208179785068929,-0.4296799149087698
13466,184,1,307.9,1,2,1,1,-1.0079197624184255,0.203153368617826,-0.07948243252100856
13467,11,2,1071.91,3,1,2,3,0.3884254027163002,-0.49270892844526015,-0.40151853154223377
13468,2,37,5704.97,2,0,-1,2,2.6835178529076953,-0.08729267176669578,0.7810152927322005
13470,99,2,165.0,1,4,2,1,-0.888790656113997,-0.16083128483600465,0.39268045825377684
13471,1,4,2501.84,3,1,0,3,1.4393336532774526,-0.8919816717305129,-0.44386437121577377
13473,61,2,422.64,4,4,2,4,-0.3982110602475839,-0.08217469133826365,0.03348958385796871
13474,236,1,226.84,1,2,1,1,-1.1910332619637107,0.21624660177939564,0.04343919219753453
13475,191,4,1431.78,0,3,0,0,0.047864962045075204,0.8511599589934118,0.05852059891810524
13476,179,2,1238.47,0,3,2,0,-0.25057525775272194,0.6828272572161671,-0.2693098424700484
13477,38,6,1454.58,0,0,0,0,0.6335383503457828,0.2539129938905923,0.19193777034686954
13479,201,2,300.95,1,2,2,1,-0.8345501287378496,0.3111352813064295,0.23129308989698127
13481,46,5,1804.56,0,0,0,0,0.5922956749146191,0.3663750525748571,0.01644356596868876
13482,232,1,184.64,1,2,1,1,-1.2670688723079206,0.14821860432037232,0.11377574765885601
13483,66,1,140.34,4,4,1,4,-1.0539307857589426,-0.45412920035321797,0.12489762894762196
13484,241,1,313.8,1,2,1,1,-1.069486586504154,0.32111201078498275,-0.0679780309789353
13485,233,1,454.24,1,2,1,1,-0.9160435554828814,0.4167430378089488,-0.19898052447454495
13486,78,3,1122.41,0,3,0,0,0.0677442611382818,0.36449287910842826,-0.07985941355870127
13487,58,3,575.4,0,1,0,0,-0.11922800168118367,0.043970723668544404,0.1333461211600152
13488,17,13,8968.31,2,0,0,2,1.8962299915703813,0.6045529883724092,0.012781258269661172
13489,105,4,449.52,0,3,0,0,-0.2537036035054043,0.258667465609185,0.42223575905838195
13491,52,10,1215.82,0,0,0,0,0.7128064120194161,0.41585242889878743,0.6061142588026407
13492,136,3,1269.84,0,3,0,0,-0.02527244139050641,0.6314166941762,-0.08577688705143369
13493,275,2,618.63,1,3,2,1,-0.6325409915211153,0.655440917653432,0.0014645964380290144
13494,312,1,316.26000000000005,1,2,1,1,-1.1325178067757449,0.43102632204631436,-0.05335032725567439
13495,8,5,2044.8700000000001,3,0,0,3,1.06595232224735,-0.28779419888702656,-0.13859917763152985
13496,11,2,653.33,3,1,2,3,0.19430121408050788,-0.6397570114078683,-0.2289391128562306
13497,283,2,348.05,1,2,2,1,-0.8651696172332821,0.496736555858347,0.20367604529079997
13499,18,5,1159.11,3,0,0,3,0.6513081574050417,-0.14396921728012305,0.1097584164238036
13500,23,3,1166.77,3,1,0,3,0.3889945175906804,-0.12228435829724071,-0.1736956709798531
13501,288,1,1340.32,0,3,1,0,-0.5460867962855367,0.8263553431707391,-0.5618562178030646
13502,17,3,292.0,4,1,0,4,-0.0798787544535016,-0.6537538370857653,0.28944366955466494
13503,71,1,216.85,4,4,1,4,-0.9025862914891942,-0.2953789574753953,-0.021234434513670866
13504,64,1,295.93,4,4,1,4,-0.7547433012629055,-0.24606825091392648,-0.13620690963296708
13505,73,4,4393.63,0,0,0,0,0.7327436613419678,0.7856608673373808,-0.39688832328579565
13506,316,2,458.52,1,2,2,1,-0.7854689965293461,0.6244763231335017,0.11512762585568287
13507,3,4,2479.16,3,1,0,3,1.2577031473082898,-0.6047840773832375,-0.39395717719233203
13508,244,1,110.97,1,2,1,1,-1.4784353573806381,0.018885771639941578,0.2936007406041897
13509,9,7,979.72,3,0,0,3,0.8956154203702359,-0.40704369724839945,0.3357686855108162
13510,1,4,1791.56,3,1,0,3,1.3083070343454803,-0.9912336674061626,-0.3273796719797769
13512,261,1,251.21,1,2,1,1,-1.176903966216634,0.2884067935913227,0.014736811000951477
13513,127,1,205.1,1,2,1,1,-1.0721522015327982,-0.0712235372050666,0.03690485407278615
13514,74,1,152.20000000000002,4,4,1,4,-1.0512756662527938,-0.3829934347679618,0.10438224592038234
13515,73,4,891.12,0,3,0,0,0.1068041457542302,0.31151487623470575,0.159581627686676
13516,21,3,1389.41,3,1,0,3,0.47984762299426564,-0.10678682534078464,-0.24046062146597447
13517,60,3,2128.42,0,3,0,0,0.3851969892975462,0.4464996592154281,-0.3204611764841706
13518,86,1,627.16,4,3,1,4,-0.5354909554008649,0.0986671686669213,-0.37804723812920815
13519,78,1,122.75,1,4,1,1,-1.1484255894991782,-0.42474149019021323,0.182386883580545
13520,59,6,3624.35,0,0,0,0,0.8811000999163493,0.7054366934452985,-0.0974849119039991
13521,1,3,1071.73,3,1,0,3,0.9939991071861244,-1.1868232062640816,-0.3115972801868764
13522,30,1,125.80000000000001,4,4,1,4,-0.8985647798494557,-0.808752075924004,0.11082332898051259
13523,33,5,3964.88,2,0,0,2,0.9843532783044168,0.46493007134720554,-0.27998675068987733
13524,41,5,680.1800000000001,0,1,0,0,0.2385294941471447,0.029469028834049334,0.34905103087249645
13525,15,2,628.78,4,1,2,4,0.10538914805327043,-0.5308070818030749,-0.1961986247489683
13527,34,7,2242.36,2,0,0,2,0.8986176954083006,0.362961945161624,0.13146179930114427
13529,79,2,307.76,4,4,2,4,-0.5878603583866974,-0.06962730690995564,0.16106470489691205
13531,205,2,483.8,1,3,2,1,-0.6537235051742298,0.46012719708356636,0.06737934169494297
13532,34,1,210.31,4,4,1,4,-0.7292577911547328,-0.606129253126435,-0.059226787623618174
13533,183,3,269.09,1,2,0,1,-0.7089781918068974,0.29427041017317135,0.4745738411349658
13534,2,25,5870.08,2,0,0,2,2.502955718750704,-0.15179474905574988,0.4931740245456001
13536,1,7,3444.39,2,0,0,2,1.802295253517313,-0.7065510880408142,-0.21123751941467397
13538,43,7,1280.85,0,0,0,0,0.6201325036944545,0.2922519420663219,0.3422063827638999
13539,86,3,631.34,0,1,0,0,-0.18263317658080755,0.2339470459913462,0.12720430488162077
13544,40,2,276.06,4,4,2,4,-0.4586716127633818,-0.3814168796366602,0.1538046635901485
13546,12,3,621.09,3,1,0,3,0.2992738209726419,-0.5659764873095792,0.004749335811189637
13548,96,2,678.16,0,3,2,0,-0.3279115109667232,0.24536547418166788,-0.10104726690768968
13549,26,7,918.2,3,0,0,3,0.6150360073866213,-0.010886129246080083,0.4253398148683214
13551,319,1,91.80000000000001,1,2,1,1,-1.620754174565203,0.07474423021864426,0.3771394266937993
13552,66,12,3740.07,2,0,0,2,1.1778947239319355,0.879987350758715,0.35228868342189024
13555,74,4,4098.88,0,0,0,0,0.7020423360484402,0.7706308070853449,-0.37175486358053494
13557,28,2,584.06,4,1,2,4,-0.07629434573153276,-0.3039767106283464,-0.1303999526174744
13558,6,4,594.52,3,1,0,3,0.5539157608986188,-0.7949497756735341,0.14164806967236498
13560,7,1,171.42000000000002,4,4,1,4,-0.4299661797604457,-1.283898006119902,-0.0877479063078217
13561,216,1,141.85999999999999,1,2,1,1,-1.3516207848126705,0.04057352143808732,0.20039419011163573
13562,82,3,1799.33,0,3,0,0,0.24018430437467764,0.5253847225293496,-0.2411112756466373
13563,84,2,777.53,0,3,2,0,-0.24038441100874702,0.23073657236370293,-0.15760461377086146
13564,144,3,1724.67,0,3,0,0,0.08024515404259641,0.7461255951367296,-0.18871828851604983
13565,19,2,240.22,4,4,2,4,-0.32864961576403273,-0.7228400440106817,0.15375262230104525
13566,41,2,856.84,0,1,2,0,-0.021205726805301306,-0.03527098578064414,-0.23898791239115652
13568,173,1,187.05,1,2,1,1,-1.187000265635445,0.029933964912446955,0.08958951068526627
13569,17,2,338.62,4,1,2,4,-0.16728519859405577,-0.6651754649282372,0.027255396671474252
13570,243,1,239.49,1,2,1,1,-1.1772990919636999,0.2444884890988207,0.02654422509523091
13571,13,12,2088.94,2,0,0,2,1.3515202007024874,0.05203860906702949,0.44992895803163624
13572,206,1,1384.25,0,3,1,0,-0.44771265764161927,0.6963668547039868,-0.5956005729334919
13573,50,2,290.25,4,4,2,4,-0.49512987709224077,-0.2752813733659358,0.15108773673738224
13575,23,5,732.0699999999999,3,1,0,3,0.4111038395793968,-0.18275644251511008,0.2857024278323691
13576,10,18,6717.34,2,0,0,2,2.0636158933548088,0.3713831675027165,0.3040447517389374
13577,25,4,1687.6000000000001,3,0,0,3,0.6259644495353909,0.06377466111726639,-0.13360661657757866
13579,15,2,467.04,4,1,2,4,-0.011126959665813646,-0.6190674392307687,-0.0926139953474176
13581,309,1,118.0,1,2,1,1,-1.514979836632968,0.135411179170469,0.2882144928181746
13583,156,1,781.03,1,3,1,1,-0.6011306401789613,0.4107224186424858,-0.4147100365979563
13584,307,1,142.4,1,2,1,1,-1.4401004967223492,0.18816534260458054,0.22268737690079332
13587,64,1,712.4,4,3,1,4,-0.4106532279488785,0.014578224947051455,-0.44210832895361984
13588,16,9,2478.95,2,0,0,2,1.2362365822739028,0.13366319220171982,0.21118642304856017
13589,15,2,379.65,4,1,2,4,-0.09225709168411068,-0.6805231005145694,-0.020488047931842182
13590,11,6,1981.92,3,0,0,3,1.057677552650068,-0.14711952738058404,0.004581238751100863
13591,65,3,1117.13,0,3,0,0,0.11208055578272674,0.28789468324608,-0.09033656079126917
13592,36,4,247.95999999999998,4,4,0,4,-0.2161565345149756,-0.35790796854434326,0.5582638351544527
13593,108,5,2011.88,0,3,0,0,0.4188751478255044,0.7505231285516133,0.03522215095954348
13594,53,1,396.97,4,4,1,4,-0.5921457411441978,-0.23652218988566664,-0.2509171857908162
13596,6,2,664.11,3,1,2,3,0.339174313773279,-0.8603299057730879,-0.2709796449299189
13598,47,1,160.04,4,4,1,4,-0.9170407969669485,-0.5548095818488771,0.056877272576661614
13599,1,21,5149.92,2,0,0,2,2.4713276601852434,-0.39241923324727296,0.3891802851117073
13600,312,1,219.52,1,2,1,1,-1.2753021170244727,0.3228679351561272,0.07358714217240883
13601,45,2,693.32,0,1,2,0,-0.12759353014572422,-0.06010891830155628,-0.15904981849997513
13602,65,1,428.89,4,4,1,4,-0.6134079664604206,-0.1296510820048635,-0.26431358548257633
13603,26,1,164.34,4,4,1,4,-0.758895836803176,-0.7876163134124736,0.008891385814854325
13606,29,3,276.75,4,1,0,4,-0.23208309191275708,-0.4559982923145299,0.3425360148297769
13607,40,1,675.51,4,4,1,4,-0.3131206351300153,-0.19394297343246,-0.45464604555795685
13610,12,7,1082.33,3,0,0,3,0.8672807979202043,-0.2677221895488196,0.31872990015347713
13611,89,3,1154.4,0,3,0,0,0.04527868906898541,0.4273650289684292,-0.08086949018839082
13614,24,4,1585.46,3,0,0,3,0.6115463806085614,0.02881739573509291,-0.1144759797265103
13615,319,1,417.69,1,2,1,1,-1.029301875523239,0.5227663306541606,-0.14867085314034548
13617,40,3,544.18,0,1,0,0,-0.04759142126038854,-0.1248140387292513,0.12824194801444538
13618,174,1,177.34,1,2,1,1,-1.2092839424040265,0.01656612599913364,0.10847766763528663
13621,117,1,213.85,1,2,1,1,-1.0349341805127759,-0.09288217003937768,0.01691040076176295
13623,31,5,727.74,3,1,0,3,0.33487791679883017,-0.06419682409347437,0.30716473756184354
13626,253,1,257.23,1,2,1,1,-1.1596782381787984,0.28245117391884705,0.004414107889673752
13627,59,5,1638.47,0,0,0,0,0.491685427649321,0.43981466394569035,0.06658304263439904
13629,23,11,7792.36,2,0,0,2,1.6892677417743398,0.6534381047019887,-0.03165754398578759
13630,5,7,2031.78,3,0,0,3,1.3129579754551388,-0.4039583942305836,0.046964346842004095
13631,100,11,3070.42,2,0,-1,2,0.954593018703595,0.9776041339305319,0.39017736834415373
13632,25,5,2118.93,3,0,0,3,0.80739245058895,0.1664827770152299,-0.07948753491284608
13634,33,5,1547.3600000000001,0,0,0,0,0.6151455062701047,0.18525706679237233,0.04824469290204092
13635,68,1,1071.03,0,3,1,0,-0.26612041924078944,0.16065886268455293,-0.5802123192700845
13636,37,5,949.12,0,0,0,0,0.39486550811669796,0.08655856000458624,0.22617476778312667
13637,52,3,804.3,0,1,0,0,0.0395960460423323,0.09855579123390937,0.00941072499097284
13638,16,1,122.64,4,4,1,4,-0.7541435463917119,-1.0675263107364148,0.07912785605582828
13639,74,1,1033.34,0,3,1,0,-0.3015893057745045,0.18489016029692126,-0.5621005721013674
13642,216,1,312.28,1,2,1,1,-1.043376082270156,0.27406731173176563,-0.07364013787019304
13643,31,3,519.44,4,1,0,4,-0.002157429631621105,-0.24227959743679287,0.12774076566905102
13644,16,4,2624.26,3,0,0,3,0.9083348644989379,0.01728740385645691,-0.3162514458298552
13645,120,1,252.1,1,4,1,1,-0.9770658873982346,-0.033661557339142244,-0.03857632116229942
13647,10,4,1648.1200000000001,3,0,0,3,0.837647759255964,-0.3030339362757046,-0.18334311590908386
13649,257,2,346.6,1,2,2,1,-0.842139283044306,0.45534120263284167,0.19865570946842748
13650,17,6,1836.34,3,0,0,3,0.9235880754564968,-0.00021021238617393787,0.058527439327378444
13651,35,2,94.2,4,4,-1,4,-0.8446088950091821,-0.7534629345749833,0.5178415357298046
13652,46,3,1095.08,0,1,0,0,0.19147521240988108,0.13997537907506868,-0.10627444707230711
13654,43,6,2707.33,0,0,0,0,0.8462977896690936,0.48900170180167624,-0.01662429114999707
13655,114,2,932.97,0,3,2,0,-0.24657599590744234,0.41129343505116805,-0.20075366036499576
13656,165,2,379.65,1,2,2,1,-0.6932068167742867,0.2979157923210513,0.13722882178959628
13657,11,2,382.14,4,4,2,4,-0.01579722342765627,-0.7989055064312164,-0.04215833882284345
13658,10,5,2639.17,3,0,0,3,1.1145123683773663,-0.12803307644174597,-0.2140686610652437
13659,206,2,1563.0,0,3,2,0,-0.19518455081383088,0.8104358249897807,-0.3410483525319644
13662,86,3,881.26,0,3,0,0,-0.05188988163189935,0.33298442519462507,0.01097148506693954
13663,179,1,189.47,1,2,1,1,-1.1906894729877076,0.04791531613144091,0.08741266656523944
13666,60,3,84.65,4,4,-1,4,-0.8762052666773101,-0.5090061172121264,0.8009450202148841
13667,149,1,299.05,1,2,1,1,-0.9654572089466995,0.1067953854143838,-0.08347684222111722
13668,3,21,6309.83,2,0,0,2,2.3729947377191136,-0.042124144169346664,0.36503463368644073
13669,51,2,218.55,4,4,2,4,-0.6110540982959111,-0.35119338330242,0.25102074184610157
13670,75,1,349.7,4,4,1,4,-0.729571471501641,-0.1311870680057568,-0.1837496583134798
13672,301,2,186.39000000000001,1,2,2,1,-1.1251323503821917,0.3374762524070265,0.4248958522390459
13673,19,2,387.44,4,1,2,4,-0.1416261927518852,-0.581170754797897,-0.01251410546186385
13675,151,2,486.82000000000005,1,3,2,1,-0.5731946977821385,0.3348295341715973,0.044717443840876475
13678,152,1,232.6,1,2,1,1,-1.0688152461525373,0.040637854521802325,0.005222736476273276
13680,1,4,3719.12,3,1,-1,3,1.5949138353380397,-0.7741304771949097,-0.582177569420318
13681,18,4,827.83,3,1,0,3,0.42718155648391565,-0.2790213048378631,0.09359905320341264
13682,187,1,59.5,1,2,1,1,-1.6520591272790806,-0.27492083865649647,0.49057833112113536
13684,286,1,65.13,1,2,1,1,-1.7258016292459732,-0.0715284117820033,0.4880463350931059
13685,3,7,3119.44,2,0,0,2,1.5853507148660815,-0.4461036933676231,-0.1299356018662617
13686,183,1,72.0,1,2,1,1,-1.572806939287989,-0.22806737023473525,0.4235834252750178
13689,63,1,910.0,0,3,1,0,-0.3106912023907466,0.0807975102023119,-0.528480653866171
13690,59,1,172.25,4,4,1,4,-0.9456735370599147,-0.43974954843808123,0.04641626807869839
13692,25,3,1488.32,3,1,0,3,0.46391099471278363,-0.016482891361524896,-0.25318081539234427
13695,31,15,2504.13,2,0,0,2,1.3152160841569733,0.4916079398677696,0.5944704288700224
13697,39,1,151.29999999999998,4,4,1,4,-0.8921102760684547,-0.6476570615651771,0.06405912437784719
13699,155,1,308.58000000000004,1,2,1,1,-0.963258213605756,0.13249676486595527,-0.09174453287700501
13700,26,10,2248.63,2,0,0,2,1.1272949705256115,0.31649873228135855,0.3461840568777846
13703,318,1,99.5,1,2,1,1,-1.5886593918335912,0.09713777037918415,0.3491104366877044
13704,5,9,2308.06,2,0,0,2,1.47574002995084,-0.3231489312148904,0.16589080923133553
13705,8,3,711.86,3,1,0,3,0.4472014585668297,-0.6792750399495793,-0.06757367929854215
13706,303,1,330.79,1,2,1,1,-1.1074444148611966,0.43213965715020786,-0.07094503629175278
13707,267,2,806.41,0,3,2,0,-0.5210729427992371,0.721851668323503,-0.09289793339886106
13708,271,1,285.33,1,2,1,1,-1.1367179643982142,0.34180262415143536,-0.027018131400754333
13709,4,13,6307.650000000001,2,0,0,2,2.0871448958931254,-0.035825353916413935,0.04922698921772814
13710,32,1,180.48,4,4,1,4,-0.7738816384974474,-0.6759908466444283,-0.010084851957443602
13711,219,2,252.06,1,2,2,1,-0.925815949049692,0.2943130120551645,0.2986907711896328
13712,247,1,228.84,1,2,1,1,-1.1992568210128307,0.2378205654654344,0.043447783505369014
13715,281,5,1077.39,0,3,0,0,-0.07029732051612549,0.962509200390392,0.31710730911205565
13716,269,1,138.28,1,2,1,1,-1.4177183617899765,0.12442350077329925,0.22398344752567906
13717,32,6,1445.01,3,0,0,3,0.6738621182951854,0.18208219384848018,0.18297741834601167
13718,246,2,306.55,1,2,2,1,-0.8790007862785003,0.40071700931603177,0.23843914613134548
13719,15,5,1041.68,3,0,0,3,0.6535600326044335,-0.24757852287918006,0.1354165338127707
13720,117,4,799.9,0,3,0,0,-0.055404533382069646,0.4746013386768914,0.22868315689778762
13721,36,1,524.14,4,4,1,4,-0.38617717986783595,-0.31219253647462625,-0.37317499623824846
13722,132,3,2375.41,0,3,0,0,0.22804295206482184,0.8051425417579894,-0.30620883544319666
13723,217,1,199.85000000000002,1,2,1,1,-1.2190619491332182,0.14380378023048002,0.08180730447056717
13725,50,8,1980.56,0,0,0,0,0.812712361747959,0.5061745796377173,0.2863968921456227
13726,39,2,1079.6599999999999,0,1,2,0,0.08197169945655314,0.012985284721923975,-0.32286125111660646
13727,29,2,333.48,4,4,2,4,-0.304493676990089,-0.4560606333874306,0.06701619033514031
13728,37,6,1016.14,0,0,0,0,0.49951645064175954,0.13647351636659255,0.31526619171831655
13730,136,2,752.6,0,3,2,0,-0.3757777839888392,0.42069899241490594,-0.11406615295430914
13731,219,2,610.59,1,3,2,1,-0.5794138776575029,0.556710814670403,-0.009266050330696246
13732,28,1,491.86,4,4,1,4,-0.34849844263756113,-0.43295014306143503,-0.36745991224698116
13735,25,4,2883.54,3,0,0,3,0.8361627150009637,0.22299877530928258,-0.3204761392155538
13736,5,2,729.8,3,1,2,3,0.4157463352133657,-0.8967952378017786,-0.3142421181304219
13737,200,1,339.59999999999997,1,2,1,1,-0.9908790054342121,0.2668953882978489,-0.10798295698704746
13739,18,1,216.9,4,4,1,4,-0.5602709107935571,-0.8525063094131842,-0.11113019277093905
13740,241,1,350.75,1,2,1,1,-1.0259198863014225,0.3541135640218016,-0.10670950410391052
13741,72,3,668.4300000000001,0,1,0,0,-0.1151883167877997,0.17751587166572563,0.09548402836648384
13742,17,12,3107.87,2,0,0,2,1.442853940392658,0.27523661352024026,0.3282816608148054
13743,3,7,1341.6,3,0,0,3,1.2542854740682814,-0.6968839250172029,0.16438653905570422
13744,95,2,1080.52,0,3,2,0,-0.14260826810809554,0.3793811030944387,-0.2641167907582855
13745,162,1,300.04,1,2,1,1,-0.9855148654102454,0.1425371679392388,-0.07902299102069116
13747,374,1,79.6,1,2,1,1,-1.7168264214797935,0.09916800292024013,0.4370209555420639
13748,96,5,948.25,0,3,0,0,0.15377531010725015,0.4782326940545747,0.2896732566650184
13750,54,5,1647.26,0,0,0,0,0.5161361348231799,0.4050127188596632,0.05885085548588964
13751,288,1,296.25,1,2,1,1,-1.1375986838350585,0.3782881047446171,-0.03599296286021761
13752,124,6,1175.38,0,3,0,0,0.25073547407481617,0.6777374461470158,0.3447834010212441
13753,288,1,741.26,1,3,1,1,-0.7783638656548322,0.6504066476116838,-0.35535829558354365
13754,152,2,282.59999999999997,1,2,2,1,-0.7877923461913925,0.17629148529798686,0.23444264322286118
13755,4,9,2108.06,2,0,0,2,1.487010656617922,-0.42634371115336755,0.1852165191593012
13756,2,14,5189.52,2,0,0,2,2.1766474734310925,-0.2942166763094087,0.13339198219265358
13758,12,7,3190.55,2,0,0,2,1.291420607018301,0.05356155295797199,-0.05833697755063305
13759,33,2,659.4100000000001,4,1,2,4,-0.06959890265463656,-0.20142524039295312,-0.16195448133581017
13760,54,2,286.79,4,4,2,4,-0.5192177906846038,-0.2472545092172634,0.1603489868898647
13761,50,2,1070.65,0,1,2,0,0.016276553091064183,0.1121063896000464,-0.3035605224700535
13762,219,1,306.72,1,2,1,1,-1.0539325883051571,0.27448509402380233,-0.06646517614768031
13763,63,1,1714.96,0,3,1,0,-0.06213295813660111,0.26907911271140167,-0.7494527934251096
13764,71,3,1519.42,0,3,0,0,0.21037157755150704,0.41567286208932286,-0.19172367700364984
13767,2,37,17220.36,2,0,0,2,3.117145814400793,0.24117829779483235,0.3955133001861909
13769,2,10,2796.51,2,0,0,2,1.777284872056692,-0.5376636050784589,0.12198608717711612
13771,64,4,2634.45,0,0,0,0,0.5653320514307355,0.5793768931662383,-0.2271845748384586
13772,34,3,1122.63,0,1,0,0,0.2769487850828351,0.024059006514115338,-0.1348124728319814
13774,82,1,345.0,4,4,1,4,-0.7575011160206767,-0.09834880501403793,-0.1731010303260929
13778,103,1,178.7,1,2,1,1,-1.072621565899797,-0.19882682698676657,0.07074261308480115
13780,7,2,360.01,4,4,2,4,0.06500468262096176,-0.9861798848299621,-0.04873106102936037
13781,251,1,127.84,1,2,1,1,-1.4305810282182612,0.07239915632033232,0.24652326977808053
13782,13,6,908.86,3,0,0,3,0.7122670206919437,-0.31429799613742554,0.28684532319676453
13784,10,11,2462.79,2,0,0,2,1.437624573762001,-0.015285319308220137,0.3176271587152276
13786,367,1,230.39999999999998,1,2,1,1,-1.2979810346147738,0.40489362749182983,0.06769378090468531
13787,76,2,309.04,4,4,2,4,-0.5764180067156844,-0.0843829112123896,0.15704415213188472
13790,4,1,348.8,4,4,1,4,-0.031528110456319175,-1.2701157888233277,-0.3663163465681819
13791,128,2,1516.0,0,3,2,0,-0.0856809008440454,0.6035727932174706,-0.36228239431244813
13792,66,2,195.55,4,4,2,4,-0.719601652042567,-0.27809636934058185,0.3067274659740589
13799,117,2,688.86,0,3,2,0,-0.3721172781169232,0.331978470636931,-0.09329049038924675
13800,310,1,558.32,1,2,1,1,-0.9082939256731535,0.5969463540680194,-0.2516570769847364
13801,67,1,324.8,4,4,1,4,-0.7299100764877765,-0.19960602805989844,-0.16554636852369742
13802,139,3,4599.42,0,3,-1,0,0.4741696459428758,1.023016355697182,-0.533275174679654
13803,255,1,277.07,1,2,1,1,-1.1326354187751737,0.30774251056670426,-0.02088977314914066
13804,31,7,2588.39,2,0,0,2,0.9779481307011083,0.36813727575699207,0.07535928898115332
13805,52,2,924.6,0,1,2,0,-0.05111860866345479,0.08462821075836903,-0.24983649731912339
13806,64,1,256.38,4,4,1,4,-0.8108558346743778,-0.2885732088293615,-0.08632199593311222
13807,367,1,112.6,1,2,1,1,-1.5772679714769624,0.19333519703196064,0.31598420544678213
13808,6,5,1747.66,3,0,0,3,1.0688902530364999,-0.439581893686993,-0.10076085962647272
13809,305,1,155.05,1,2,1,1,-1.4052411949431143,0.21057869030539986,0.1927454833326635
13810,29,3,1499.01,0,1,0,0,0.4299585375238638,0.04549486592730158,-0.24602927606483893
13811,184,3,814.5,0,3,0,0,-0.2765821098687178,0.6251298202485687,0.08929462448353748
13812,42,3,539.0,0,1,0,0,-0.06357386197162147,-0.10773273202407063,0.13478463798849016
13813,40,4,1366.8600000000001,0,3,0,0,0.42626889896865083,0.19163562424752031,-0.029384999263436434
13814,92,2,1579.12,0,3,2,0,0.014377059011272814,0.4788401152070024,-0.39856908939128277
13815,22,4,4027.36,3,0,0,3,0.9987671244194373,0.27103633626479673,-0.44530059115608867
13816,24,2,571.6700000000001,4,1,2,4,-0.046570396253804464,-0.37241728566442667,-0.13293614002524573
13817,29,2,382.98,4,1,2,4,-0.25031620958309864,-0.4150214781025944,0.0188515803672388
13819,302,3,1140.35,0,3,0,0,-0.2713592361116974,0.9314426128161174,0.0052401713311799325
13821,145,2,385.64,1,2,2,1,-0.6540987967844876,0.2488640154910723,0.12312470904600853
13822,6,2,632.0,3,1,2,3,0.3197500346145317,-0.8750436981824573,-0.2537111590747091
13823,19,2,957.66,3,1,2,3,0.21300465757275167,-0.3125396941036783,-0.3277864392562549
13824,33,5,1698.94,0,0,0,0,0.6518085742491992,0.21302915382459917,0.015650656045827382
13826,176,1,189.5,1,2,1,1,-1.1863102011565942,0.04093267644354834,0.08622460694671388
13827,58,3,409.8,4,4,0,4,-0.25218364791479736,-0.05674250035109665,0.2515457556273518
13828,22,1,209.49,4,4,1,4,-0.6229311410642602,-0.7828866261391275,-0.0861754719032896
13831,16,6,2198.45,3,0,0,3,1.008886671864591,0.029374616523762494,-0.008104434670679395
13832,19,1,52.199999999999996,4,4,1,4,-1.1269372584370825,-1.2503190796190184,0.38438910558665884
13833,159,1,383.85,1,2,1,1,-0.8843279620489631,0.20780155442092382,-0.16598976711360663
13835,25,4,834.57,3,1,0,3,0.3497878507867517,-0.14542770408264152,0.11191866907417442
13837,212,2,266.59000000000003,1,2,2,1,-0.8955936326889402,0.2973901530801228,0.2770271870587976
13838,6,4,674.82,3,1,0,3,0.6035704034817099,-0.7573366371288264,0.09750432121797423
13841,253,1,85.0,1,2,1,1,-1.5912907914144285,-0.04449313416514809,0.38812437119301135
13842,59,9,3385.62,2,0,0,2,1.0345914828030889,0.7537778111636926,0.1874673238971038
13844,11,1,361.62,4,4,1,4,-0.24229086663821026,-0.8932535032887239,-0.31985560172751737
13845,65,1,312.98,4,4,1,4,-0.7367479214467065,-0.22308046893950984,-0.15466244987769404
13846,25,3,865.0600000000001,3,1,0,3,0.25110026629572146,-0.17768593291713766,-0.0639887726157138
13848,92,3,1255.0,0,3,0,0,0.06962797996603423,0.46590409821211837,-0.10779405698087043
13849,52,2,1537.95,0,3,2,0,0.1484602580069308,0.23580818451625596,-0.4272652094957774
13850,129,1,1595.48,0,3,1,0,-0.27250388456393393,0.5440074244747393,-0.6764903875826122
13851,96,3,2651.46,0,3,0,0,0.3522648876529513,0.7058073197339676,-0.3658406900070946
13853,57,1,1090.14,0,3,1,0,-0.21457338165112536,0.0932791840909515,-0.5980865182153681
13854,9,25,8109.5199999999995,2,0,-1,2,2.3205194867886085,0.44784206619697176,0.4615778468428744
13856,169,3,388.5,1,2,0,1,-0.5449324543048157,0.3700364511310885,0.34147213925194886
13858,57,1,216.17,4,4,1,4,-0.8482696816064184,-0.38674253161471644,-0.03472066546768311
13859,326,1,201.16,1,2,1,1,-1.3206666516329815,0.31532014640056183,0.10687403581531454
13860,1,5,1245.9,3,1,0,3,1.257945639957526,-1.064104836553835,-0.06719621779150045
13862,18,8,2209.36,2,0,0,2,1.1092488848200874,0.1256987656065792,0.18169562681116352
13863,248,1,305.78,1,2,1,1,-1.0869420777833576,0.32536453300780216,-0.057049472647249744
13865,58,4,501.56,0,3,0,0,-0.060285065616686756,0.04612258399628255,0.3445871725846463
13866,74,1,145.67000000000002,4,4,1,4,-1.0683748871773884,-0.39594600742150793,0.11958371889440006
13867,31,3,1005.09,0,1,0,0,0.25659427062694407,-0.046276503985501,-0.10229351459479785
13868,7,2,3192.54,3,1,-1,3,0.9207606618194842,-0.3379490944825368,-0.8095114174857859
13869,123,4,3083.65,0,3,0,0,0.46119492140161067,0.8963173126215207,-0.23856463189871563
13870,2,8,2770.94,2,0,0,2,1.672279416508279,-0.5789874863905369,-0.021753178040153517
13871,23,13,6403.25,2,0,0,2,1.6900995933910261,0.6247106291224532,0.14973066420585512
13873,120,3,389.6,1,2,0,1,-0.45648345845886396,0.22866888714511252,0.317565402921166
13874,358,1,540.45,1,2,1,1,-0.9579106562364551,0.6473211833542919,-0.23064874569179328
13875,54,5,1786.79,0,0,0,0,0.5480349465532066,0.4291759060783669,0.030492316429890393
13876,64,1,122.7,4,4,1,4,-1.0984766581004584,-0.5064445158630375,0.16937738319985196
13877,86,1,117.24,1,4,1,1,-1.1910840612692088,-0.397941265855944,0.20478521515966164
13878,55,1,1271.57,0,3,1,0,-0.14517844178275022,0.12434046391349149,-0.6541315922772188
13880,21,13,3219.77,2,0,0,2,1.4426338351316152,0.3839333480985203,0.3837364380265955
13881,4,20,17159.52,2,0,-1,2,2.6848535170203194,0.3397160957161191,-0.003091628673295793
13882,3,5,1191.13,3,1,0,3,1.0622555462648018,-0.7875573082108177,-0.004789831919023796
13883,11,5,2674.48,3,0,0,3,1.0973759550236082,-0.08769059108595885,-0.21283899472283466
13884,7,5,787.6,3,1,0,3,0.7219810547982519,-0.6205317238787711,0.18615432914893482
13885,189,2,506.8,1,3,2,1,-0.6147587666673406,0.4400941519650999,0.045752591478743165
13886,71,1,243.56,4,4,1,4,-0.8571860794616518,-0.26098852838120695,-0.06159592812760954
13887,204,1,349.55,1,2,1,1,-0.9846375067000462,0.2836991615498819,-0.11670336584615348
13888,120,2,595.67,0,3,2,0,-0.43553548591511426,0.2993251773917251,-0.040951629272497916
13889,93,1,416.90000000000003,1,4,1,1,-0.7153559616056178,0.009845256257583718,-0.2306001845918696
13890,1,10,1883.8100000000002,2,0,0,2,1.7264216353932595,-0.8246736576601355,0.23246572176414998
13892,27,4,632.97,3,1,0,3,0.22236225146512573,-0.19653631552278975,0.2132739955357158
13893,298,1,821.1,1,3,1,1,-0.7469980891763245,0.6950126502774275,-0.38871812823686874
13894,24,3,564.62,3,1,0,3,0.09393564355625528,-0.32077298488169687,0.08204576760534879
13895,28,4,2593.07,3,0,0,3,0.7664469054567433,0.2371100685874818,-0.2760738174409425
13897,50,1,311.16,4,4,1,4,-0.6727983090131191,-0.332644521653844,-0.17001589731974215
13898,326,1,155.93,1,2,1,1,-1.420084291883783,0.24001179088709995,0.19525786207721113
13899,16,2,388.52,4,1,2,4,-0.09878807111491213,-0.6483176630535215,-0.02443971050115039
13900,183,3,740.95,0,3,0,0,-0.3122936630352454,0.5947569178398512,0.12191513405553112
13901,72,5,2867.2,0,0,0,0,0.6608660858203173,0.6881533413024478,-0.11538675919168354
13904,37,2,332.64,4,4,2,4,-0.3662048011528083,-0.35794022747083826,0.08383050438742018
13908,80,4,2369.55,0,3,0,0,0.46721826576630276,0.6399168494357701,-0.17537984264965095
13911,57,9,2580.91,2,0,0,2,0.936799596965295,0.6589250493522519,0.2798624359900016
13914,12,2,626.45,3,1,2,3,0.1572729616294119,-0.6187531062659094,-0.20890365403802014
13917,50,2,272.04,4,4,2,4,-0.5204745048822286,-0.2944797996728745,0.17361950447610258
13918,50,2,1212.8400000000001,0,1,2,0,0.06518439498695525,0.14915383043248215,-0.34704035351478496
13919,59,2,384.81,4,4,2,4,-0.42650689669276015,-0.12370324870939867,0.06392269093746791
13922,352,1,172.25,1,2,1,1,-1.400900326878331,0.3014299173686611,0.16588873192370018
13923,54,1,351.13,4,4,1,4,-0.6448983626501226,-0.26523711869912486,-0.2069726621033492
13924,2,6,1838.8500000000001,3,1,0,3,1.3843948972825757,-0.7491963577062343,-0.06274526149255223
13925,93,4,678.25,0,3,0,0,-0.06166390564202079,0.33050845126131834,0.2708472507525716
13926,23,1,223.85000000000002,4,4,1,4,-0.6079573119434037,-0.7454621945041352,-0.1063375993285515
13927,75,1,348.99,4,4,1,4,-0.7303670079432086,-0.13178968280343611,-0.18304241406126112
13928,11,4,464.57,3,1,0,3,0.31882163139981967,-0.64271885130763,0.2638964984878097
13929,169,2,842.65,0,3,2,0,-0.3869077090380819,0.5445276976975106,-0.13890827286429416
13930,58,2,337.34,4,4,2,4,-0.4737290955541519,-0.16977373930710257,0.10860914019925078
13931,96,2,1237.53,0,3,2,0,-0.09205678510408065,0.42402422629030884,-0.3107257813152271
13932,295,1,307.4,1,2,1,1,-1.1292911960381535,0.39924771496128747,-0.047230534571666
13933,109,2,608.7900000000001,0,3,2,0,-0.40251382320272205,0.2659299274237429,-0.05496779948808882
13934,264,1,922.1,1,3,1,1,-0.6705016861513633,0.6789812117822605,-0.4372951996939505
13936,180,1,376.58,1,2,1,1,-0.9234939234000014,0.25370977424515095,-0.15102004376883751
13937,169,1,158.85,1,2,1,1,-1.2448047520687173,-0.02810515470580023,0.14472189314693834
13938,35,1,71.66,4,4,1,4,-1.1555577712850131,-0.911785339803151,0.31522628671440384
13939,23,3,568.55,3,1,0,3,0.10714015441493496,-0.33578760109713535,0.07687723543030245
13940,17,4,839.14,3,1,0,3,0.44639090561823025,-0.297604366437613,0.08522400517475057
13941,22,5,5112.96,2,0,0,2,1.1845647913163755,0.37705445175617314,-0.39506621029243594
13946,79,3,561.5699999999999,0,3,0,0,-0.20697946170222126,0.1640997221725955,0.16234963144727615
13947,65,1,90.6,4,4,1,4,-1.2203322978626043,-0.5893931680541986,0.2752515714196054
13948,361,1,102.0,1,2,1,1,-1.6114974265307116,0.15733240547262337,0.34906060933025607
13949,3,6,2427.32,3,0,0,3,1.4194339118586439,-0.5463541166283138,-0.14019920915523992
13950,11,4,745.06,3,1,0,3,0.5039271330787741,-0.5025023777243712,0.0993348325778001
13951,176,3,674.45,0,3,0,0,-0.3391919547066533,0.5506123375349302,0.1520709177581071
13952,218,2,3251.071,0,3,2,0,0.07770547320896776,1.0516834283870327,-0.5927220800279969
13953,7,7,3515.68,2,0,0,2,1.454220630155627,-0.12065228744187634,-0.12492406667582363
13954,2,2,439.92,3,4,2,3,0.39545604077841756,-1.3369468087676353,-0.1846385845147998
13955,154,2,322.96,1,2,2,1,-0.738897379668333,0.2212881234382145,0.18888391123092474
13956,5,5,1019.27,3,1,0,3,0.8969885099497649,-0.664264835262127,0.0768737029422972
13959,79,3,594.04,0,3,0,0,-0.1849521522643004,0.1807852967443839,0.14276701124560082
13960,21,2,230.22,4,4,2,4,-0.3697536563451404,-0.695567154062469,0.17495415197125042
13962,22,2,169.55,4,4,2,4,-0.5006423225096918,-0.7674732525699418,0.28416149855038514
13963,308,4,664.54,0,3,0,0,-0.3753698782941683,0.8221746391436926,0.3581934132951799
13967,146,1,80.7,1,2,1,1,-1.4709368436102204,-0.288483696653679,0.36915412004889936
13969,7,18,9024.17,2,0,0,2,2.2612930602176036,0.32596443425447247,0.17956323617246128
13971,19,8,2758.26,2,0,0,2,1.1831434506727998,0.21310762085783996,0.10774632436723672
13972,71,2,190.25,4,4,2,4,-0.7488209205939519,-0.25612225602164485,0.32111939203934997
13973,287,1,264.7,1,2,1,1,-1.1807548737626332,0.3434733127646604,0.0029314619704351452
13974,49,1,413.59000000000003,4,4,1,4,-0.5563151580500102,-0.25654478402115405,-0.2703839059965991
13975,31,6,2461.2400000000002,3,0,0,3,0.890708043557973,0.32748406355455434,-0.004849140657910839
13976,207,1,357.98,1,2,1,1,-0.9790411673593287,0.29684162409889,-0.12401696136660598
13978,15,2,196.79000000000002,4,4,2,4,-0.3492510424266767,-0.8751947076710695,0.20798356571225912
13979,73,1,869.87,0,3,1,0,-0.3656704137088208,0.1281230107183217,-0.5029709765786398
13980,60,1,200.14,4,4,1,4,-0.8913250886322198,-0.38845121449322023,-0.004560811937317916
13982,39,4,1871.81,0,0,0,0,0.5559489721456563,0.2747352307226784,-0.1406982116935575
13983,30,12,2603.43,2,0,0,2,1.233709262553575,0.4499547463763508,0.4267171840311106
13984,27,5,920.51,3,0,0,3,0.46131043109703074,-0.05025695767371827,0.21625674508477238
13985,4,15,7060.13,2,0,0,2,2.1988537738993763,0.023362842587154254,0.10768228374889247
13986,17,1,320.46,4,4,1,4,-0.39374320698333276,-0.7594964685903458,-0.25047354614276773
13988,20,6,4147.96,2,0,0,2,1.2037386005680206,0.306470629562142,-0.2153419716989191
13989,66,2,1266.08,0,3,2,0,0.011940511753424893,0.27604308926311005,-0.3436248793953095
13990,213,1,311.3,1,2,1,1,-1.0410298433226868,0.2673131540579549,-0.0734852788777089
13991,12,6,852.88,3,0,0,3,0.7063769331721698,-0.36417533764130283,0.3040097128947576
13992,30,1,76.8,4,4,1,4,-1.0903146395841417,-0.9540016168518252,0.2812919323971673
13993,43,9,3466.36,2,0,0,2,1.1235137023040065,0.6310635198757217,0.1583349161099839
13994,4,6,2274.14,3,0,0,3,1.3365343802070542,-0.47240090109171073,-0.10241619312718533
13995,15,5,1393.69,3,0,0,3,0.7677447947045575,-0.16108414786923933,0.033904506875157
13999,10,12,3901.81,2,0,0,2,1.658643435478317,0.13689141436815302,0.21570774670889886
14000,211,1,635.66,1,2,1,1,-0.7590139866917996,0.47518440746839397,-0.32269043466550107
14001,46,3,2043.0800000000002,0,3,0,0,0.43611678962664424,0.3252901262762377,-0.3237646088043288
14002,134,2,529.73,0,3,2,0,-0.5096321281751433,0.31029263270527163,0.007299458314461299
14004,43,7,4582.64,2,0,0,2,1.1203183389900637,0.6711401616238765,-0.10246659331865576
14005,10,5,2874.72,3,0,0,3,1.1480597954627187,-0.10262107149843534,-0.24389284477716308
14006,116,3,962.19,0,3,0,0,-0.09354334688683162,0.48299288436378995,0.00031675106711934187
14009,198,2,695.61,0,3,2,0,-0.5025467530260015,0.5534564396937173,-0.06145472608428609
14012,278,1,328.8,1,2,1,1,-1.0877613691620718,0.3944588456431214,-0.07463111257118014
14013,110,3,473.02,0,3,0,0,-0.3583401437201438,0.2501489722918121,0.24419846102866238
14014,77,1,505.18,4,3,1,4,-0.5921926606315622,-0.011204747391912273,-0.31006242584853316
14015,53,1,917.34,0,3,1,0,-0.26389703082349697,0.012124534290302,-0.5427353873744387
14016,162,4,4341.21,0,3,-1,0,0.5251771087928908,1.1123734307705484,-0.3394617932600513
14019,47,3,1421.61,0,1,0,0,0.28842616683716493,0.22631740525247362,-0.19585399193866743
14020,17,2,642.8,4,1,2,4,0.0837758415706441,-0.47499800727981617,-0.1959417673234637
14021,155,3,631.9,0,3,0,0,-0.3322914412981952,0.47844278655080336,0.16626379554673992
14022,225,1,440.0,1,2,1,1,-0.9195828884065017,0.3927440160880584,-0.1902350211730207
14023,7,2,584.07,3,1,2,3,0.2545390670190028,-0.8426085551719164,-0.21723007246266524
14024,122,2,327.7,1,2,2,1,-0.6737937787946283,0.128892363187339,0.16822503635143465
14027,61,1,104.82,4,4,1,4,-1.1476233989475721,-0.5726309334247819,0.22067516281760047
14029,63,2,467.66,4,4,2,4,-0.3667214953287935,-0.03886493385255096,0.0003847762208234462
14030,18,8,2358.84,2,0,0,2,1.1349368865912055,0.14515729595320154,0.1588585942701956
14031,7,19,17286.86,2,0,-1,2,2.54236602836759,0.5291070988365042,-0.009712400188009701
14032,2,11,2975.59,2,0,0,2,1.8456099219210147,-0.5024788203009088,0.16404726986510704
14034,22,3,648.89,3,1,0,3,0.16987279886393125,-0.3143497752642058,0.027957100974306703
14035,29,5,1428.02,3,0,0,3,0.6158120738654113,0.10905818907423434,0.06779767303751377
14036,285,1,626.65,1,2,1,1,-0.8415209840789376,0.596170640754307,-0.2975310961069135
14037,176,2,147.20000000000002,1,2,2,1,-1.079990348340653,0.04424963989886452,0.47075823595982
14038,78,3,1560.38,0,3,0,0,0.19697299910396243,0.4623829891203387,-0.19474576869234972
14039,33,1,152.2,4,4,1,4,-0.8480491565226718,-0.7138775551415099,0.0510462552029583
14040,41,12,3560.32,2,0,0,2,1.2785351363305755,0.670015981575167,0.3379872398527594
14041,266,1,141.41,1,2,1,1,-1.4061240882171062,0.12635876379218383,0.21547435107747248
14044,27,4,646.42,3,1,0,3,0.23060333667442823,-0.19029373550184744,0.20594754279039829
14045,109,4,1659.75,0,3,0,0,0.24891354387011505,0.6620974150200882,-0.03056064999165338
14046,284,1,154.99,1,2,1,1,-1.3871288881739452,0.180728916659211,0.18808656869196466
14047,9,5,1308.6100000000001,3,0,0,3,0.8637719760714025,-0.37637663605219746,0.02418404280621614
14048,305,1,409.93,1,2,1,1,-1.0251538565550848,0.49849291089323433,-0.1451580637208333
14049,17,4,5578.72,2,0,0,2,1.1896200819560332,0.2653879445690195,-0.5755182758580496
14050,32,2,746.36,0,1,2,0,-0.013376933729665724,-0.1771321938266604,-0.2071317166295102
14051,1,23,15610.390000000001,2,0,0,2,2.9505673389535216,-0.04596871251868371,0.06593198069158779
14052,20,1,225.36,4,4,1,4,-0.5710280815160287,-0.7993206091978969,-0.11767578234774337
14053,124,2,260.25,1,4,2,1,-0.7680936987021695,0.06734523293349245,0.24946303339912668
14054,65,1,92.46,4,4,1,4,-1.2124411076589974,-0.5834156317157942,0.2682361807686535
14055,106,1,725.6400000000001,0,3,1,0,-0.5314753364051937,0.22851631819292056,-0.4149220028095976
14056,1,23,8152.71,2,0,0,2,2.695593744221241,-0.2391099103001223,0.2926074664639175
14057,24,17,6211.66,2,0,0,2,1.7946819974984116,0.6810860488332535,0.34711069184632554
14059,267,1,183.6,1,2,1,1,-1.3052244983113521,0.2050806466531294,0.12517134884976128
14060,5,19,6140.42,2,0,0,2,2.209994993002031,0.10103736824401045,0.3320743318906219
14062,10,12,10464.85,2,0,0,2,2.0458651580720764,0.4302098946103035,-0.12853837870930357
14064,29,5,1334.34,3,0,0,3,0.589195869806885,0.088896550228233,0.09145989182811726
14066,267,1,152.55,1,2,1,1,-1.377518918582386,0.15031799196050047,0.18944221129248645
14067,64,2,374.7,4,4,2,4,-0.4574922946973762,-0.09812191213954043,0.07858595829975304
14068,320,1,265.85,1,2,1,1,-1.2069262338057065,0.39012889443376664,0.0087377616135976
14071,4,8,1437.57,3,0,0,3,1.2835832565723884,-0.5603732911641913,0.24158407042723368
14073,32,1,151.04,4,4,1,4,-0.8433641029495786,-0.7286234591437015,0.05168613808912478
14075,5,3,942.26,3,1,0,3,0.6612951633844772,-0.7655815604973037,-0.1926448807972451
14076,129,1,118.67,1,2,1,1,-1.289535607191532,-0.22638891910061817,0.22766660959405743
14077,41,5,499.41999999999996,0,1,0,0,0.11747467619915625,-0.0622293784470572,0.45667064415932745
14078,102,6,1049.37,0,3,0,0,0.2559879743792624,0.5630815377208922,0.371272180055083
14079,125,1,375.1,1,2,1,1,-0.8319890550061041,0.10104774713029266,-0.1740691445517565
14081,302,2,921.62,0,3,2,0,-0.5002432254819338,0.8128524659215862,-0.13117236652153613
14082,365,1,182.25,1,2,1,1,-1.388162191667643,0.3332421765458264,0.14874336847255704
14083,4,9,1002.9,3,0,-1,3,1.1955994962794074,-0.6470861790695319,0.4442855666760406
14085,2,18,4421.29,2,0,0,2,2.2332195612523553,-0.2963832406696139,0.36238987900363706
14087,3,1,191.47,4,4,1,4,-0.20872560839867493,-1.5410911779223166,-0.17286906365860571
14089,57,1,158.75,4,4,1,4,-0.9688108531901175,-0.4780518543941942,0.07244230822373124
14090,325,1,76.32000000000001,1,2,1,1,-1.6971645455312072,0.028247940679386133,0.4420794806771159
14092,8,14,4076.91,2,0,0,2,1.7997306948399272,0.09353397256599862,0.29165027839018304
14093,12,1,433.86,4,4,1,4,-0.19153794771273358,-0.8057558084657956,-0.377858967613258
14098,37,1,147.35,4,4,1,4,-0.8892494020656032,-0.6769240625373293,0.06977164868324931
14099,16,11,3104.17,2,0,0,2,1.4166230556039108,0.23558235616032452,0.2662314390357438
14100,138,1,191.95000000000002,1,2,1,1,-1.1192116325625299,-0.056346816073759076,0.06547174091882274
14101,74,6,5976.79,2,0,0,2,1.0200939521592858,0.947473015745033,-0.25696856043691535
14102,5,5,1105.8799999999999,3,1,0,3,0.9289728644984673,-0.6400368497944989,0.048439114991909615
14104,155,2,216.20999999999998,1,2,2,1,-0.8974742635507067,0.10510798869120858,0.3288261432632474
14105,239,1,1266.23,0,3,1,0,-0.5206663764760994,0.7317547611980703,-0.5545519920264195
14107,52,7,2703.23,0,0,0,0,0.8653714892094729,0.5920683876753934,0.0942311194009117
14108,31,2,597.91,4,1,2,4,-0.09239731916685648,-0.25584754571668744,-0.13192853025135606
14109,73,1,144.2,4,4,1,4,-1.068880957440989,-0.40455539016305553,0.12219411852888318
14110,4,12,5683.15,2,0,0,2,2.008777699373033,-0.08107443370898841,0.0313386956208343
14111,14,4,692.85,3,1,0,3,0.4181257937902958,-0.4307472666750523,0.13969760066371073
14112,23,7,2915.15,2,0,0,2,1.0985001724224626,0.28315446639362524,0.014490371073859615
14113,4,4,1840.42,3,1,0,3,1.0834849677068208,-0.6000042719926545,-0.2749904648452699
14114,274,2,386.53,1,2,2,1,-0.8158448406988191,0.5143647538570527,0.1650087927358752
14116,20,5,1382.74,3,0,0,3,0.6947957214140401,-0.04969340712473344,0.054988415182890577
14117,144,1,90.0,1,2,1,1,-1.4250985591067638,-0.26215650038343213,0.33060806362407275
14121,4,4,2780.15,3,1,0,3,1.2453450674497186,-0.4773960718369051,-0.41888660740427824
14124,84,1,419.58000000000004,4,4,1,4,-0.6869930354307918,-0.03034740029343443,-0.23961623972057652
14125,11,3,2720.63,3,0,0,3,0.8992038462333537,-0.16058517004469,-0.5157145415956184
14126,8,3,706.1300000000001,3,1,0,3,0.4440333562890568,-0.6816748612693737,-0.06475718716905471
14127,123,3,709.71,0,3,0,0,-0.22780064137200048,0.4169038004913202,0.11032088731773254
14128,61,2,637.5,0,1,2,0,-0.23717134005678855,0.03981207549026278,-0.10967722853771128
14129,2,5,1123.8600000000001,3,1,0,3,1.1133552890677771,-0.9251498798354686,-0.003914577407762826
14130,319,1,480.91,1,2,1,1,-0.9740985887366086,0.5645825388879467,-0.19774743246899107
14132,2,11,3586.0299999999997,2,0,0,2,1.9188390628963665,-0.44700811944133195,0.09894542619887417
14133,130,3,605.64,0,3,0,0,-0.3040599009462661,0.3927918548503548,0.16927761605677666
14135,2,15,4690.31,2,0,0,2,2.1695637569422916,-0.3118737501308193,0.21594123838174184
14138,2,2,965.8800000000001,3,1,2,3,0.7036923858447274,-1.1034593492195635,-0.4586654825704808
14139,46,1,415.82,4,4,1,4,-0.538314669884955,-0.280828644480405,-0.2764274958722206
14140,4,2,935.05,3,1,2,3,0.5597495787488168,-0.8994457373274575,-0.41291776610016867
14141,3,4,915.13,3,1,0,3,0.8667524496978823,-0.9009272371847311,-0.04639593506873445
14142,373,1,311.81,1,2,1,1,-1.1838013887672778,0.5012953493915502,-0.03641679181831267
14143,134,1,115.8,1,2,1,1,-1.3087595827305996,-0.2178225561213989,0.23868254740685185
14145,47,4,3742.2,0,0,0,0,0.7809566305558815,0.5569096067149806,-0.37007898674929585
14146,9,5,4191.0,2,0,0,2,1.3204863632609736,-0.030417816753951027,-0.38184214074470757
14147,78,2,483.4,4,4,2,4,-0.40784445638101297,0.05902515870247513,0.003052383542700876
14148,234,1,157.2,1,2,1,1,-1.3320529055234864,0.10423143048330069,0.17017187474545298
14149,221,1,446.62,1,2,1,1,-0.9091466426013969,0.3897057253540673,-0.19663874218885688
14150,36,2,658.64,4,1,2,4,-0.09177814171353664,-0.16640654922824116,-0.15584668409334757
14152,75,2,621.29,0,1,2,0,-0.2995669254152131,0.11731939998402419,-0.08697674884152524
14154,239,2,1345.62,0,3,2,0,-0.2919275974033563,0.8278034370221999,-0.2788506897729689
14155,266,1,118.75,1,2,1,1,-1.474154962743906,0.07482572325902129,0.2759548551354336
14157,20,2,424.89000000000004,4,1,2,4,-0.11802806628893031,-0.5333951905985888,-0.041346202089926384
14158,40,1,507.66,4,4,1,4,-0.42506375327657075,-0.27873931457875173,-0.35512687491056905
14159,20,11,4630.35,2,0,0,2,1.5192760600541226,0.44283815424184103,0.14096017763195956
14161,216,3,1097.6200000000001,0,3,0,0,-0.20058147512354418,0.7804718380991119,-0.003950044566673611
14162,174,2,289.36,1,2,2,1,-0.8130567037913103,0.23948645582368822,0.23527912805473877
14163,87,4,2445.91,0,3,0,0,0.4583713911214925,0.6840114781709503,-0.1808559741951149
14164,71,2,1631.77,0,3,2,0,0.09298851051844642,0.38154409527043925,-0.4272622665613673
14165,276,1,120.44,1,2,1,1,-1.4780989632407553,0.09437123665845759,0.2735430219123319
14167,39,4,562.59,0,1,0,0,0.08454541407757132,-0.08235056060916762,0.27838687290935965
14171,98,1,363.79,1,4,1,1,-0.7820247265656627,-0.008896007745462352,-0.179672094146409
14173,11,4,450.84,3,1,0,3,0.3070708432689494,-0.6516200133940617,0.274343131640429
14174,33,1,134.46,4,4,1,4,-0.8963597270169152,-0.7504725659329606,0.09399510269526132
14175,60,3,3222.3,0,3,0,0,0.547931907183715,0.5697705296536031,-0.46513504595955485
14176,297,4,576.9000000000001,0,3,0,0,-0.421486026917376,0.765028137961862,0.40502563005798775
14177,86,4,549.46,0,3,0,0,-0.12431286907553543,0.23562726836054249,0.3389988827655944
14178,9,7,1600.26,3,0,0,3,1.0880677491556043,-0.26126203959690075,0.1646755761978912
14179,41,2,701.57,0,1,2,0,-0.09958764621270773,-0.09464489002610217,-0.1693051686698043
14180,11,25,4748.52,2,0,0,2,2.0636223861536918,0.3649760446677867,0.6606178871552981
14184,67,1,452.89,4,4,1,4,-0.5997510529010611,-0.10101123143401075,-0.28125976202293224
14185,331,1,197.65,1,2,1,1,-1.331440331152551,0.31645871910697926,0.11400955245296301
14188,31,6,2054.36,3,0,0,3,0.8198050584228306,0.27377541388179205,0.058184714338297944
14189,2,15,4654.08,2,0,0,2,2.166520391458489,-0.31417908396527183,0.21864683756407294
14191,2,13,4684.76,2,0,0,2,2.1016243204536327,-0.33790681788543364,0.11857423054786809
14193,68,2,853.39,0,3,2,0,-0.15031339454346573,0.17116231046053987,-0.20411293340704256
14194,5,21,11349.52,2,0,0,2,2.4992647696601744,0.302006171301015,0.18751718693678526
14195,202,2,1012.0,0,3,2,0,-0.36066945395845273,0.6731238058295944,-0.1907890285079043
14196,107,1,335.52,1,4,1,1,-0.8360413314257141,0.0035099206134585684,-0.14565536475991006
14198,18,4,701.4,3,1,0,3,0.36220943342920675,-0.3282373567289053,0.15136027969649135
14199,218,1,185.39999999999998,1,2,1,1,-1.2495469238649655,0.12351628875591275,0.10817228539697485
14201,60,7,747.44,0,3,0,0,0.32499312493571136,0.2688874482218957,0.552008582673642
14204,2,1,150.61,4,4,1,4,-0.2284995404443688,-1.7323701968271932,-0.10898601145103581
14205,17,2,466.7,4,1,2,4,-0.041668579022756724,-0.5700215161802089,-0.08441972910890205
14206,239,1,328.15999999999997,1,2,1,1,-1.0498444136367326,0.3309050965724037,-0.08410449820109869
14208,95,1,151.74,1,4,1,1,-1.115870054287854,-0.2806399539461606,0.12207442366968613
14209,11,6,2073.43,3,0,0,3,1.0753879065389946,-0.133704024623006,-0.011163540919858994
14210,106,6,1905.8400000000001,0,3,0,0,0.48028166978913345,0.7563316184056622,0.1657392601893099
14211,53,9,2241.1,2,0,0,2,0.8997605178784774,0.587075898746706,0.3242923932303038
14212,90,1,1070.48,0,3,1,0,-0.337414758018926,0.27625646240023083,-0.5613751814051057
14214,31,5,1004.38,3,0,0,3,0.4612027492914411,0.03149359233094255,0.19485999949499827
14215,12,6,1789.72,3,0,0,3,0.9970942369519463,-0.14395846253008718,0.045557514635187146
14216,3,4,1839.3,3,1,0,3,1.140567716640589,-0.6935135687862943,-0.28982196007060956
14217,2,17,2004.98,2,0,-1,2,1.8955764810891829,-0.5418491894122773,0.5986798521674429
14218,43,1,169.48000000000002,4,4,1,4,-0.8723273107458864,-0.5742625751359286,0.03113116014916481
14219,4,1,89.94,4,4,1,4,-0.56035947445343,-1.6707028502954726,0.1038229494305043
14220,247,2,632.4,1,3,2,1,-0.5964336243081709,0.6172362800163119,-0.013417771509707785
14221,42,9,3432.8,2,0,0,2,1.1256013430547083,0.6185562177184897,0.16017923710045706
14222,177,1,683.17,1,2,1,1,-0.6858580490943943,0.4234752052737495,-0.35959191710092675
14223,92,3,991.13,0,3,0,0,-0.022948880514418846,0.395777598490396,-0.02549179018058552
14224,110,4,1009.73,0,3,0,0,0.051648728116830495,0.5182163388216451,0.1433542233739299
14226,29,5,2214.79,3,0,0,3,0.7879933961684149,0.2394846626865773,-0.08527419667878253
14227,26,10,3350.96,2,0,0,2,1.2838367692264856,0.43507834651825134,0.20701596654492926
14229,52,3,1547.2,0,3,0,0,0.29618131453508806,0.292917823670238,-0.21869756378570626
14231,184,3,925.71,0,3,0,0,-0.22639851780464507,0.663143635327762,0.04468063172531425
14232,43,5,2048.07,0,0,0,0,0.6589029411209915,0.3764086585766559,-0.03215509751548805
14233,49,4,1462.72,0,3,0,0,0.40187941167664165,0.2947775123589694,-0.03964393468822637
14234,22,4,754.12,3,1,0,3,0.34154119996244625,-0.22680895001247164,0.13898346321778077
14235,75,5,3144.86,0,0,0,0,0.6867933123375978,0.7324741594280285,-0.14491873089875285
14236,81,2,490.86,0,4,2,0,-0.4114193899674665,0.07915821457128847,0.00023155690952691987
14237,373,1,161.0,1,2,1,1,-1.4421006489668469,0.3056349769777466,0.19321526220613505
14238,326,1,146.85,1,2,1,1,-1.4434810357943806,0.2222888766856385,0.2160579307941075
14239,43,11,2380.85,2,0,0,2,1.068232958102886,0.554465968330616,0.4228917486857525
14240,30,2,890.34,0,1,2,0,0.07184287559941635,-0.15089300835751868,-0.2728305188995203
14241,184,1,213.70000000000002,1,2,1,1,-1.1507208196465695,0.0949822959761316,0.047469925231877125
14242,235,2,280.55,1,2,2,1,-0.901971339380153,0.35539849760188424,0.26619285263319165
14243,9,10,2588.77,2,0,0,2,1.4377162240455004,-0.05705379369207757,0.23008306780283344
14245,220,2,1693.45,0,3,2,0,-0.1805479423703478,0.8616290083385807,-0.36459401524151025
14246,111,3,1474.06,0,3,0,0,0.08498305392759065,0.5914603088683673,-0.15136629468637913
14247,278,1,136.76999999999998,1,2,1,1,-1.4304205619078902,0.1348962545158398,0.22999823170098993
14248,318,1,302.58,1,2,1,1,-1.1546977761958577,0.4258614812538171,-0.03668817957494802
14250,7,3,1904.05,3,1,0,3,0.8633282576773401,-0.4362421556139453,-0.4185591589527949
14251,2,5,2879.7000000000003,3,0,0,3,1.4825015365864762,-0.6455234797874704,-0.3320913247497491
14256,260,2,969.0600000000001,0,3,2,0,-0.4422304741491105,0.7653549113434084,-0.15873019892118478
14257,64,5,3099.7200000000003,0,0,0,0,0.721282275455727,0.6627857228880283,-0.15041535369393574
14258,9,9,12669.98,2,0,-1,2,2.012828057622502,0.3967420651225039,-0.39380846365803296
14259,142,1,120.0,1,2,1,1,-1.3096803657182035,-0.18323947987724146,0.23023501199429158
14261,51,2,1163.45,0,1,2,0,0.04388960857952376,0.14492313479490238,-0.3312343856521023
14262,8,8,2618.23,2,0,0,2,1.3678208124573468,-0.1363501397986407,0.07208867562602589
14264,155,2,333.97,1,2,2,1,-0.7274299002140026,0.23391572678392164,0.17765406325760752
14265,109,2,530.18,0,3,2,0,-0.4566914114764399,0.22489068058297695,-0.0068030820677893455
14267,163,3,1516.24,0,3,0,0,-0.0019157331795053578,0.759348614872517,-0.1354947415485595
14270,332,1,492.65000000000003,1,2,1,1,-0.9748795237373189,0.5883948132802541,-0.20346261717032413
14271,226,1,112.32,1,2,1,1,-1.4541285291254695,-0.009465922769612197,0.2842737386038243
14272,74,2,437.96,4,4,2,4,-0.43316439692911984,0.00800291683086719,0.03392535690432266
14273,51,4,559.97,0,3,0,0,0.015319593076968896,0.025996072711485536,0.2977009981543743
14276,99,3,1119.74,0,3,0,0,0.006257328599652001,0.4623746914529027,-0.06313714210470268
14277,15,3,4188.0,3,0,0,3,0.9945842162835755,0.08796534009642706,-0.6468128914507221
14280,197,1,134.04,1,2,1,1,-1.3501809727297838,-0.014489690522381714,0.2138624861332336
14282,3,15,3701.44,2,0,0,2,2.002738487351162,-0.2619426749102206,0.3179477745457353
14284,31,2,595.25,4,1,2,4,-0.09414468485939811,-0.25717116631816206,-0.13037509501193584
14285,21,4,1910.01,3,0,0,3,0.7174489760770103,0.030697874816392804,-0.18804967755678492
14286,24,3,4628.75,3,0,0,3,0.9192123075014967,0.30436987958949074,-0.6516380042094406
14287,8,3,176.63,4,4,-1,4,-0.09828224729247294,-1.0924761654643431,0.4173698072471008
14288,213,1,426.6,1,2,1,1,-0.9176805289220442,0.36074963070124855,-0.18314473514731766
14289,9,6,911.26,3,0,0,3,0.7997348113481998,-0.454242060712088,0.2632418140200881
14290,11,5,2314.65,3,0,0,3,1.0406763403960975,-0.13064026002874443,-0.16243215670382408
14291,2,11,3883.25,2,0,0,2,1.9500883257415076,-0.4233369621905791,0.07116434618983605
14292,8,9,4871.93,2,0,0,2,1.664762892759672,0.0685163336321053,-0.0674148787888578
14293,3,4,1046.56,3,1,0,3,0.9193782649261629,-0.8610634505126755,-0.09318110215068537
14295,40,1,166.20000000000002,4,4,1,4,-0.8618131482520531,-0.6095747540855536,0.03315012048100391
14297,18,4,1305.33,3,0,0,3,0.6057778840307365,-0.1437354974664067,-0.06517585580760406
14299,8,9,3965.62,2,0,0,2,1.583983071406232,0.007326030890537707,0.004399637004901702
14301,117,1,640.14,1,3,1,1,-0.6057537370712681,0.23221982727802226,-0.36463767916092626
14304,223,1,383.45,1,2,1,1,-0.9711698716120591,0.34821972073199836,-0.14294267594945723
14305,71,3,1858.96,0,3,0,0,0.2894977007513858,0.4756104969125394,-0.2620680294549155
14306,51,2,2093.32,0,3,2,0,0.274309964233435,0.319465379182796,-0.5360816605415859
14307,89,6,2995.72,0,0,0,0,0.7021886712886072,0.8183936087961811,-0.00369130036239243
14309,8,9,2352.53,2,0,0,2,1.379071558997282,-0.14789339482068534,0.1865691540657245
14311,243,1,310.26,1,2,1,1,-1.0760402048260058,0.3211915797397344,-0.06347649824595493
14312,47,6,1611.59,0,0,0,0,0.6204114471760934,0.3712171803469065,0.17018730434182394
14314,107,1,120.0,1,4,1,1,-1.2375701195926716,-0.3006460888420465,0.21130996415929215
14315,45,6,2481.13,0,0,0,0,0.8006424233618354,0.48165939329209384,0.01680932807742233
14317,65,1,508.58000000000004,4,4,1,4,-0.5466515089590203,-0.07908340586959894,-0.32366111301168493
14320,207,2,477.79,1,3,2,1,-0.6611023103574747,0.4604589040818761,0.07238408622031298
14321,11,5,1530.75,3,0,0,3,0.8784425093208496,-0.25353155976292,-0.018203761185846712
14323,115,2,605.0600000000001,0,3,2,0,-0.4185653474653337,0.2863183037583637,-0.049246009643236735
14326,242,1,183.85,1,2,1,1,-1.2795379156508582,0.16452634002565691,0.11809713221829049
14327,163,1,311.65,1,2,1,1,-0.9722313622042787,0.15634756472112207,-0.09181666584317832
14329,17,7,4975.24,2,0,0,2,1.3821845397526915,0.32174356179181707,-0.1914057179465375
14331,124,2,462.65999999999997,1,3,2,1,-0.5428967709129864,0.2379307573505286,0.04925946700768255
14332,23,3,840.21,3,1,0,3,0.2602334853830593,-0.21982018358246894,-0.059225113529168635
14333,68,1,415.2,4,4,1,4,-0.6375311735428313,-0.12068288970406031,-0.25002239022711487
14334,17,8,2552.21,2,0,0,2,1.1797422515542695,0.14596308581780837,0.12772829063198698
14335,16,2,454.86,4,1,2,4,-0.03705116473036113,-0.601552271292258,-0.07932477912754181
14336,17,4,1614.91,3,0,0,3,0.7031534640186263,-0.10310803780033005,-0.1430418970833524
14338,161,2,588.22,0,3,2,0,-0.5154274174652266,0.4176349527855473,-0.016893911580418294
14339,243,1,309.52,1,2,1,1,-1.0769745829816257,0.3204837930516784,-0.06264582155356006
14340,219,1,134.7,1,2,1,1,-1.375332299586164,0.031026451694188422,0.2192641589162272
14341,45,8,2166.98,2,0,0,2,0.874513487018813,0.4897541633680552,0.24806269742412085
14342,21,4,668.5600000000001,3,1,0,3,0.30575333516657155,-0.2811594737468158,0.17795414135517174
14344,127,8,889.9300000000001,0,3,-1,0,0.26253225089476756,0.6533454728314911,0.6274044941543884
14345,39,1,108.97999999999999,4,4,1,4,-1.0199071347778004,-0.7444625303422283,0.17767251661375782
14346,121,2,1021.58,0,3,2,0,-0.2261740175115568,0.46295932349010366,-0.22840196206679286
14348,260,1,409.57,1,2,1,1,-0.9846370358180329,0.4317044897397421,-0.15557597079795685
14349,10,1,133.5,4,4,1,4,-0.6092691211479784,-1.2245608907728192,0.020398637436695705
14350,274,1,282.93,1,2,1,1,-1.1428399278660448,0.343887425705703,-0.023341125579571367
14352,157,4,1078.96,0,3,0,0,-0.01304025982559634,0.6855836796730653,0.14403637057482654
14353,215,1,90.6,1,2,1,1,-1.5248977848960439,-0.09351355369174269,0.35518357443847937
14354,6,2,163.62,4,4,2,4,-0.2089514025904906,-1.2755323407721522,0.21631262998788664
14355,366,1,174.4,1,2,1,1,-1.4060499245570797,0.3213644272689949,0.1642066741620033
14356,80,2,701.23,0,3,2,0,-0.26849256398030097,0.1799050686643968,-0.12485768480267265
14357,43,1,225.12,4,4,1,4,-0.7614517654242651,-0.490274914960477,-0.06743892167613
14359,19,3,912.18,3,1,0,3,0.3392939051656533,-0.2716645409274482,-0.10016558254023723
14360,32,4,2118.03,0,0,0,0,0.6538533194671512,0.23100589942237582,-0.19677357833566275
14362,22,1,151.5,4,4,1,4,-0.7494403580996962,-0.8787167129144724,0.026293186885847197
14364,109,8,3717.35,0,0,0,0,0.8623294076440843,1.0148143511442254,0.11856814185406311
14367,8,16,9227.82,2,0,0,2,2.183592629350501,0.3604704330792129,0.09827026191404822
14368,320,1,155.0,1,2,1,1,-1.4176603476366298,0.2304988778375361,0.1960836617707572
14371,295,1,100.5,1,2,1,1,-1.5655497934676128,0.06878405209279466,0.34061013417879915
14373,358,1,76.55,1,2,1,1,-1.7207684304049229,0.06946030958622759,0.4475436636688732
14375,185,1,235.56,1,2,1,1,-1.1140436959986264,0.12606870690587912,0.013995711407822603
14377,191,2,617.05,0,3,2,0,-0.5403193201539442,0.5028987856832488,-0.022110635274494708
14379,44,2,348.1,4,4,2,4,-0.3918564945083333,-0.2737561119698055,0.07942166473722612
14381,52,1,202.68,4,4,1,4,-0.8502859834760185,-0.4435172174594884,-0.018417918498153454
14382,26,1,615.49,4,4,1,4,-0.24228206277486403,-0.39628401403855296,-0.45038628294728406
14383,38,3,1247.69,0,1,0,0,0.2905768860760311,0.10069881544119835,-0.1643455279454059
14385,9,3,202.11,4,4,-1,4,-0.07272781864046082,-1.0085506720222603,0.37769327586002666
14386,297,1,142.4,1,2,1,1,-1.431621770251061,0.17436066744647397,0.22046216879694536
14387,33,3,1727.6,0,1,0,0,0.4534860056621205,0.14002060233703775,-0.2870911297307528
14388,10,8,3212.84,2,0,0,2,1.3965828455805696,0.00841408875321686,0.014219933242984234
14389,65,2,1043.46,0,3,2,0,-0.06004352956367487,0.2122998742046062,-0.2772095348726966
14390,10,9,4642.57,2,0,0,2,1.5942884809617932,0.13810946120874967,-0.03706088037229359
14393,218,1,67.95,1,2,1,1,-1.639945387094777,-0.1722085563183781,0.4552425825793398
14395,2,9,3479.91,2,0,0,2,1.8149214823239688,-0.49100248708629207,-0.024081623106322225
14396,65,2,487.99,4,4,2,4,-0.35795665469569604,-0.013367798886114193,-0.012360139670973852
14397,3,19,2612.96,2,0,0,2,1.9788376138524977,-0.3225445778676835,0.6028382593388583
14400,149,1,574.7,1,3,1,1,-0.7096553969718988,0.3005639535335685,-0.3108886259852853
14401,4,13,4051.48,2,0,0,2,1.9134041346281339,-0.16743309459016215,0.20368522439124753
14403,130,4,1475.81,0,3,0,0,0.15795215603070206,0.7002665188334557,0.02218395882817087
14404,34,6,1449.32,3,0,0,3,0.6599153547686076,0.20757684831161352,0.18590566541667752
14406,119,1,156.75,1,2,1,1,-1.1605222581483483,-0.1777145826486135,0.12585497126314388
14407,107,6,2157.73,0,3,0,0,0.5265970589719282,0.7971160800537794,0.12306689806030835
14408,11,7,2599.03,2,0,0,2,1.2315153228089533,-0.04086901189534579,0.007802983220023457
14409,71,6,2059.4500000000003,0,0,0,0,0.6124625434405138,0.6136773364866311,0.11199257599480378
14410,92,9,1100.27,0,3,0,0,0.48103084566069276,0.6030344671317522,0.6090522315634975
14411,311,1,1063.0,0,3,1,0,-0.6566804208892352,0.7895096558677646,-0.47586209886393505
14412,43,2,770.03,0,1,2,0,-0.0750374136059785,-0.047539326680981056,-0.1986183118612634
14413,362,1,121.05,1,2,1,1,-1.5455892352397567,0.20894809241961865,0.29002319098583723
14414,92,7,1496.98,0,0,0,0,0.4890442355781828,0.6516016822941012,0.3382859664263111
14415,1,13,5855.57,2,0,0,2,2.2933343302839115,-0.4411688732412784,0.0134024815394084
14416,22,2,490.22,4,1,2,4,-0.08537556013563133,-0.4529107977088395,-0.085017102806665
14418,4,3,1937.25,3,1,0,3,0.990845996559072,-0.6276807070642915,-0.45627521773978263
14419,11,6,1051.79,3,0,0,3,0.8091422137223497,-0.33538377922171,0.22553301511909757
14420,99,1,387.52,1,4,1,1,-0.759866732816368,0.01404771249791317,-0.20098854135113614
14421,57,2,813.11,0,1,2,0,-0.12465959447783004,0.0841686364840786,-0.19896764203945572
14422,1,6,4263.64,2,0,-1,2,1.818560009459039,-0.6687999094255266,-0.3834633621144302
14423,218,1,265.2,1,2,1,1,-1.1096597395572294,0.2294801175195837,-0.016189594073617322
14424,18,1,322.08,4,4,1,4,-0.40565880587356523,-0.7353884283749089,-0.2485827553620585
14426,24,10,4481.67,2,0,0,2,1.4177112676894854,0.4893235183033773,0.10038668283298485
14427,50,2,363.34000000000003,4,4,2,4,-0.4072352652832255,-0.20870165313587644,0.07294806172711946
14428,7,5,1224.06,3,0,0,3,0.8948947915395477,-0.4895504500643417,0.03243133162169459
14431,303,1,470.36,1,2,1,1,-0.969611499465214,0.5365473876888924,-0.19348063879445854
14432,10,6,2248.5,3,0,0,3,1.1295447661235318,-0.14600371074335233,-0.045304958934755335
14434,22,6,1372.8,3,0,0,3,0.7464905423826009,0.015857843194828605,0.17651633804324113
14436,99,1,89.06,1,4,1,1,-1.333726559654166,-0.42064817995509846,0.3091817574606499
14437,366,1,63.0,1,2,1,1,-1.8018156367911335,0.021573918444075444,0.5160485390691556
14438,306,1,131.9,1,2,1,1,-1.4691151602984212,0.16419393623052508,0.24900529313085124
14439,320,1,2661.24,0,3,1,0,-0.30396316946447965,1.074118811046034,-0.7940104267191204
14440,8,5,2357.6800000000003,3,0,0,3,1.121804273528857,-0.2454866306062116,-0.18825242977068257
14441,1,4,1712.89,3,1,0,3,1.290689631482277,-1.0045787602357554,-0.31171752721432955
14442,205,2,1589.82,0,3,2,0,-0.18726601484187655,0.8134663673278821,-0.3473086118723584
14443,54,4,1420.2,0,3,0,0,0.36582366669641586,0.32587446048125635,-0.022930418213480616
14446,1,4,1010.35,3,1,0,3,1.0836263238006514,-1.1614281598930312,-0.1276350307360557
14447,19,5,1163.23,3,0,0,3,0.6395234642123284,-0.12146196383761064,0.11197930597613959
14448,9,2,375.35,4,4,2,4,0.024018732851954577,-0.8804773447540382,-0.048209870264696045
14449,19,4,885.8,3,1,0,3,0.44054349305594576,-0.23746560758285096,0.07346419833662474
14450,181,3,483.25,0,2,0,0,-0.4769806047742425,0.46330973084805993,0.27008346596068955
14451,60,2,643.9,0,1,2,0,-0.2290791477316459,0.03597692576201142,-0.11425410945128647
14452,11,2,259.05,4,4,2,4,-0.16792164948722144,-0.9141389834185434,0.09308263862462673
14453,190,1,119.93,1,2,1,1,-1.3842566027254946,-0.06235978622570974,0.24994958217482283
14456,5,9,3017.28,2,0,0,2,1.5808838304666275,-0.24350303850104096,0.07241633755951446
14457,311,1,113.64,1,2,1,1,-1.5312845021693717,0.1270015243087049,0.30167451307738596
14459,155,1,1837.92,0,3,1,0,-0.2638410705663643,0.6623016840668586,-0.7135372358524444
14460,110,3,434.34,0,3,0,0,-0.39175504957457,0.2248373515051408,0.27390483130807
14461,148,3,2103.06,0,3,0,0,0.15107957017079243,0.8164589947422589,-0.2560711687184864
14462,66,11,1980.57,2,0,0,2,0.8879883482143419,0.6756286765156629,0.5154501652836622
14463,98,3,529.62,0,3,0,0,-0.2846716032733297,0.23583835616813253,0.1971208434371246
14465,247,3,1038.44,0,3,0,0,-0.25661999398138363,0.8198550642538953,0.024376592658088975
14466,29,7,2272.4,2,0,0,2,0.9434378831464817,0.3024447610210226,0.11642719940689
14467,18,4,596.26,3,1,0,3,0.29855687980899304,-0.3764538415024121,0.20794838846775815
14470,12,2,461.19,4,4,2,4,0.03727446967109227,-0.7096513519965365,-0.10222313096205402
14472,104,8,1852.67,0,0,0,0,0.6010189921082806,0.7883641565799852,0.35836476484798596
14473,74,2,234.34000000000003,4,4,2,4,-0.6778724661267194,-0.17736219770671202,0.25147463104001055
14474,46,1,547.66,4,4,1,4,-0.4304316982462628,-0.19910784360925518,-0.37233713321502027
14475,72,3,925.85,0,3,0,0,0.012534509437764157,0.27426526121383793,-0.01806354784152861
14476,257,1,193.0,1,2,1,1,-1.275959111263115,0.20394467788366974,0.10527464506821099
14477,20,4,1309.6,3,0,0,3,0.5813492787110565,-0.10090583924153797,-0.05956732769319899
14479,254,2,316.25,1,2,2,1,-0.8749992539306415,0.423282251630177,0.2297512639864011
14480,11,1,279.05,4,4,1,4,-0.3437213887048135,-0.9700866065130405,-0.22968229226882836
14481,165,2,636.51,0,3,2,0,-0.4907716703740103,0.4512593834088395,-0.04273916742848817
14482,18,6,2022.81,3,0,0,3,0.947644455679158,0.05114641856952443,0.028438581987391548
14483,282,1,137.1,1,2,1,1,-1.4331381534551424,0.14156140681020124,0.2301230070733648
14484,50,1,321.92,4,4,1,4,-0.65949520776089,-0.3225674902939454,-0.18184256094659235
14485,39,1,162.8,4,4,1,4,-0.8635348600877337,-0.6260113296790408,0.03865513575942789
14487,27,6,1165.48,3,0,0,3,0.6317415803431278,0.049486169835780316,0.2468685435969804
14488,68,1,1064.28,0,3,1,0,-0.26859992544595707,0.15878064937828715,-0.578007999743892
14489,207,1,463.38,1,2,1,1,-0.8779838798391304,0.37339200405760037,-0.21385845951674676
14491,175,2,340.93,1,2,2,1,-0.7503442079600492,0.2904827730993833,0.1786096232102234
14493,7,5,2383.2400000000002,3,0,0,3,1.1562916624132349,-0.2915436533610429,-0.19995454640176974
14494,26,1,139.56,4,4,1,4,-0.8226343605888967,-0.8358979201479504,0.06555592339847996
14495,51,2,123.8,4,4,2,4,-0.8327941397853978,-0.5191603339756979,0.4481510826273951
14496,312,2,538.8100000000001,1,3,2,1,-0.7189923958331245,0.6670499291993914,0.05807278930047868
14497,309,1,475.37,1,2,1,1,-0.9704818069360704,0.5478656600186296,-0.19585271231032042
14498,43,5,1957.32,0,0,0,0,0.6411206883340008,0.3629386927704403,-0.01634639860747071
14499,26,3,808.44,3,1,0,3,0.21486438780928224,-0.18200599966899306,-0.03784898886680915
14500,88,3,356.85,4,4,0,4,-0.4119568993974325,0.07416406227281526,0.32741844222403615
14501,184,2,251.21,1,2,2,1,-0.882626305102639,0.22084274072659194,0.2881833674081866
14502,20,11,2429.83,2,0,0,2,1.2662307206711851,0.25115760005446397,0.3659214144505325
14503,3,6,3543.26,2,0,0,2,1.567869601013026,-0.433914839036088,-0.2721608422033549
14504,47,4,673.26,0,1,0,0,0.10809048145132305,0.04721693002391775,0.22810947024829697
14505,17,8,5859.43,2,0,0,2,1.5059027885873224,0.39302802937694503,-0.1622334924670025
14506,17,5,1960.65,3,0,0,3,0.871393437375516,-0.010389785630742141,-0.07719845396989666
14507,24,6,1367.88,3,0,0,3,0.7236629265062109,0.0496648388664362,0.18338979926302557
14508,22,2,268.05,4,1,2,4,-0.3216900140401261,-0.6319177914648176,0.12507011697022424
14511,11,5,1314.81,3,0,0,3,0.8187908822272788,-0.2987173630950693,0.03482746176389637
14512,188,2,275.28,1,2,2,1,-0.8523390908195164,0.2568943260815008,0.2578145555686493
14513,101,3,455.59000000000003,0,3,0,0,-0.3513253188553589,0.20364331470541788,0.25157206352687933
14514,61,3,990.2,0,3,0,0,0.08083970239749605,0.22591551059590276,-0.05250002513009981
14515,18,6,2076.89,3,0,0,3,0.9579964841624046,0.05898802735580336,0.019235467885977575
14517,33,2,330.45,4,4,2,4,-0.3402181191543201,-0.40641791687893913,0.0786302051836005
14518,64,1,174.37,4,4,1,4,-0.961460701441448,-0.40265562740155897,0.04756806970269434
14520,2,2,270.6,3,4,2,3,0.2052514840618581,-1.4810257905394402,-0.015543779481727
14522,24,4,974.54,3,1,0,3,0.420660283758326,-0.11577784921248331,0.055224725070561864
14523,108,1,241.09,1,2,1,1,-0.967695243329955,-0.09056899835959487,-0.030096454294837843
14524,32,9,1843.83,2,0,0,2,0.9497110870585638,0.3231085589105173,0.359151859938116
14525,20,9,4215.9,2,0,0,2,1.3903460950455448,0.37989703293618887,0.04016952656379827
14527,3,55,8507.13,2,0,-1,2,2.962387547855768,0.22640112216506794,0.9449338105636605
14528,37,1,364.21999999999997,4,4,1,4,-0.5355890168678243,-0.4090281242278551,-0.24463792654084104
14529,60,3,578.61,0,1,0,0,-0.1256114529146829,0.05956486908811874,0.1336554621294858
14530,26,6,2862.11,2,0,0,2,0.9935634490187962,0.3012771864347708,-0.06894318179787622
14532,236,4,932.85,0,3,0,0,-0.1742597412691764,0.811942154796531,0.2221015662918882
14533,25,7,1949.72,3,0,0,3,0.9201068197231804,0.1970750289835992,0.1602015995875849
14534,3,18,4397.3,2,0,0,2,2.1571838775495125,-0.17767951711671892,0.38368306323836654
14535,60,3,2854.84,0,3,0,0,0.5004175130059347,0.5337786183618018,-0.42289401157819057
14536,260,1,170.95,1,2,1,1,-1.3262920480958216,0.17290256019621236,0.1481606414419701
14537,58,1,355.56,4,4,1,4,-0.6580248503937267,-0.23215705091013933,-0.20660270085262933
14538,65,2,388.25,4,4,2,4,-0.4475057707066411,-0.08120079761205339,0.06725041527130149
14539,16,2,537.48,4,1,2,4,0.028334153135841755,-0.5520232264385805,-0.13745334222546515
14540,10,3,952.66,3,1,0,3,0.5098941656110815,-0.5088084989307388,-0.15560731778271739
14541,59,8,1453.35,0,0,0,0,0.649537788465313,0.48216723942295714,0.40530347167186453
14542,186,1,103.25,1,2,1,1,-1.4370823532561285,-0.1153454660129716,0.3003190661085474
14543,29,16,3599.73,2,0,0,2,1.5048454929557789,0.5841542691430243,0.5079021865742174
14544,24,2,2004.3,3,1,2,3,0.4453915569215562,0.00024138512441736898,-0.570297957175838
14546,5,5,2573.93,3,0,0,3,1.260395766555384,-0.38898569156501817,-0.24620099234433318
14547,4,8,3974.75,2,0,0,2,1.6826377122826166,-0.2580915759268933,-0.11318153850849236
14548,151,2,652.8,0,3,2,0,-0.458233796135701,0.42191183092997614,-0.05748458320781731
14549,311,1,289.24,1,2,1,1,-1.166638220130141,0.4032192234534106,-0.02250169506332253
14550,11,2,757.37,3,1,2,3,0.2522260644591583,-0.5958792326316382,-0.280435204487431
14551,18,2,186.23,4,4,2,4,-0.4149348756611746,-0.8196347868147192,0.2387174441932759
14552,152,1,164.22,1,2,1,1,-1.204768792856703,-0.062346263816601244,0.12608755102303348
14553,19,5,859.27,3,0,0,3,0.5207493486248848,-0.21143275071096043,0.21757133944231727
14554,10,4,2279.4900000000002,3,0,0,3,0.964892999978982,-0.2066463153103413,-0.2964661111878396
14555,57,2,312.54,4,4,2,4,-0.4992206342240032,-0.19955944106370188,0.13402293969117673
14557,85,1,788.38,0,3,1,0,-0.4428414739272048,0.16176385312827202,-0.4585532999170595
14560,7,22,2237.77,2,0,-1,2,1.8105816984718444,-0.05183310039574253,0.8059827990102651
14561,76,3,1080.76,0,3,0,0,0.05950096909991437,0.34253416225488714,-0.06840373472217384
14562,4,18,5006.77,2,0,0,2,2.150804826872322,-0.04576242745532545,0.35343818322245363
14565,96,4,3099.12,0,3,0,0,0.5262413979930455,0.7950965259660818,-0.2568662727271763
14566,111,1,1432.0,0,3,1,0,-0.2766271510136208,0.4495505133898363,-0.6488367949394976
14567,57,2,1530.3600000000001,0,3,2,0,0.12336122370038843,0.27204314148123776,-0.41946200147000345
14569,1,1,227.39,4,4,1,4,0.0365028357144859,-1.7801136584408093,-0.27931581244671255
14570,281,2,218.06,1,2,2,1,-1.046232328534035,0.35525149930750854,0.3657811000182417
14572,3,7,2804.54,2,0,0,2,1.543591794756614,-0.47773586240250077,-0.09281127332125971
14573,180,9,1639.82,0,0,-1,0,0.4664968718678707,1.0001074187973373,0.5147939654035254
14577,13,4,859.71,3,1,0,3,0.5204445622414171,-0.3955222615702676,0.05983933839815561
14578,3,1,168.63,4,4,1,4,-0.25831308841771033,-1.5786534411672453,-0.12878502376677814
14581,17,1,138.6,4,4,1,4,-0.7211678958756159,-1.0075190007363544,0.04061208759291943
14582,41,1,114.11,4,4,1,4,-1.014544128466733,-0.7104999766686648,0.16505172501469617
14583,6,5,986.96,3,1,0,3,0.8447574848234133,-0.6093613226517778,0.09849665237410693
14584,169,4,1033.06,0,3,0,0,-0.048893920727813525,0.7032859976219765,0.16412841585264004
14585,50,1,157.05,4,4,1,4,-0.9399711334257281,-0.535026573708618,0.06750489310752694
14586,277,1,237.36,1,2,1,1,-1.2143023942013271,0.29640419329759443,0.03844375816328929
14587,19,9,1580.29,2,0,0,2,1.017840862698924,0.06782611526867775,0.37918545928139713
14591,15,4,1320.21,3,0,0,3,0.6543693041300539,-0.21224283411053782,-0.08071431354512576
14592,35,3,557.94,0,1,0,0,-0.004398297389324207,-0.17179599936842804,0.1107752241901615
14593,22,3,617.15,3,1,0,3,0.15021693231736666,-0.32923899393887573,0.04543147161412467
14594,7,2,363.33,4,4,2,4,0.06859825990365243,-0.9834577683636362,-0.05192580704637288
14595,20,6,1740.6,3,0,0,3,0.8629822314304015,0.048349417614693815,0.08759573283235741
14597,11,2,866.24,3,1,2,3,0.3048847396484287,-0.555990554706701,-0.3272495845850576
14598,44,1,221.97,4,4,1,4,-0.7727315979912988,-0.4850472777212099,-0.06102808225022399
14600,306,1,393.33000000000004,1,2,1,1,-1.04217877145688,0.48759607363192237,-0.13054778739952375
14601,11,1,213.96,4,4,1,4,-0.44755782405414657,-1.0487421767801606,-0.1373700885349832
14603,275,1,660.0,1,2,1,1,-0.8120554232499954,0.5966794339245691,-0.31799791511912123
14606,1,93,12076.15,2,0,-1,2,3.539674844149469,0.14027060446133846,1.1552270097592103
14607,16,14,16209.5,2,0,-1,2,2.17810799330524,0.7699062001414284,-0.1470982603411089
14608,4,4,1785.15,3,1,0,3,1.0715221145365081,-0.6090660722650464,-0.2643553025789537
14609,72,4,601.56,0,3,0,0,-0.04374358383056651,0.18913777938726808,0.2956107881851017
14616,243,3,406.08000000000004,1,2,0,1,-0.6204323229140769,0.5343041361859625,0.3504286072799961
14618,9,3,553.44,3,1,0,3,0.3214774568887768,-0.7099421860438505,0.02723866341896794
14619,246,1,394.44,1,2,1,1,-0.9852138995602094,0.3974809005135822,-0.14618937598549003
14620,206,2,412.78000000000003,1,3,2,1,-0.717148556263507,0.4150507525974807,0.12298575505947901
14621,1,5,1788.3600000000001,3,1,0,3,1.3997345592120292,-0.9567004532658137,-0.19324876916606476
14622,185,1,320.58000000000004,1,2,1,1,-0.9935126887489387,0.2173703302541757,-0.09315822603279078
14623,32,5,886.7,3,0,0,3,0.40443040141137965,0.007346641203091267,0.2403786620650073
14624,57,2,225.85,4,4,2,4,-0.6262654446928837,-0.2957952371336425,0.24696774936107435
14625,196,2,899.63,0,3,2,0,-0.39911752707578746,0.6256132905845642,-0.1517790976462863
14626,24,4,2791.27,3,0,0,3,0.8334757206342579,0.19692773908422898,-0.3117746098465348
14628,91,2,671.96,0,3,2,0,-0.31791673106231766,0.22050400395111175,-0.10141468365996201
14629,4,2,955.26,3,1,2,3,0.5681348678958484,-0.8930939235590479,-0.420372418385793
14631,51,3,1006.98,0,3,0,0,0.1326127484965573,0.1573421529736167,-0.07021667576411592
14632,263,1,114.56,1,2,1,1,-1.485233592973609,0.0595090045553687,0.28762264355892597
14633,266,1,344.90000000000003,1,2,1,1,-1.0577576906662522,0.39024453345560367,-0.09422878690632497
14636,36,2,609.85,4,1,2,4,-0.12194295881256861,-0.18925624435640673,-0.1290296931953843
14638,51,1,443.6,4,4,1,4,-0.5389567715808045,-0.21936024309466928,-0.29212853080960877
14639,52,6,2984.49,0,0,0,0,0.8367384745099876,0.5958097339844571,-0.03807990788089019
14640,24,6,2107.38,3,0,0,3,0.89321685260424,0.1781010732518191,0.032653725579664894
14641,22,1,110.46,4,4,1,4,-0.8725050324664756,-0.9719375761836258,0.13569959374453971
14642,59,1,96.12,4,4,1,4,-1.1728782084376286,-0.6118559283850165,0.24840474970308785
14643,170,2,693.8100000000001,0,3,2,0,-0.46460847204602757,0.4892640904029282,-0.07077510503587042
14644,68,2,830.76,0,3,2,0,-0.16085099979657175,0.16318012821743405,-0.1947448386749866
14645,157,2,597.09,0,3,2,0,-0.5031396652439657,0.4116213003441017,-0.023793842455240105
14647,201,1,236.04000000000002,1,2,1,1,-1.1344461548062428,0.1611853537468016,0.018851685382731936
14649,5,4,1402.59,3,1,0,3,0.930070399596778,-0.604482802839533,-0.16794800315919842
14651,67,2,653.75,0,1,2,0,-0.25103484322316433,0.08591973625312455,-0.11222025897537434
14652,77,1,114.18,1,4,1,1,-1.1733255711029182,-0.45140996360852736,0.2065737572734716
14653,1,7,1926.65,3,0,0,3,1.574326223806505,-0.8792364655272513,-0.008569511360733723
14655,8,4,1932.23,3,0,0,3,0.9515927962401972,-0.339698286950505,-0.25234317526890004
14656,169,2,291.05,1,2,2,1,-0.8033321522129941,0.22908830553331275,0.23129952470492815
14657,18,4,848.22,3,1,0,3,0.43672183831778755,-0.2717945899990138,0.0851175944807222
14658,5,2,247.15,4,4,2,4,-0.008251904226897977,-1.217971742014691,0.06269890194912273
14659,9,9,2529.93,2,0,0,2,1.3805332980609792,-0.08221799088198582,0.16831139791193434
14660,87,2,285.74,1,4,2,1,-0.6413881496281744,-0.05176534473252284,0.1933111418604016
14661,27,1,107.95,4,4,1,4,-0.9319774379586484,-0.8964375398388168,0.1569100820144279
14662,29,4,741.37,3,1,0,3,0.26660207919037904,-0.12074393139402402,0.16283938956418037
14664,20,2,636.24,4,1,2,4,0.040156863073037036,-0.41357091326500095,-0.1819750611003453
14665,61,5,1835.7,0,0,0,0,0.5278552530547449,0.4873077278011022,0.029149837076450857
14666,24,1,195.25,4,4,1,4,-0.6718481951960511,-0.768842246903876,-0.05610809487320481
14667,11,25,9175.04,2,0,-1,2,2.322138545804458,0.5608007173098013,0.4307930061500196
14669,242,3,1259.24,0,3,0,0,-0.175774549911825,0.8686133702263854,-0.044218054034495455
14670,280,2,392.86,1,2,2,1,-0.8150290431302919,0.5282097887157517,0.160809563388208
14672,235,2,765.55,0,3,2,0,-0.5087949493004025,0.6532276080990701,-0.08334706466340915
14673,3,5,1736.4,3,1,0,3,1.2101096246572736,-0.6755585978048365,-0.1362344039666662
14675,16,1,596.36,4,4,1,4,-0.13581645874539017,-0.5991466949800719,-0.47057452824630214
14676,31,6,2548.2400000000002,3,0,0,3,0.9043389389763291,0.33780939732372023,-0.016967218389496927
14681,71,3,498.95,0,3,0,0,-0.22623833643846292,0.08494307871776861,0.19642931762549026
14684,26,5,1201.51,3,0,0,3,0.575131472665636,0.013674697062569522,0.12092160674772029
14687,107,1,628.38,1,3,1,1,-0.59027313183616,0.18967807851684834,-0.364147111279182
14688,8,21,5579.1,2,0,0,2,2.116373604694591,0.2604494765629826,0.4626519521403639
14689,209,1,112.8,1,2,1,1,-1.432472929989956,-0.04076617178869915,0.27755067191846755
14690,44,2,355.05,4,4,2,4,-0.38411820705896604,-0.2678943986880158,0.07254220700956213
14691,31,5,2114.33,3,0,0,3,0.7532008982834423,0.2526807011587964,-0.06473089005135044
14692,137,4,591.55,0,3,0,0,-0.21390065215198922,0.45049164245193907,0.34438817576314557
14693,265,1,172.9,1,2,1,1,-1.3267399291406945,0.1841923049494461,0.1455045582207043
14696,4,7,2078.95,3,0,0,3,1.368798087292069,-0.4733920164333153,0.0266670922347369
14697,218,2,188.60999999999999,1,2,2,1,-1.0379587164056892,0.20657349404153685,0.39912071218439005
14698,2,5,1217.27,3,1,0,3,1.1446704548421875,-0.9014288014518638,-0.031754246144475445
14699,214,1,109.13000000000001,1,2,1,1,-1.451385763632317,-0.0406723388690346,0.29057713569912363
14700,32,3,2195.1,0,0,0,0,0.5551204185873059,0.1987133436544415,-0.3726407330520748
14701,11,9,2526.09,2,0,0,2,1.3331021112907009,-0.006414650822263173,0.1811329875339402
14702,1,17,3251.79,2,0,0,2,2.189485272841429,-0.5676961886210795,0.40265179875684953
14703,15,1,318.17,4,4,1,4,-0.3662933060565364,-0.8108843525856398,-0.2559192266786711
14704,11,9,1493.96,3,0,0,3,1.1270243360385575,-0.16251751468989134,0.3643393303758662
14705,199,1,179.0,1,2,1,1,-1.239948764952529,0.07516979771602862,0.11424669475615712
14708,3,3,1126.37,3,1,0,3,0.8354442760311399,-0.8821459059186025,-0.28220471946701386
14709,15,13,4921.04,2,0,0,2,1.6909213452821898,0.37685169180522604,0.21426154123604585
14710,14,4,599.48,3,1,0,3,0.3613916009624979,-0.47372312842822506,0.1901351792398187
14711,10,11,2839.62,2,0,0,2,1.4934932123678593,0.027034889535694686,0.26795907128555163
14712,29,3,917.07,0,1,0,0,0.2372336554613656,-0.10049324944174763,-0.07469386265545619
14713,9,11,2662.2,2,0,0,2,1.4926594510316926,-0.03200567150460823,0.28404089886574485
14714,24,1,160.19,4,4,1,4,-0.7491046678876534,-0.8273636310012857,0.01257410923821789
14715,25,4,867.38,3,1,0,3,0.36490711186174574,-0.1339749409184372,0.09847741115767744
14716,43,2,307.51,4,4,2,4,-0.4346047137734324,-0.3199097229578932,0.12104260251256449
14719,2,5,1581.84,3,1,0,3,1.2474362776198284,-0.8235842147482519,-0.12311465867414866
14720,6,3,663.81,3,1,0,3,0.4843658595597703,-0.8051363581067729,-0.0601632248840758
14722,147,1,180.42000000000002,1,2,1,1,-1.159515608910786,-0.04842890006245127,0.09120458462420544
14723,10,6,1122.3600000000001,3,0,0,3,0.8569628316251635,-0.35248313610453547,0.19702461436892466
14725,25,1,655.58,4,4,1,4,-0.20785549578716891,-0.39333449152048017,-0.47491756067295954
14727,274,1,268.58,1,2,1,1,-1.1631986848852942,0.32846577108233777,-0.005241874392777901
14729,374,1,313.49,1,2,1,1,-1.182384694230219,0.5040048859462898,-0.03810604052394395
14730,1,8,1897.57,3,0,0,3,1.6278761186683872,-0.8611041682555968,0.08298347060191161
14731,47,3,380.02,4,4,0,4,-0.22872088256410325,-0.16541884749704372,0.2638977669124553
14732,8,8,2702.4900000000002,2,0,0,2,1.380250253995417,-0.12693490121702272,0.06103870905407924
14733,16,12,9585.91,2,0,0,2,1.8996054678008578,0.586195143452495,-0.0685776379658575
14735,4,32,6065.69,2,0,-1,2,2.5050709783222365,0.1174523397106641,0.6907544787856961
14737,4,3,1164.55,3,1,0,3,0.7911968800288067,-0.7789138947328008,-0.2787840523466283
14738,43,7,1314.45,0,0,0,0,0.6302895841129634,0.29994587868769257,0.3331765805198221
14739,4,7,3902.28,2,0,0,2,1.6158992944050472,-0.28621411212855347,-0.19300971867611494
14740,197,3,1448.21,0,3,0,0,-0.06832054086063165,0.8245049590726165,-0.10678375797697373
14741,12,6,1400.34,3,0,0,3,0.9008447939566856,-0.2168669247785798,0.13112476433088555
14744,16,7,1099.98,3,0,0,3,0.8047126455132949,-0.15071687619051152,0.3311756678866002
14745,113,5,1220.26,0,3,0,0,0.21120197460037837,0.6206975565365288,0.21262792764716487
14747,249,1,328.2,1,2,1,1,-1.0602831523471177,0.34801477108622436,-0.08139478042174918
14748,29,5,1415.75,3,0,0,3,0.6124269469359274,0.10649397268747784,0.07080710345303362
14752,44,1,389.64,4,4,1,4,-0.552608225985044,-0.31830494593733494,-0.25672117875204736
14753,87,1,563.15,4,3,1,4,-0.5806162360026206,0.07148885281341004,-0.3397696626610213
14754,45,2,638.05,0,1,2,0,-0.1601558402578996,-0.08477470216125246,-0.1301014190772951
14755,10,11,5010.28,2,0,0,2,1.7163329860128704,0.19583488170873967,0.06985105153779594
14756,15,1,738.96,4,4,1,4,-0.036206984857626606,-0.5608456475402556,-0.5493710928733915
14757,75,1,420.5,4,4,1,4,-0.6573855742266477,-0.07650661892921963,-0.24792404212722857
14758,145,4,1484.06,0,3,0,0,0.13229058652183895,0.7472645421505562,0.027548529983809855
14759,5,3,1625.97,3,1,0,3,0.8752882510548884,-0.6034828878366757,-0.3828880593136046
14760,297,1,89.2,1,2,1,1,-1.6136123446659902,0.03650373538125974,0.3822546159905631
14761,59,2,255.9,4,4,2,4,-0.5861414676292926,-0.24462562214332684,0.20584030382240215
14762,264,1,300.52,1,2,1,1,-1.1097289126373195,0.34626882754188326,-0.04681537360577781
14764,47,1,278.3,4,4,1,4,-0.7008882855419929,-0.39107515670608195,-0.13528566719600996
14765,29,3,254.11,4,1,0,4,-0.2654604791572873,-0.48128149294552963,0.3722090304822765
14766,8,6,2473.37,3,0,0,3,1.2184950109513393,-0.2016014890166421,-0.09208425986746782
14768,17,2,192.60000000000002,4,4,2,4,-0.3879126015202218,-0.8322995975636582,0.22339658448932248
14769,3,8,10416.98,2,0,-1,2,2.1181126592841033,-0.06497071228102966,-0.4644095747149465
14770,232,2,876.42,0,3,2,0,-0.4524803058291819,0.68804550658557,-0.13135251006352633
14772,112,1,139.26,1,4,1,1,-1.1912128909957507,-0.23779610210728494,0.16281341660835325
14775,58,3,1011.9,0,3,0,0,0.10208155814299358,0.21161158667557547,-0.06340151473490543
14776,51,11,2538.3,2,0,0,2,1.0504474021300578,0.6433693490122186,0.4118152801931235
14778,127,2,730.86,0,3,2,0,-0.36981345635456786,0.3835746978387412,-0.1084315691348648
14779,281,3,386.15,1,2,0,1,-0.6773182879295083,0.5799136959340307,0.37770474748375915
14780,55,2,447.68,4,4,2,4,-0.3495222405233287,-0.10766870446764004,0.006586847960437264
14782,320,1,200.10000000000002,1,2,1,1,-1.317973152530017,0.3060114197796905,0.10746019705552368
14784,26,2,289.99,4,1,2,4,-0.3321063419373224,-0.5415452303272448,0.10852252575562196
14785,10,2,77.4,4,4,-1,4,-0.6162597942383289,-1.3070760728687505,0.5056670838331292
14788,7,2,679.4399999999999,3,1,2,3,0.3138176605146157,-0.7977053228879493,-0.2699296627501505
14789,29,1,197.64,4,4,1,4,-0.7139315772647559,-0.68898797205364,-0.04804078668892038
14790,17,4,745.06,3,1,0,3,0.3997704080546314,-0.3329191556025639,0.1266703515827874
14793,21,1,228.99,4,4,1,4,-0.5767330565438074,-0.775133211350621,-0.12009157605132449
14794,3,7,1319.91,3,0,0,3,1.2478919203099568,-0.7017270093854467,0.17007050764665366
14795,166,1,131.45000000000002,1,2,1,1,-1.3140429271774225,-0.09146393739839649,0.20914144034241083
14796,1,17,7975.49,2,0,0,2,2.5415989276514623,-0.30097189069282876,0.08961729087010087
14798,53,3,173.74,4,4,-1,4,-0.5649924301878676,-0.34796178605032163,0.5438906877441532
14799,51,1,157.7,4,4,1,4,-0.9433481832334762,-0.5256846752427621,0.06738171484847724
14800,48,12,4331.79,2,0,0,2,1.3159084008465713,0.7927942866558868,0.27995058412706225
14801,61,1,189.34,4,4,1,4,-0.9171667858464706,-0.3980612242055352,0.015795654494441758
14803,162,3,845.55,0,3,0,0,-0.22939055971792371,0.5832893829269054,0.06771834637268631
14804,9,1,353.27,4,4,1,4,-0.20460066871706017,-0.9764355927278547,-0.3240173009730415
14805,15,4,546.4,3,1,0,3,0.3084822781493209,-0.474250492453053,0.22678462460512644
14806,75,1,193.39000000000001,4,4,1,4,-0.9612027178514111,-0.3066465559208719,0.02217411721125273
14808,40,8,2718.6,2,0,0,2,0.9930600023135762,0.5090345421078705,0.16119392874390498
14810,41,11,2085.33,2,0,0,2,1.0281813414857863,0.4956181856463646,0.46598586301809997
14813,370,2,152.88,1,2,2,1,-1.25533250417726,0.364955536529821,0.5075253949227079
14815,37,2,778.5,0,1,2,0,-0.03308881380387263,-0.10560656576647803,-0.21231478206913626
14816,197,1,271.85,1,2,1,1,-1.074078869710299,0.1946562445425799,-0.03159657165829037
14817,200,2,1110.34,0,3,2,0,-0.3217559716716877,0.6965328913265316,-0.2237900968650493
14818,74,3,657.8,0,1,0,0,-0.12841492826412643,0.18406077741801627,0.10289230537925967
14819,64,2,272.07,4,4,2,4,-0.5827411166459251,-0.19299725606390566,0.18993410628115237
14820,21,4,507.29,3,1,0,3,0.1975782412329945,-0.3631015557666743,0.27412347995514463
14823,180,3,321.43,1,2,0,1,-0.6352222694068085,0.34006599136774235,0.4116495673154865
14824,10,4,1127.71,3,0,0,3,0.6888051145429179,-0.4157814806283639,-0.05101969304879318
14825,4,12,2221.01,2,0,0,2,1.640065351119647,-0.3603721572761652,0.35912969977696524
14828,197,3,2139.76,0,3,0,0,0.08483071889374105,0.9405162573474602,-0.24293760652712532
14829,29,4,697.55,3,1,0,3,0.2427188007527865,-0.13883539301861952,0.18407199503205823
14830,53,1,188.88,4,4,1,4,-0.8826282782363861,-0.45656123042821817,0.007326301237271238
14834,18,6,1720.3,3,0,0,3,0.8840894350655607,0.0030038145511635597,0.08493998240096817
14836,10,3,102.44999999999999,4,4,-1,4,-0.36205034382839885,-1.1693020183828882,0.6195648934858198
14837,90,4,1649.5,0,3,0,0,0.29519344179608814,0.580948743887746,-0.041183870486207294
14840,268,1,62.85,1,2,1,1,-1.7229362189842194,-0.1090514260622881,0.4959240973740664
14841,53,6,3295.76,0,0,0,0,0.8708686753844955,0.6331182974851522,-0.07143076916495442
14842,44,4,2824.69,0,0,0,0,0.6871543210395675,0.4463036574006743,-0.2762995123605516
14844,64,4,3189.81,0,0,0,0,0.6403962352046872,0.6362376295880227,-0.2939178000531311
14847,149,1,309.4,1,2,1,1,-0.9521447165793,0.11687953049613437,-0.09531185469520954
14849,22,25,7930.54,2,0,-1,2,2.09780033598235,0.7895656113403793,0.5255181729769319
14850,312,1,325.75,1,2,1,1,-1.1209478286032715,0.43979052151129394,-0.06363621754707635
14851,23,2,511.35,4,1,2,4,-0.07977567320189848,-0.4225870794785274,-0.09684565003865611
14852,58,6,2836.69,0,0,0,0,0.7892577468665669,0.6255666635886881,-0.013130452562546663
14853,24,2,475.8,4,1,2,4,-0.1184908883563979,-0.42689669167629457,-0.06899770553183115
14854,78,7,2740.03,0,0,0,0,0.7681414286783341,0.7630320711241976,0.11642421516343415
14855,119,2,645.65,0,3,2,0,-0.4018263767878066,0.31977389566219705,-0.06958382130662125
14856,36,3,1290.53,0,1,0,0,0.3173419119213557,0.0887114972397307,-0.1796668066609432
14857,60,2,1173.12,0,3,2,0,0.0061299131489993,0.2141465899393337,-0.3233586176618524
14859,13,4,1353.74,3,0,0,3,0.6985091042578611,-0.2606392790262515,-0.09846280501706885
14860,19,1,170.32,4,4,1,4,-0.6678572756987725,-0.9025683337558676,-0.023740129147718933
14861,52,1,125.79,4,4,1,4,-1.036362814828931,-0.5844694683175112,0.14700727457795632
14862,26,2,841.1999999999999,0,1,2,0,0.08507019892350998,-0.2255361280012563,-0.2623538983373908
14863,29,1,266.76,4,4,1,4,-0.5967166770229217,-0.6001982828534294,-0.15224665349630812
14865,7,2,52.2,4,4,-1,4,-0.6866729772632421,-1.555571879040269,0.6195220530915906
14866,11,12,14389.9,2,0,0,2,2.1485329498216976,0.5613034543948593,-0.2338165114113039
14867,186,3,710.28,0,3,0,0,-0.3330200469751481,0.5889680101238459,0.13773811707105393
14868,3,8,2953.59,2,0,0,2,1.6234287696679677,-0.4396912360433484,-0.024627913793465045
14869,9,2,721.45,3,1,2,3,0.28001332242840843,-0.6865627485846633,-0.27579303631080854
14870,262,1,327.25,1,2,1,1,-1.074439764249509,0.3683574995106574,-0.07696861662392332
14871,3,4,501.28000000000003,3,1,0,3,0.6308283159432663,-1.079638565417599,0.16334428403275775
14873,210,1,519.68,1,2,1,1,-0.8367417192980907,0.413408496961159,-0.25282825764456307
14875,108,2,1465.3200000000002,0,3,2,0,-0.055743853056260756,0.5230097464322208,-0.36178177453602833
14878,13,9,1476.09,3,0,0,3,1.0827051438029205,-0.10162082901092057,0.37892853748727895
14880,77,3,690.59,0,1,0,0,-0.11942246890069748,0.21490817122360592,0.08858511969648236
14881,20,1,255.4,4,4,1,4,-0.5221113281579963,-0.7622664179783329,-0.16116353582072443
14882,27,2,589.7,4,1,2,4,-0.06351391924620096,-0.31580063598987895,-0.13611384498837376
14883,19,6,761.59,3,0,0,3,0.5513305775560156,-0.21762522468063591,0.37251188915678923
14885,132,1,765.3199999999999,0,3,1,0,-0.5664809225888228,0.33530284909927943,-0.41881235963715124
14886,253,1,364.8,1,2,1,1,-1.0229773726325524,0.38600138246920196,-0.11711508471448175
14887,79,1,1862.0,0,3,1,0,-0.08718069721135482,0.3868547661119159,-0.7631009195077645
14888,207,1,369.2,1,2,1,1,-0.9669596943560669,0.30599327828984324,-0.13475757850672643
14889,336,1,135.9,1,2,1,1,-1.4814249553561023,0.21200669872533545,0.2449422713980579
14890,254,1,125.65,1,2,1,1,-1.440350984343103,0.07225098171130542,0.2533041034894895
14891,148,2,554.38,0,3,2,0,-0.517157537927053,0.36506110087628135,-0.001891960324938241
14893,10,2,1237.8500000000001,3,1,2,3,0.467229597261863,-0.48633838402078794,-0.45757181314108286
14894,85,1,655.75,4,3,1,4,-0.515049267120058,0.10706681800561338,-0.39435945029226266
14895,8,20,11138.710000000001,2,0,0,2,2.3642416949977143,0.45706790783087864,0.187330361296963
14896,205,2,468.77000000000004,1,3,2,1,-0.6660862411093889,0.45076248765599075,0.07837000594988122
14897,8,4,1366.38,3,0,0,3,0.8156536376496579,-0.4426715063662081,-0.13149115197861902
14898,23,6,1269.31,3,0,0,3,0.7048131793976395,0.010369285700288985,0.20671800026314313
14901,11,9,1421.29,3,0,0,3,1.107462984076263,-0.1773351390489504,0.38172967608233976
14902,26,1,332.66,4,4,1,4,-0.4832775985066817,-0.5788369034077273,-0.2361375087229134
14903,21,5,2795.33,3,0,0,3,0.9590131048066856,0.17895880076709106,-0.18739254738457145
14904,2,2,1025.44,3,1,2,3,0.7271581370459758,-1.0856841623473341,-0.47952689984053426
14905,158,2,616.15,0,3,2,0,-0.4924456744422425,0.4235883955469911,-0.034316455440361465
14907,3,7,3501.1,2,0,0,2,1.630646840097584,-0.41179210949064804,-0.1702045607019245
14908,74,1,277.8,4,4,1,4,-0.8162348227465228,-0.2049511943939099,-0.10457271443174093
14910,3,4,434.35,3,1,0,3,0.5746904239983593,-1.1221627322927958,0.2132517418626853
14912,17,2,867.85,3,1,2,3,0.20145609825239152,-0.3858558129494389,-0.30056134323349554
14913,36,4,1227.43,0,3,0,0,0.41043540373678444,0.11673222939932407,0.0012138703007339435
14915,91,2,307.48,1,4,2,1,-0.6241188472752647,-0.011442537614011485,0.17080375335098896
14916,71,4,1268.98,0,3,0,0,0.2524745578563844,0.4050685418038707,0.034488356636627276
14918,116,2,1610.15,0,3,2,0,-0.03696237614194395,0.5806409890386293,-0.3898785699518968
14920,213,2,977.77,0,3,2,0,-0.38771904630729614,0.6849729683845908,-0.17523509470391221
14921,30,2,1316.07,0,1,2,0,0.22511055742372427,-0.03479352095838889,-0.40908786847802303
14923,51,1,749.1,4,4,1,4,-0.3336395518670078,-0.06383349616891412,-0.47465872796557645
14924,246,1,310.05,1,2,1,1,-1.0794442680093894,0.32610187693755094,-0.062417114919982725
14929,32,1,223.88,4,4,1,4,-0.6897100007300152,-0.612231260265702,-0.08491474522234685
14930,109,3,2362.96,0,3,0,0,0.27475485136693445,0.7241691868359835,-0.31717621074647645
14931,5,5,1257.68,3,1,0,3,0.979423018623652,-0.6018211153133365,0.003588144421319217
14932,366,1,363.53,1,2,1,1,-1.1188823184475414,0.5388924244965551,-0.09108978773752963
14934,82,2,1890.94,0,3,2,0,0.11429911617661614,0.48481564228422525,-0.4690913474402101
14935,297,1,1784.71,0,3,1,0,-0.44163104445562057,0.924273593816019,-0.6596549622158051
14936,34,8,8137.02,2,0,0,2,1.4639665913818471,0.7687793758755925,-0.23198247959607005
14937,57,3,1621.88,0,3,0,0,0.29151600786163606,0.3446312251162596,-0.2290602569868166
14944,30,12,5900.25,2,0,0,2,1.5547975384969117,0.6931774780258322,0.14126471981936817
14946,14,1,100.9,4,4,1,4,-0.7979039910680107,-1.1773784236964144,0.13817714010721577
14947,72,2,290.82,4,4,2,4,-0.5864889738705688,-0.12470366482636241,0.17458367314093176
14948,23,6,1101.97,3,0,0,3,0.6493634331809481,-0.0316336142949578,0.25601368585293266
14950,19,1,371.2,4,4,1,4,-0.36327667112102746,-0.6718500789855723,-0.29451701713089384
14951,79,1,311.69,4,4,1,4,-0.787780955364453,-0.14384635675436902,-0.14025640882099882
14952,60,11,8099.49,2,0,-1,2,1.464816093560362,1.0550777515920104,0.017741890150959394
14953,25,1,285.67,4,4,1,4,-0.5331686017712205,-0.639757510381441,-0.18570915693818488
14954,12,1,294.85,4,4,1,4,-0.3427379263672635,-0.9202890212579932,-0.24343983826667592
14957,253,1,58.49,1,2,1,1,-1.7359616418944506,-0.15408056566019954,0.5167390041870187
14958,147,3,483.72999999999996,0,2,0,0,-0.4234699090170805,0.3771138734228594,0.25579611441813804
14959,64,4,695.42,0,3,0,0,0.042901376577603706,0.18363832108058378,0.23726440910061009
14960,8,2,221.27,4,4,2,4,-0.15564455056829105,-1.0811395098107446,0.12847182651248712
14961,11,9,7044.68,2,0,0,2,1.7356041083343867,0.29847855939452167,-0.17669753919181136
14962,271,1,126.7,1,2,1,1,-1.4536887112531027,0.10169889978926878,0.25477378550103735
14963,10,5,1472.34,3,0,0,3,0.8855321571387865,-0.3014844187789884,-0.010501696928213927
14964,247,1,206.21,1,2,1,1,-1.2399451172705285,0.20699938853866612,0.07962031081803506
14965,96,2,596.09,0,3,2,0,-0.3784678813524999,0.2070692814247528,-0.05610186843176314
14966,15,1,183.02,4,4,1,4,-0.5824637717325223,-0.9746323779820334,-0.06374032529798189
14967,50,1,463.8,4,4,1,4,-0.51652665005617,-0.21426953689540712,-0.3089438292246436
14968,30,1,147.59,4,4,1,4,-0.8363139203448601,-0.7615973672951915,0.055481348048073836
14970,68,4,1592.06,0,3,0,0,0.3523815108184106,0.4546657167664314,-0.04748031545044855
14971,35,3,1097.98,0,1,0,0,0.2610045813314505,0.02924532785055296,-0.1251720570276208
14972,128,1,114.77,1,2,1,1,-1.3005581864959326,-0.23947077256410704,0.2387087517338347
14973,107,3,1314.45,0,3,0,0,0.049370220361824424,0.5421965652227992,-0.11385239713604242
14974,37,1,89.94,4,4,1,4,-1.0813544382051976,-0.8224426477806598,0.24055600944019645
14975,57,1,279.94,4,4,1,4,-0.7472029098325836,-0.3101849673822411,-0.1245705952666088
14976,57,7,790.86,0,3,0,0,0.3600853318975784,0.26456404766000857,0.5289281376784621
14978,72,5,1921.3700000000001,0,0,0,0,0.5037957687183133,0.569173377071859,0.02425119220832067
14981,246,1,102.12,1,2,1,1,-1.5128456615435129,-0.0021974685504289534,0.32288345519161804
14984,19,2,202.37,4,4,2,4,-0.3956513811610214,-0.773593539625916,0.2133182323592669
14985,198,2,292.01,1,2,2,1,-0.8425044767679557,0.2959401975608232,0.2407729702862933
14987,16,2,326.4,4,1,2,4,-0.16698717863105494,-0.6999781392182138,0.03619035529720355
14988,212,1,334.54,1,2,1,1,-1.0116504565783757,0.28669748368995285,-0.09885012344276665
14995,39,2,231.98000000000002,4,4,2,4,-0.5203505614874293,-0.44327075642340913,0.21261259367238744
14997,46,3,546.1999999999999,0,1,0,0,-0.08122343425036874,-0.06659245515357032,0.13615888515596963
14998,170,2,414.87,1,2,2,1,-0.6660920992122932,0.33664127028266677,0.10834696880490757
15000,48,1,490.52,4,4,1,4,-0.48430811947510227,-0.21438065598269473,-0.33114756531794004
15002,116,4,1641.76,0,3,0,0,0.228790066689172,0.6846616882566529,-0.022600422795912484
15004,147,1,1220.77,0,3,1,0,-0.41082375727479603,0.5187013596258507,-0.574394099590788
15005,16,28,6295.37,2,0,-1,2,2.1400002889178453,0.6154881806286746,0.6656732700405947
15006,51,1,480.38,4,4,1,4,-0.5077559400602527,-0.19572577232531915,-0.3198665546188886
15007,159,1,156.91,1,2,1,1,-1.2340246811187865,-0.05709192700919048,0.1448960473620931
15009,12,3,1259.43,3,0,0,3,0.5764641856792408,-0.3560061995661781,-0.24167720352222907
15010,36,1,308.94,4,4,1,4,-0.5931645658239459,-0.46898442581198374,-0.1891599953531165
15012,54,2,405.04,4,4,2,4,-0.3840931975740922,-0.14489831899883523,0.040221124962537824
15014,43,2,257.67,4,4,2,4,-0.5037728730087889,-0.37230425085824725,0.1825341703398714
15016,173,1,170.04,1,2,1,1,-1.2242183191563307,0.0017414791624412382,0.12267693830774412
15017,34,1,125.58,4,4,1,4,-0.9304218865587687,-0.7585100295662477,0.11961121751781423
15018,39,3,496.21000000000004,4,1,0,4,-0.07740378726617217,-0.16252914160935633,0.1587199911326987
15019,267,1,252.81,1,2,1,1,-1.180237958782394,0.2997573129821541,0.014056374012948458
15021,9,9,1871.77,2,0,0,2,1.2623090320051102,-0.17177226953910493,0.27341460660469885
15022,12,4,852.39,3,1,0,3,0.5361287930557911,-0.4290571669534535,0.05782382402123981
15023,3,11,6720.41,2,0,0,2,2.0914510775747113,-0.13995503233428103,-0.1008130552336084
15024,10,10,1636.43,2,0,0,2,1.2332706349353666,-0.15351129380051448,0.3964977710116474
15025,33,1,361.96,4,4,1,4,-0.5094538235845925,-0.45739331709509023,-0.24997025458336192
15026,80,3,469.0,0,3,0,0,-0.28074476263991976,0.11583578279124129,0.2259286693518736
15027,31,4,1066.1499999999999,0,1,0,0,0.3924801391195295,0.014159235288921952,0.04054407488234238
15028,8,4,627.13,3,1,0,3,0.5102854019661396,-0.6739863876826315,0.13998595229047367
15030,72,2,518.28,0,1,2,0,-0.36025871455505687,0.046664602952432535,-0.026538541026335516
15031,4,4,653.19,3,1,0,3,0.6772347860855628,-0.9077367129132238,0.08617225618388638
15032,256,3,4959.1,0,3,-1,0,0.34768148391154663,1.2994561307827261,-0.5185944057467543
15033,5,10,2557.18,2,0,0,2,1.5641203843537896,-0.27435284108813623,0.19992748072359662
15034,16,8,4274.16,2,0,0,2,1.3967742025295382,0.2753352590430888,-0.056016581558241685
15035,90,1,252.73000000000002,1,4,1,1,-0.9028963046870202,-0.15209292554895487,-0.05865330378924159
15036,72,3,429.56,0,3,0,0,-0.2884373077483141,0.04628064448985446,0.24950507210152217
15038,59,6,685.74,0,3,0,0,0.22799110533842099,0.21070996055729088,0.4831391278663699
15039,10,47,19766.59,2,0,-1,2,2.9555615316980997,0.870528004172331,0.6060528050706807
15041,170,1,179.93,1,2,1,1,-1.197684241299645,0.01118271636431378,0.1018870099588057
15042,199,1,135.93,1,2,1,1,-1.3473067123037787,-0.006153299934725213,0.2096895773531438
15043,31,1,537.0,4,4,1,4,-0.3393852425802647,-0.36571985531804535,-0.3914060597541693
15044,19,17,7634.7300000000005,2,0,0,2,1.9329672523329715,0.6490872361703367,0.2600889076998161
15045,152,2,735.66,0,3,2,0,-0.4130769890390995,0.4601364574939673,-0.09868512907855201
15046,9,15,5090.42,2,0,0,2,1.8924131104307116,0.21601737909326515,0.26854764624552907
15047,270,1,343.62,1,2,1,1,-1.0630328998556062,0.39536147942878225,-0.09193246333419353
15048,65,4,381.0,0,3,0,0,-0.19676089460672566,0.011451746337608364,0.4478705223373989
15049,274,1,121.17000000000002,1,2,1,1,-1.473884844856133,0.09312258923682407,0.27096294716168534
15050,25,3,1737.69,3,1,0,3,0.5246829224893081,0.029551534025030596,-0.3072080030488886
15051,23,3,1383.3600000000001,3,1,0,3,0.45578414448769977,-0.07169155651394085,-0.23307268661682878
15052,319,1,207.73000000000002,1,2,1,1,-1.3025532936162745,0.31577977488402365,0.09425390147690177
15053,5,3,693.95,3,1,0,3,0.5413696330399667,-0.8564245381775355,-0.08602922172913932
15054,12,2,302.1,4,4,2,4,-0.12834854978227309,-0.8351099446440974,0.045018305662357844
15057,275,2,1489.5,0,3,2,0,-0.2879804304510881,0.9164437855903454,-0.3048550938049648
15058,25,11,2102.54,2,0,0,2,1.1545999329393406,0.2974825835773566,0.43078720941561066
15059,41,9,1337.72,0,0,0,0,0.7618798779958733,0.32861885476189506,0.4873206076491473
15060,8,4,294.25,3,1,0,3,0.2139379907315223,-0.8984680404803677,0.4034434035199308
15062,71,4,987.86,0,3,0,0,0.1542565378284962,0.33066889249184733,0.12180570188876799
15063,213,1,370.79999999999995,1,2,1,1,-0.9725719401959148,0.3191696665779805,-0.13434541799332822
15065,38,4,3158.13,0,0,0,0,0.7677012522400545,0.4196209765688408,-0.32487426275415954
15066,53,1,893.59,0,3,1,0,-0.27418275620774263,0.004333149763405965,-0.5335912177578056
15067,78,3,1744.76,0,3,0,0,0.2407896632007568,0.4955738887322285,-0.2336994636013951
15068,46,2,553.36,4,1,2,4,-0.22148893021261906,-0.11805454519822878,-0.07903686969127097
15069,179,1,1109.53,0,3,1,0,-0.49858134943325805,0.5721836903445706,-0.5278822045699723
15070,373,1,106.2,1,2,1,1,-1.6041855196232837,0.18285651400120234,0.33731122959824983
15071,94,2,982.07,0,3,2,0,-0.17738451435590458,0.34662114131647304,-0.23151476505971874
15073,10,3,1043.41,3,1,0,3,0.5455772455886918,-0.4817787478122242,-0.1873301300851855
15074,105,1,735.67,0,3,1,0,-0.5236818354082331,0.228665535597257,-0.42033922542642915
15075,78,1,773.03,0,3,1,0,-0.428740952792204,0.12041595211056152,-0.457423936044623
15076,173,1,880.85,0,3,1,0,-0.5803836958996026,0.48944292306894766,-0.44970204131561875
15078,7,32,9743.11,2,0,-1,2,2.5703463016344092,0.45493065263191784,0.5570745109675588
15079,213,4,895.61,0,3,0,0,-0.16401101002501392,0.7571452440457439,0.22942118287562846
15081,22,5,504.8,3,1,0,3,0.27636054556066125,-0.31090563305036073,0.4123414697197919
15083,257,1,88.2,1,2,1,1,-1.5809632514943037,-0.02709440298430517,0.37642806282533003
15087,282,1,306.94,1,2,1,1,-1.1183399206124935,0.38001946288675015,-0.04973751112971618
15088,21,2,1160.07,3,1,2,3,0.2637188068520104,-0.21571499355964666,-0.3882127064219843
15089,10,6,2420.84,3,0,0,3,1.1585228233809581,-0.12405298014336603,-0.07106690190168259
15090,308,1,381.32,1,2,1,1,-1.0559885508040623,0.4811146694174071,-0.11931584173593966
15091,68,1,480.71,4,4,1,4,-0.5801493103403306,-0.07721642094482091,-0.3010357578254557
15092,215,2,457.81,1,3,2,1,-0.6875300217167652,0.4635684739124564,0.08980425706021411
15093,18,6,4597.02,2,0,0,2,1.2697900911914517,0.29517009470052524,-0.25795389130325563
15095,104,4,1370.6,0,3,0,0,0.18577184081875758,0.5857590096089139,0.033060909798354604
15096,43,1,219.39000000000001,4,4,1,4,-0.7715274549036384,-0.49790719836050235,-0.0584814772410458
15097,4,1,248.08,4,4,1,4,-0.1648339315815622,-1.3710942685376741,-0.2478054011835376
15099,84,1,410.48,4,4,1,4,-0.6955798397246331,-0.03685186075793343,-0.23198243733965893
15100,334,3,876.0,0,3,0,0,-0.4005714610128219,0.8950918064354499,0.10395238186780242
15101,9,2,317.53,4,4,2,4,-0.0414601257122271,-0.9300772462094273,0.01000185196653322
15103,31,2,703.36,4,1,2,4,-0.028733876211016057,-0.20762281232697313,-0.18852631981111986
15104,197,2,993.54,0,3,2,0,-0.3614825865752732,0.657224512280731,-0.18605210542178577
15105,18,7,2298.93,2,0,0,2,1.0653253989066434,0.11485842402385557,0.08158461778331796
15106,18,5,1422.52,3,0,0,3,0.7316313608031252,-0.08312480031123189,0.0383498410841977
15107,311,6,319.5,1,3,-1,1,-0.49467345604487395,0.6736436330263081,0.8602401485643868
15108,142,4,1300.25,0,3,0,0,0.0857561024281599,0.6992913248571844,0.07226014469998418
15109,246,1,484.95,1,2,1,1,-0.9043062566150338,0.4587680274590681,-0.21811752715952992
15110,24,4,996.1,3,1,0,3,0.42924143814199356,-0.10927766852612934,0.04759594554753874
15111,29,3,1567.48,0,1,0,0,0.44748019602108335,0.05876743288790637,-0.2616063026018981
15113,10,3,3509.43,3,0,0,3,1.0214630383957308,-0.12129768652260813,-0.6103999909856829
15114,30,10,2760.56,2,0,0,2,1.1722916085537132,0.4352462057384812,0.28394543038340997
15115,18,1,340.11,4,4,1,4,-0.384341240403664,-0.7192404812395827,-0.26753440215296254
15116,18,4,1352.75,3,0,0,3,0.6197750580719146,-0.1331327095082773,-0.07761956092363892
15117,15,5,1551.78,3,0,0,3,0.8098949798257826,-0.12915559758319625,-0.0035676623421274922
15118,134,1,244.8,1,4,1,1,-1.0166790458314885,0.003426961125956581,-0.020981586268503633
15119,246,1,266.4,1,2,1,1,-1.1388013157259906,0.28113921598125957,-0.009647777611547642
15120,134,1,358.82,1,2,1,1,-0.8670829815478098,0.11674521696133547,-0.1539748108286248
15121,50,2,457.72,4,4,2,4,-0.3168098642852424,-0.14020487300083828,-0.007441524178422559
15122,114,3,1633.78,0,3,0,0,0.11855095543984773,0.633086930877453,-0.1854632317316143
15123,7,2,2199.31,3,1,-1,3,0.7745224698894592,-0.44872377913336686,-0.6795033935999742
15124,23,2,184.19,4,4,2,4,-0.47924694690771563,-0.7251845322219364,0.25829051656884755
15125,25,15,11528.48,2,0,0,2,1.9678121204207484,0.8586983607814137,0.04772290380775626
15127,66,1,406.53,4,4,1,4,-0.638239034278286,-0.13924481841108508,-0.24465879432579868
15128,60,4,1471.0,0,3,0,0,0.35301252743980105,0.3796229803178089,-0.028206452985450728
15129,50,11,3447.4,2,0,0,2,1.1755651565213943,0.7262454134562832,0.3037090812936258
15130,170,1,330.11,1,2,1,1,-0.9604490271130749,0.19088718133858149,-0.1090187800093947
15132,18,5,977.9300000000001,3,0,0,3,0.5846488669027068,-0.19446328990909498,0.16901956098161935
15133,128,3,982.42,0,3,0,0,-0.1104654865067608,0.530010288097906,-0.00035455346867604987
15134,15,8,1387.99,3,0,0,3,0.9710227752621537,-0.08432189708394805,0.33224085444626955
15135,239,1,139.05,1,2,1,1,-1.385297787555249,0.0768008764610012,0.21411876121831963
15136,3,4,1286.7,3,1,0,3,1.0003987124549836,-0.7996908746703212,-0.16520953835158053
15139,240,2,178.96,1,2,2,1,-1.0830536681797152,0.2310776284241195,0.4238034239361034
15140,52,7,2354.25,0,0,0,0,0.8111324091759153,0.5509825611401238,0.14245050395075176
15142,46,1,498.74,4,4,1,4,-0.4670925399041338,-0.22687824421450817,-0.3397450755929521
15143,226,1,259.45,1,2,1,1,-1.1274483939804505,0.23799261370966784,-0.006149975286704468
15144,8,17,6580.44,2,0,0,2,2.079762206685631,0.2709337450641143,0.2581093075262019
15145,4,4,1194.73,3,1,0,3,0.9139886907637288,-0.7283968374371524,-0.12430564215601071
15146,165,2,1327.16,0,3,2,0,-0.2026462096638821,0.6695129506118028,-0.2988871769446122
15147,240,1,623.5,1,2,1,1,-0.7995191564733805,0.5230733580467468,-0.30731679005784246
15148,11,1,301.29,4,4,1,4,-0.3137230683179796,-0.9473630317953212,-0.25635126500374766
15149,134,1,520.8000000000001,1,2,1,1,-0.7211789668465395,0.227266764065508,-0.2836857459678877
15150,17,10,5291.33,2,0,0,2,1.5672773626377015,0.40130174044830264,0.02029430404358129
15152,10,13,4745.69,2,0,0,2,1.7729333340805122,0.20935175780145096,0.20166020023080328
15153,31,1,329.25,4,4,1,4,-0.5309541380455751,-0.510832316734635,-0.22109833638358836
15154,75,1,254.28,4,4,1,4,-0.8542343680201653,-0.2256185764047831,-0.07292240713951907
15156,1,3,961.49,3,1,0,3,0.9514313645759142,-1.2190680542187122,-0.27375389587669985
15157,4,3,1936.07,3,1,0,3,0.9906069392913198,-0.6278617917255502,-0.4560626921158958
15158,45,1,401.40000000000003,4,4,1,4,-0.5466110347397434,-0.3002927583888429,-0.2655903785010265
15159,2,30,18641.010000000002,2,0,0,2,3.045381717727666,0.2255922558315256,0.21876223624465374
15160,357,1,158.16,1,2,1,1,-1.4378118587248965,0.2820890388577065,0.19643984355320937
15163,18,2,304.47,4,1,2,4,-0.2227751302313305,-0.6740747595630125,0.06788444602759369
15164,69,3,824.58,0,1,0,0,-0.02210612492462838,0.2223082136037139,0.01948684012775989
15165,373,1,487.75,1,2,1,1,-1.0086229182492312,0.6339921474929434,-0.19215317284720138
15167,321,1,158.8,1,2,1,1,-1.4090117934758695,0.23895627542845632,0.18789432636460607
15168,26,1,106.56,4,4,1,4,-0.9276757030251331,-0.9154662013890214,0.15893930824627978
15171,331,1,1289.5,0,3,1,0,-0.5968805908268024,0.8728839765439438,-0.5390254653180554
15172,9,5,1624.05,3,0,0,3,0.9484883703255417,-0.3122043994127558,-0.0511301474361117
15174,323,1,135.75,1,2,1,1,-1.4717497157925425,0.19522724781186868,0.24267268832595024
15175,72,1,224.14,4,4,1,4,-0.8932084243188249,-0.2798223015579402,-0.031791601123398225
15179,18,5,2206.95,3,0,0,3,0.903935042168626,0.047394359666987185,-0.11483080773904611
15180,367,1,87.5,1,2,1,1,-1.675280799501313,0.11909097961624807,0.4031191318208923
15181,66,3,689.4799999999999,0,1,0,0,-0.08100277907495136,0.1508507125533128,0.07889710892973956
15182,154,2,622.85,0,3,2,0,-0.48166183359924153,0.4161427378225514,-0.03980248441073199
15184,29,2,402.2,4,1,2,4,-0.23114307340340873,-0.40049792521916666,0.0018063645209721313
15185,70,1,310.62,4,4,1,4,-0.7584684964949218,-0.1947816592239891,-0.14710624423214713
15186,14,2,411.41,4,1,2,4,-0.04422007139984252,-0.6836864808092663,-0.052805940676064506
15187,2,16,4777.18,2,0,0,2,2.2074004829089025,-0.2947584258428202,0.25393128428905243
15189,1,41,16225.39,2,0,-1,2,3.2485143261426828,0.0731472290917967,0.46223384823902103
15192,120,3,1044.32,0,3,0,0,-0.07005722344853291,0.5213847895993753,-0.0259735216804627
15193,61,1,499.32,4,4,1,4,-0.5377901507642786,-0.11068535774766794,-0.3214760662820638
15194,3,15,7616.53,2,0,0,2,2.285949298274579,-0.04741192985861917,0.06616896502058833
15195,3,1,3861.0,3,1,-1,3,0.9685387461366758,-0.6493194327771212,-1.2194753592122507
15197,11,3,1079.6100000000001,3,1,0,3,0.5366012362684922,-0.4352547980146901,-0.19335518966977927
15198,92,2,193.64,1,4,2,1,-0.8076683888452407,-0.14385511955443878,0.3322420811358446
15199,59,4,1268.7,0,3,0,0,0.29922314283673074,0.32874813436917616,0.022273610607521394
15201,87,5,1236.54,0,3,0,0,0.282897236874515,0.5163680314378853,0.19055466666375948
15203,26,6,1827.8,3,0,0,3,0.8176025045399274,0.16798766829825126,0.08748883073497196
15204,357,1,316.58,1,2,1,1,-1.1666289827030791,0.48750868455734797,-0.04464594503570757
15205,85,2,653.24,0,3,2,0,-0.3116668158057374,0.1839082048563787,-0.0961159788464383
15206,10,4,420.29999999999995,3,1,0,3,0.30195053491942736,-0.7088218519427677,0.29290003656665603
15208,1,5,870.12,3,1,0,3,1.1171622563376626,-1.1707475317263072,0.05796239678665632
15210,225,1,331.18,1,2,1,1,-1.0308195978264245,0.3084827759498861,-0.09134385885501058
15211,60,2,894.4100000000001,0,1,2,0,-0.10024880913550906,0.13356525028311503,-0.22878628135777546
15212,241,1,101.8,1,2,1,1,-1.5088123206423298,-0.01167499249961459,0.32258936994200615
15213,319,2,328.35,1,2,2,1,-0.9186326582595614,0.5293779154992165,0.2319961233277128
15214,2,8,1661.44,3,0,0,3,1.47158273186075,-0.7310142015658391,0.15666929167927685
15215,47,3,734.94,0,1,0,0,0.029694998732255007,0.030329864802872617,0.03416203492169223
15216,88,1,96.6,1,4,1,1,-1.2722293646851148,-0.44547985250871114,0.27326643626068553
15218,11,11,5756.89,2,0,0,2,1.7484988710096059,0.2735236066498079,0.027250208920935465
15219,176,1,305.75,1,2,1,1,-0.9993057967319822,0.18258755917325947,-0.08002521299649398
15220,52,6,1778.96,0,0,0,0,0.633721035722199,0.44202505938250664,0.14240574831341374
15221,366,1,403.25,1,2,1,1,-1.078282737840738,0.5696463997701731,-0.12718344545868687
15222,319,1,585.0,1,2,1,1,-0.8973301167456365,0.6227342649431703,-0.26599579637829895
15223,226,2,755.75,0,3,2,0,-0.5038578766790544,0.6331394677104022,-0.08147800085445822
15224,358,2,322.08,1,2,2,1,-0.9557197214059695,0.5717610224371295,0.24645710866128806
15225,234,1,409.40000000000003,1,2,1,1,-0.957843714250846,0.3876929846066181,-0.16250590822756664
15226,311,1,154.41,1,2,1,1,-1.4118426188036204,0.21747814186886613,0.19548882368503306
15227,37,5,1219.4,0,0,0,0,0.49313926806105424,0.16100043201909062,0.13880786887953594
15228,66,4,3386.71,0,0,0,0,0.6561171184048463,0.6667181628152133,-0.3127716912709569
15230,239,2,429.6,1,2,2,1,-0.7395052828560953,0.4887656226973366,0.11905282402963102
15232,113,2,612.06,0,3,2,0,-0.409589720742059,0.28245910376533906,-0.05442620223010662
15234,277,1,197.0,1,2,1,1,-1.2871267718286625,0.2412400986100649,0.10318576092665957
15235,218,12,2247.51,0,0,-1,0,0.6737990469246306,1.22396116222994,0.6098064410233154
15236,299,1,321.05,1,2,1,1,-1.1157382156095574,0.4177400656205919,-0.06143983997748452
15237,2,4,1412.32,3,1,0,3,1.1108393685299078,-0.8923330070982277,-0.21708927737687095
15238,29,3,1071.99,0,1,0,0,0.29844463974328445,-0.054126240991308056,-0.1291113783643868
15239,10,2,780.59,3,1,2,3,0.28641667911981766,-0.6233032474647064,-0.29682632066451775
15240,45,5,1706.57,0,0,0,0,0.5759160185073342,0.3407878865358446,0.03446685507356925
15241,67,8,1756.44,0,0,0,0,0.6916954273688289,0.5908052351835218,0.34767910684603726
15243,74,1,316.68,4,4,1,4,-0.764987158652816,-0.16613135017846406,-0.15013268375066377
15244,65,2,631.57,0,1,2,0,-0.25689452264756474,0.06318625077780095,-0.10220594468168856
15245,134,3,2515.84,0,3,0,0,0.24674650275271165,0.8284572806405981,-0.325238932821847
15246,238,2,514.15,1,3,2,1,-0.6680565067559132,0.5403289110336899,0.05620579713925303
15247,122,1,356.0,1,2,1,1,-0.8462583692338601,0.07547109828498386,-0.1575048936049689
15249,32,13,6688.46,2,0,0,2,1.6253985542734077,0.7708581010309018,0.1559943369231127
15251,9,11,10484.99,2,0,0,2,2.030656933953789,0.37552467831093445,-0.1942472192184192
15252,36,2,740.78,0,1,2,0,-0.04570880604364,-0.13150926238714036,-0.19680303901765706
15253,16,5,918.1999999999999,3,0,0,3,0.5885070576113898,-0.25970319862581354,0.18349183421727944
15254,127,1,300.36,1,4,1,1,-0.9230042881966757,0.041755246572867305,-0.09568995733461888
15255,67,1,890.85,0,3,1,0,-0.33460433179153226,0.09983605770071764,-0.5169793151458724
15256,149,1,98.45,1,2,1,1,-1.3989503850531788,-0.22157348490411388,0.30190532402280484
15257,283,1,317.15,1,2,1,1,-1.1064417566637035,0.39119392347667614,-0.06088290494608445
15258,169,2,623.16,0,3,2,0,-0.5051958688772487,0.4549250198253674,-0.03374826160582853
15260,100,7,1810.77,0,0,0,0,0.5425042986383396,0.7426688127907075,0.27747701128443647
15261,135,1,254.82,1,4,1,1,-1.0028900933596394,0.018394777611979492,-0.034428040536850196
15262,324,1,178.95000000000002,1,2,1,1,-1.3647760855854596,0.27814776662258667,0.14707546159189794
15263,107,1,156.51,1,4,1,1,-1.134054710213426,-0.22223369411020777,0.11928315749878504
15264,64,1,393.74,4,4,1,4,-0.6429715372895519,-0.161401709680021,-0.23557374375903617
15265,151,2,1506.1200000000001,0,3,2,0,-0.13039205940440313,0.6702502746873186,-0.34894097894965737
15266,338,1,119.3,1,2,1,1,-1.5336871079745298,0.1760446115509561,0.2904517405968833
15267,22,5,1717.36,3,0,0,3,0.7564458186668052,0.05275651315073533,-0.014461794389733537
15269,24,1,408.8,4,4,1,4,-0.38281984947285674,-0.5499047489077433,-0.3130587831888657
15270,16,7,2379.49,2,0,0,2,1.1074119295913314,0.0785762878949779,0.06207130304690067
15271,7,15,2493.34,2,0,0,2,1.6696358412707797,-0.08948445427070792,0.5025160536777603
15272,57,2,721.94,0,1,2,0,-0.17128273868848465,0.04885184249747948,-0.1575189427210807
15274,4,2,716.57,3,1,2,3,0.4554098145709087,-0.9784825766155166,-0.32015809522040095
15275,38,1,615.14,4,4,1,4,-0.33696690048845285,-0.24265431199865622,-0.42539694385794896
15276,66,1,128.63,4,4,1,4,-1.0878803151355327,-0.4798457957316359,0.1550792878415979
15277,47,1,255.89999999999998,4,4,1,4,-0.7337054869461451,-0.415934019419642,-0.10611066545598553
15279,355,1,290.51,1,2,1,1,-1.1988141036960935,0.45969538611406247,-0.015131164447535678
15280,172,1,113.12,1,2,1,1,-1.381582798286276,-0.12099348570659013,0.2635040984374563
15281,59,9,2332.15,2,0,0,2,0.8883213653289578,0.6429789430760052,0.3175037300874689
15286,50,1,240.55,4,4,1,4,-0.7734641747758622,-0.40889840162732255,-0.08052237919124319
15287,22,2,486.69,4,1,2,4,-0.08820669998914524,-0.455055371710585,-0.08250017550578703
15288,43,5,2306.52,0,0,0,0,0.7055331756981585,0.4117308234797311,-0.0736101002798148
15289,29,3,939.78,0,1,0,0,0.24682593657994784,-0.09322714540989863,-0.08322154954986738
15290,5,18,7943.22,2,0,0,2,2.2851144703598503,0.1677086647441521,0.2046893520853596
15291,26,15,4668.3,2,0,0,2,1.603290058782163,0.6057031843748611,0.3657142030694377
15292,201,1,178.39,1,2,1,1,-1.2438374020681762,0.07832204178244148,0.11610220317997905
15296,51,6,3672.86,0,0,0,0,0.923077966548327,0.6495381428843147,-0.11177116487091913
15297,10,3,641.94,3,1,0,3,0.35512814962324424,-0.6260429668180432,-0.01801792586185405
15298,2,12,4799.9,2,0,0,2,2.0737061317015,-0.344941031556598,0.05583598550976154
15299,67,7,4507.01,2,0,0,2,1.0019617835990324,0.8482618928468223,-0.06731217285389748
15300,64,1,496.44,4,4,1,4,-0.5521947543241236,-0.09263875949650226,-0.3162757136910335
15301,51,12,5049.95,2,0,0,2,1.3608472385321253,0.8632517152181272,0.23043479349405915
15303,290,1,574.02,1,2,1,1,-0.8803520148694909,0.5773775790888429,-0.26579928225287797
15304,61,8,694.4000000000001,0,3,0,0,0.3514789496538635,0.27648379452059973,0.6650047395873177
15306,64,3,1174.35,0,3,0,0,0.13559412414563826,0.29634971784401826,-0.10878312016308375
15307,96,1,205.3,1,2,1,1,-1.000533094376424,-0.18692216236402828,0.0178701379434556
15308,274,1,310.47,1,2,1,1,-1.1064992840984371,0.37141527804191865,-0.055648522304126175
15312,75,4,924.85,0,3,0,0,0.1145217867397732,0.33370406677964887,0.14842815103978163
15314,199,1,327.97,1,2,1,1,-1.0032359279425849,0.2544785646428448,-0.09619469378885885
15315,64,2,570.5,0,1,2,0,-0.29282700358402713,0.02661120617435776,-0.06780404295567849
15316,327,1,165.0,1,2,1,1,-1.398811960396988,0.2579967133228513,0.17585496454493488
15318,4,1,312.62,4,4,1,4,-0.07438677242491891,-1.3025810067084058,-0.3282143304300596
15319,284,1,204.5,1,2,1,1,-1.2789202302709084,0.2626964232147771,0.09188739120185205
15320,44,1,267.13,4,4,1,4,-0.700331334208871,-0.43020444710844513,-0.12539304121845893
15321,71,3,2748.31,0,3,0,0,0.44290516492850696,0.5918158687311104,-0.39844964771606195
15322,86,1,679.68,0,3,1,0,-0.5039700328441759,0.12254410676385333,-0.40606982784102397
15325,104,1,161.74,1,4,1,1,-1.11399544054729,-0.2243028740008455,0.10598438418414657
15326,334,1,311.71,1,2,1,1,-1.1556376925140313,0.45514107725194136,-0.043729599914674885
15327,53,1,208.75,4,4,1,4,-0.8435598847802418,-0.426967121612993,-0.027406107325719617
15329,39,3,1049.7,0,1,0,0,0.21630359968894902,0.059952706259366134,-0.1023904375094436
15330,32,2,714.96,4,1,2,4,-0.03022633643501582,-0.18989553045306723,-0.192152335932387
15332,366,4,1661.06,0,3,-1,0,-0.060289408097966526,1.1662659519209775,0.05039449944664062
15333,208,1,1028.56,0,3,1,0,-0.5666722336438303,0.6121482294734977,-0.49139131347080617
15334,157,3,350.82,1,2,0,1,-0.5660677222930213,0.3091653101605833,0.372044136866283
15335,54,1,170.22,4,4,1,4,-0.927948634559184,-0.4796462562660147,0.04466342574466631
15339,66,2,574.07,0,1,2,0,-0.29816736853757664,0.04113795132615769,-0.06793415745762045
15341,81,1,2020.52,0,3,1,0,-0.061467335121931005,0.42146489442809504,-0.7899348844817727
15342,130,1,406.09,1,2,1,1,-0.8109037428844134,0.14086831996011867,-0.1990779252480273
15343,87,1,364.5,1,4,1,1,-0.7510050821540771,-0.057579829254800846,-0.18829133208282225
15344,1,3,563.94,3,1,0,3,0.7422778820715751,-1.3775007506454253,-0.08781320151803332
15345,46,1,393.54,4,4,1,4,-0.559879115127208,-0.2971636017843336,-0.2572563691293475
15346,333,1,252.42000000000002,1,2,1,1,-1.2373952348273454,0.3913780750957378,0.02943530468013439
15347,366,1,201.60000000000002,1,2,1,1,-1.3494578166371993,0.36423266042897695,0.11389541127578823
15348,72,1,158.04,4,4,1,4,-1.0296465203638658,-0.38317346355111553,0.08950398531305068
15349,158,2,463.90999999999997,1,3,2,1,-0.6036432789606623,0.3393567771722934,0.06453994201286489
15350,373,1,115.65,1,2,1,1,-1.5710220160574608,0.20797769883627304,0.3078283598579992
15351,12,7,1934.66,3,0,0,3,1.095121565760219,-0.09513396977544149,0.11617591889473733
15353,255,2,770.12,0,3,2,0,-0.5273578268226626,0.6890174170017329,-0.07993732365935174
15355,29,2,277.05,4,4,2,4,-0.37702796956399953,-0.5110049901262688,0.13150030298063636
15356,31,10,2718.03,2,0,0,2,1.158043313786167,0.44390976775029095,0.29150229037295694
15358,5,22,8347.2,2,0,0,2,2.401127718965749,0.21920213244446576,0.3272819343862946
15360,40,1,427.93,4,4,1,4,-0.4919884533732416,-0.3294344336219869,-0.2956297771012494
15361,362,1,418.92,1,2,1,1,-1.0605385181818636,0.5763715370930698,-0.14119442991627992
15363,373,1,326.0,1,2,1,1,-1.1663861234599158,0.5144873240533857,-0.05189923315717042
15364,96,2,913.19,0,3,2,0,-0.2112521620330794,0.3337343360989374,-0.2047592399736972
15365,26,7,2314.32,2,0,0,2,0.9776755919887471,0.26381150682309695,0.10294759191569258
15366,75,2,602.51,0,1,2,0,-0.31159614504176175,0.10820732745946701,-0.07628258576486241
15367,57,4,1877.59,0,0,0,0,0.46171060580556533,0.43105565199399903,-0.11672366084892978
15368,21,1,446.94000000000005,4,4,1,4,-0.3150484949894401,-0.576908490423775,-0.35273321555810533
15370,41,7,2386.05,2,0,0,2,0.8761535924661669,0.4576777239024612,0.12208726363023276
15372,137,1,2007.3999999999999,0,3,1,0,-0.19773934318793177,0.6372389554888422,-0.7525693046533557
15373,8,12,2415.91,2,0,0,2,1.5220783655847727,-0.08953306479968844,0.3694150630952713
15374,129,1,168.0,1,2,1,1,-1.1540419635445458,-0.12375317498276978,0.10721065600799323
15376,40,3,1221.56,0,1,0,0,0.2694284165218873,0.11532687176007392,-0.1535936114842366
15379,169,7,3703.29,0,0,0,0,0.6894998866341648,1.1731045637042488,0.06299020459558527
15380,9,5,1690.2600000000002,3,0,0,3,0.964165035441161,-0.30032940553023874,-0.06506694620189882
15381,214,2,596.85,1,3,2,1,-0.58242794808682,0.5403389923102903,-0.0028862288653004886
15382,15,6,5955.71,2,0,0,2,1.4155642013168745,0.3002781501716934,-0.3598892698413774
15384,170,2,642.41,0,3,2,0,-0.49477857602695424,0.46641039048868765,-0.04395341401779096
15385,40,1,316.88,4,4,1,4,-0.6096048822615011,-0.41852827872428455,-0.19106694509095284
15386,186,1,394.14,1,2,1,1,-0.914026745366161,0.2808664896612634,-0.16468549300625118
15388,270,1,140.54,1,2,1,1,-1.4123494715188927,0.1307559577205723,0.2186153941929354
15389,172,1,500.0,1,2,1,1,-0.8008583935918824,0.3189022894671356,-0.25276891670422863
15392,5,4,1535.53,3,1,0,3,0.9655937850935935,-0.5775740194758646,-0.19952884458798703
15393,16,2,231.86,4,4,2,4,-0.30074750375377013,-0.8013009033929196,0.15510536179460993
15394,10,4,2183.54,3,0,0,3,0.9480191197494924,-0.21942819353646173,-0.28146496959159
15395,326,1,107.45,1,2,1,1,-1.565136524068392,0.1301354646956653,0.32421154932992613
15396,113,1,288.18,1,4,1,1,-0.9094443970317887,-0.018958481655329096,-0.08910126109239824
15397,290,1,94.0,1,2,1,1,-1.5871533605609582,0.04197916403445612,0.36255809156605834
15398,16,2,1345.53,3,1,2,3,0.38812238592906456,-0.279485474824286,-0.4573106691349586
15399,1,3,815.77,3,1,0,3,0.8869875723053747,-1.267883898234949,-0.21646236365637844
15400,92,5,716.2,0,3,0,0,0.05455373935339261,0.3772656549399003,0.3846608064906829
15402,149,2,626.77,0,3,2,0,-0.47077980612275383,0.4042912125860321,-0.04419910683828236
15405,189,1,349.1,1,2,1,1,-0.96562232990654,0.2515365749056267,-0.12137788090175963
15406,31,2,510.71000000000004,4,1,2,4,-0.15416670734165386,-0.3026375422684228,-0.07701458480895325
15407,34,4,1046.74,0,1,0,0,0.3622546593027287,0.04618065805775408,0.052991517123461174
15408,264,1,267.18,1,2,1,1,-1.1557273849740652,0.31142521931427924,-0.005922017285234588
15410,84,8,3450.84,0,0,0,0,0.8993659550373058,0.8848637889039777,0.12714082722609227
15411,26,4,1348.93,3,1,0,3,0.528397967517865,0.012996974943720704,-0.05294297374939841
15412,171,1,190.53,1,2,1,1,-1.176832435261137,0.03055121927811853,0.08241091776681153
15414,10,3,774.9000000000001,3,1,0,3,0.428917080581944,-0.5701482279007084,-0.08361743151751394
15415,313,1,559.61,1,2,1,1,-0.9098556835534405,0.6016465490190512,-0.25181382488580467
15416,65,4,3984.32,0,0,0,0,0.7237554710298599,0.7087381991687096,-0.3704828234713756
15417,85,1,508.8,4,3,1,4,-0.614476846635356,0.031750933549980334,-0.30596678786985965
15419,25,1,135.86,4,4,1,4,-0.8234112466390393,-0.8596148337873539,0.07232106217661496
15421,59,4,950.36,0,3,0,0,0.18591552131278744,0.2429181888727468,0.12300584594983238
15422,323,2,97.7,1,2,2,1,-1.3948634381417584,0.17624842817498887,0.6533732228007129
15424,254,2,383.34,1,2,2,1,-0.7996930172189063,0.48032634191799234,0.16280284995065752
15426,19,5,1404.07,3,0,0,3,0.7133339701205583,-0.06555088200602745,0.0463606198552618
15427,33,3,1430.54,0,1,0,0,0.3794659376281114,0.08395077826383109,-0.22128613962529836
15428,15,1,93.78,4,4,1,4,-0.8429167262805092,-1.17192416288208,0.1678063964517465
15429,27,2,397.35,4,1,2,4,-0.2181705905729458,-0.432952275854005,0.0013783378305205762
15432,23,1,171.19,4,4,1,4,-0.7127039977447721,-0.824807274846884,-0.013216168805531392
15433,214,2,533.3,1,3,2,1,-0.6265439184126556,0.5069213697562025,0.036333553929958545
15434,8,5,1041.48,3,0,0,3,0.8012854735425188,-0.4882779871222877,0.09669376147062198
15435,22,1,149.29,4,4,1,4,-0.7551707715607174,-0.8830574718891678,0.03138761345310476
15436,12,3,1067.75,3,1,0,3,0.511707508711544,-0.4050590521449679,-0.1841075119466484
15437,262,1,200.16,1,2,1,1,-1.2666627637387364,0.22274955763152915,0.09392061538296481
15438,131,1,156.57999999999998,1,2,1,1,-1.1854290003284378,-0.1381723217591446,0.1326568510907638
15440,55,3,383.68,4,4,0,4,-0.264566650395029,-0.09810358604141306,0.2709539681253168
15442,249,1,594.0,1,2,1,1,-0.8279330524960686,0.5240187868627918,-0.2879576278738027
15443,2,7,3213.59,2,0,0,2,1.6709200198166436,-0.5575857474417139,-0.15970432345914506
15444,9,2,1411.21,3,1,2,3,0.5431265597976773,-0.48725581301350784,-0.5097047908061396
15445,264,1,113.5,1,2,1,1,-1.489822182879843,0.058350113604518916,0.29109344695849304
15447,331,1,155.17,1,2,1,1,-1.4258881448002048,0.24491498190195776,0.1979751256771064
15448,313,1,494.64,1,2,1,1,-0.9582085540424431,0.5650194961972776,-0.20882737204118945
15449,26,3,974.52,3,1,0,3,0.28812563939446006,-0.1265109751862201,-0.10297937936389451
15450,30,1,429.84,4,4,1,4,-0.4184239774207497,-0.4450478665442369,-0.3160293015592096
15452,30,3,528.48,4,1,0,4,0.012758300903799535,-0.2504375802580011,0.11959054491576032
15453,2,7,1371.77,3,0,0,3,1.33690936466079,-0.8105971154474895,0.13723633657305906
15454,362,1,179.1,1,2,1,1,-1.3928544226025479,0.3246439341268672,0.1542395703907833
15456,283,3,434.59000000000003,1,2,0,1,-0.6328560348019305,0.617924602007592,0.337039621646362
15457,262,1,237.07,1,2,1,1,-1.2005317826487336,0.2728434385747537,0.03512914609801085
15458,25,1,161.64,4,4,1,4,-0.7556643134771538,-0.8082968773901653,0.012092986402022915
15460,354,1,214.26,1,2,1,1,-1.317124238804161,0.36835220564231524,0.09050113869386425
15462,94,3,234.6,1,4,0,1,-0.5927944158467475,-0.02283804856378037,0.47768504844962245
15463,29,1,126.14,4,4,1,4,-0.8890904852781545,-0.8216699516575207,0.10767820296950639
15464,338,1,1044.65,1,3,1,1,-0.6848299532415667,0.8190495775460163,-0.464195453762382
15465,20,18,7354.62,2,0,0,2,1.933083434700389,0.6687783847798255,0.31601259319228436
15466,85,1,334.53,1,4,1,1,-0.7786842608803791,-0.0926353453710869,-0.15998384626176393
15467,9,3,524.88,3,1,0,3,0.30071711538497103,-0.7256680388664021,0.045694929449635685
15468,51,2,467.51,4,4,2,4,-0.3135083219785525,-0.12580397506552504,-0.013502074554004706
15469,50,2,538.55,4,1,2,4,-0.2531004126352546,-0.09194528825992695,-0.06408021618185526
15471,2,1,454.48,3,4,-1,3,0.20332381707106173,-1.4052662055762377,-0.49288368303316726
15472,113,1,371.56,1,2,1,1,-0.8099917607275718,0.056376383190133855,-0.17751619938931307
15473,14,7,1771.2,3,0,0,3,1.0237279526207965,-0.061517697189352905,0.1566132273697064
15475,77,1,454.10999999999996,4,4,1,4,-0.6339418476339713,-0.0428295436478271,-0.2729467501868729
15478,40,2,1399.92,0,3,2,0,0.17751837953491273,0.10049379530234107,-0.41177812038059164
15480,116,1,905.5,0,3,1,0,-0.4676096848349194,0.3316476316521323,-0.4860800534837321
15482,16,12,10879.76,2,0,0,2,1.949301591637857,0.6238397038355061,-0.11275826389922788
15483,161,4,225.26,1,2,0,1,-0.6330197029254394,0.23127397517492476,0.6911836528443903
15484,1,4,3590.41,3,1,0,3,1.5810916601929308,-0.784600704381667,-0.5698894410408379
15485,30,3,2564.5,0,0,0,0,0.6322110118306707,0.2187946893932844,-0.4311125359651006
15488,93,1,91.32000000000001,1,4,1,1,-1.308102590777187,-0.4391572926507207,0.2963607748300423
15489,23,3,1134.28,3,1,0,3,0.3779180148729149,-0.13067475262173872,-0.16384848803197063
15491,95,6,3100.09,0,0,0,0,0.6990490281982605,0.8555665233627858,-0.011287873255372699
15492,28,2,659.4599999999999,4,1,2,4,-0.02870831198383128,-0.2679305327276533,-0.1727046756891497
15493,33,5,1953.41,0,0,0,0,0.7065678121585546,0.25450899729826004,-0.03303115693429219
15494,21,2,1280.58,3,1,2,3,0.30248401110321815,-0.18635054902105896,-0.42267557507288317
15497,18,2,1262.2,3,1,2,3,0.33447320116827317,-0.25196199019473664,-0.4275179753425645
15498,3,27,13316.4,2,0,0,2,2.7880160629598802,0.22632370230405338,0.28100518014130976
15500,8,4,1131.56,3,0,0,3,0.741690529526626,-0.4986981835973146,-0.06573680011868104
15502,16,12,10384.93,2,0,0,2,1.9310306043836856,0.6099995241626841,-0.0965150724592359
15503,363,1,141.04,1,2,1,1,-1.4867544164727304,0.25520108493782284,0.2372753321678091
15504,81,1,52.83,1,4,1,1,-1.4847732074594502,-0.6566820457727696,0.4754061417271285
15505,53,5,3610.96,0,0,0,0,0.828818887958244,0.6306233968782569,-0.21617559225636385
15506,23,3,972.08,3,1,0,3,0.3173988983737395,-0.17651767475490387,-0.11004605352746148
15507,172,1,475.86,1,2,1,1,-0.8202438634456296,0.3042178949083971,-0.23553493292392041
15508,189,6,1000.27,0,3,0,0,0.07990756386338815,0.8049346652333151,0.42925876050771694
15510,331,1,250.0,1,2,1,1,-1.2396190329542387,0.3860128842529415,0.032378992256318045
15511,12,5,900.53,3,0,0,3,0.6497996722087936,-0.3776747253702649,0.17218003940748688
15512,156,2,121.0,1,2,2,1,-1.1255569522263293,-0.06374762131979135,0.5305667292468139
15513,33,19,14758.220000000001,2,0,-1,2,2.1086015908302125,1.0872489232447387,0.14302282350436402
15514,12,11,4023.7200000000003,2,0,0,2,1.5873581804590597,0.2005129728381471,0.15762355282924956
15516,45,3,62.43,4,4,-1,4,-0.9216009251093612,-0.7163537788437614,0.8867290467940839
15517,233,1,267.03,1,2,1,1,-1.1239886412354871,0.2592256957594998,-0.014114113596065625
15518,64,8,1921.55,0,0,0,0,0.7385349870215245,0.5986347810409002,0.3133003472134292
15520,2,1,343.5,4,4,1,4,0.09370056319345021,-1.488305261368865,-0.3954269077512324
15521,40,8,3000.2,2,0,0,2,1.0317371571084273,0.5383322896322729,0.12680933742722422
15522,33,2,397.99,4,4,2,4,-0.26741561452141255,-0.351270390873148,0.013907647851991
15523,84,1,412.01000000000005,4,4,1,4,-0.694122925319982,-0.03574825552589045,-0.23327765687307672
15524,25,1,440.0,4,4,1,4,-0.36409117361745535,-0.5116822207589546,-0.3360216165484925
15525,2,3,734.37,3,1,0,3,0.7416192314653308,-1.129518264936601,-0.15248907812368195
15526,33,2,148.44,4,4,2,4,-0.6529181976716124,-0.6432866317534893,0.3566254316045071
15527,19,8,2428.53,2,0,0,2,1.1331854005508042,0.1752646526496273,0.1521598068360081
15528,254,1,229.33,1,2,1,1,-1.2055710840035756,0.2500955589672191,0.044581125665371285
15529,23,11,3962.6,2,0,0,2,1.4238555348777502,0.45238971143739676,0.20429803012517206
15530,22,4,1497.31,3,0,0,3,0.6105244637275474,-0.023055499380452274,-0.10014683591221654
15531,8,2,1972.39,3,1,2,3,0.7015386138148335,-0.4318276339638603,-0.6335773197390011
15532,25,4,1564.73,3,0,0,3,0.5963080612306505,0.04131009820806322,-0.1072416267742688
15533,19,3,807.57,3,1,0,3,0.2915337343702402,-0.3078426267537775,-0.05770604892858261
15535,173,4,502.9,0,3,0,0,-0.3370623461724114,0.499252400768599,0.4165713254376894
15537,163,1,110.92,1,2,1,1,-1.3755003293592774,-0.14912662144384686,0.2666957092235248
15539,7,1,538.46,4,4,1,4,0.01779280013444684,-0.9447228621796112,-0.48581259368522306
15540,11,1,213.3,4,4,1,4,-0.44876494658762306,-1.049656565943593,-0.1362969378546164
15541,114,1,85.13000000000001,1,2,1,1,-1.3871439277434723,-0.37546117415265484,0.33417531602280354
15543,288,1,127.86,1,2,1,1,-1.4657123267293164,0.12974369345540768,0.25570516168353297
15544,9,9,3546.71,2,0,0,2,1.5131042880925691,0.018203858026162093,0.050453728782383495
15545,54,2,288.96999999999997,4,4,2,4,-0.5162554255747765,-0.24501053275303877,0.15771539829803355
15547,7,14,4910.6,2,0,0,2,1.903007719549235,0.09958474815838887,0.2187931071225953
15549,77,3,1681.46,0,3,0,0,0.22956396415272534,0.4792636146183737,-0.2216692394790169
15550,4,4,575.63,3,1,0,3,0.6276958595879751,-0.9452621971132525,0.1302131312410506
15551,37,1,436.06,4,4,1,4,-0.46509817862858904,-0.3556316737270148,-0.30730537654543727
15552,217,1,90.12,1,2,1,1,-1.529327829588793,-0.09122104202542078,0.35763849100849987
15553,60,1,428.93,4,4,1,4,-0.593134045646997,-0.1625730200459313,-0.269657280426945
15554,278,1,217.2,1,2,1,1,-1.2499146421047684,0.2716285682835501,0.06952566551579187
15555,12,16,4794.86,2,0,0,2,1.8321745728570753,0.31962603109478416,0.35149941988312833
15556,24,1,279.77,4,4,1,4,-0.5312569807520875,-0.6623451189021881,-0.18109586806936206
15557,29,1,468.91,4,4,1,4,-0.3759255957226778,-0.4329501646843161,-0.34853335393083923
15561,12,4,800.59,3,1,0,3,0.5115474056988328,-0.4476774425244883,0.07967705916092882
15562,352,1,134.55,1,2,1,1,-1.497230718165611,0.22846013720175698,0.2515279459082304
15563,22,4,1400.44,3,0,0,3,0.5842872401351816,-0.042930062455933726,-0.0768215366420651
15565,50,2,173.16,4,4,2,4,-0.6969832384494486,-0.4281842652503904,0.3305385100163374
15567,19,1,186.01,4,4,1,4,-0.633458335998788,-0.8765113123492295,-0.05432132079909073
15568,3,3,758.29,3,1,0,3,0.6802844622811389,-0.9996786736025892,-0.1442652352194206
15569,104,5,1375.71,0,3,0,0,0.27936052494047753,0.6219292908643047,0.16527050846874264
15570,7,12,4148.82,2,0,0,2,1.7645387045254175,0.021948361562859075,0.1728217637869836
15571,12,4,650.4300000000001,3,1,0,3,0.4301213425808702,-0.5093572701071963,0.15206609392028303
15572,5,7,2533.42,2,0,0,2,1.3995395026212116,-0.3383733289215275,-0.030007975526853914
15573,32,2,591.1899999999999,4,1,2,4,-0.10473149140572224,-0.2463328054071396,-0.1259160960062084
15574,178,4,675.64,0,3,0,0,-0.22863063197718586,0.5987506716332794,0.31561392536618477
15576,38,1,921.37,4,3,1,4,-0.17858295481596598,-0.12267928082472611,-0.5662027314593893
15577,151,3,258.88,1,2,0,1,-0.675026623560397,0.20290406181452408,0.4751415666878669
15578,162,1,127.1,1,2,1,1,-1.3209240710541814,-0.11153359492940361,0.21916100211663736
15579,69,2,327.6,4,4,2,4,-0.5291115842478697,-0.10695752851023468,0.1303286086337337
15581,121,13,3675.77,2,0,-1,2,1.0545798032581146,1.139750031136401,0.45301091417569395
15582,25,3,682.9100000000001,3,1,0,3,0.15840773625549465,-0.24790005174053606,0.018416326219701323
15584,24,4,720.86,3,1,0,3,0.3024392587299159,-0.20532967280782968,0.16032505243957812
15585,177,1,455.3,1,2,1,1,-0.8448636808671257,0.30302925004914905,-0.21823344090081495
15587,50,4,913.6800000000001,0,3,0,0,0.21222925023413552,0.16325413740055617,0.12577068267899627
15589,256,3,478.53000000000003,1,2,0,1,-0.5694677420623926,0.6047202690754775,0.29676550060608337
15592,47,1,388.58,4,4,1,4,-0.5702536530588249,-0.29212008876648116,-0.2514218843909856
15593,71,1,199.8,4,4,1,4,-0.9345782678837425,-0.3196127164523843,0.007206929376050525
15594,16,5,1771.78,3,0,0,3,0.8463355872241393,-0.06439940223105303,-0.04572173300445723
15596,101,5,1406.59,0,3,0,0,0.2955146664841041,0.6164015221851995,0.15557489978028544
15597,35,1,324.57,4,4,1,4,-0.5668131738284367,-0.46581430951074326,-0.20817680435637642
15598,53,1,240.68,4,4,1,4,-0.7879359364581479,-0.3848322644112408,-0.07685666129278623
15599,27,2,761.74,4,1,2,4,0.03682595260082222,-0.23979369474516446,-0.22531754946270896
15601,11,14,6776.56,2,0,0,2,1.9252596596317701,0.36492188948226806,0.1337493595648072
15602,8,9,1297.8700000000001,3,0,0,3,1.1457299755976988,-0.3246484543292343,0.39401344579139086
15604,52,1,216.39,4,4,1,4,-0.8247140128096458,-0.4241465800830145,-0.04115179758489611
15605,36,5,1198.23,0,0,0,0,0.4931205948388192,0.14464317029425625,0.1431168436103566
15606,61,9,2920.16,2,0,0,2,0.9681288911086515,0.7235273424361133,0.24127593114932777
15607,337,1,104.76,1,2,1,1,-1.5834953353344652,0.1365047019828104,0.3352075219545997
15608,28,4,1093.68,3,1,0,3,0.42776614932841006,-0.01943887708994287,0.025018634888241298
15609,184,1,298.48,1,2,1,1,-1.0200770918525075,0.19394425356735337,-0.06867437783574465
15610,52,1,112.46000000000001,4,4,1,4,-1.0799682376409363,-0.6175003537333904,0.1857731727039859
15611,10,13,1591.45,2,0,0,2,1.3441980093408792,-0.1154130643691448,0.5828125627142816
15612,36,2,195.15,4,4,2,4,-0.5678712628057176,-0.5270446606365895,0.2674074948727058
15615,10,23,10399.74,2,0,0,2,2.353223252247149,0.5462679198364415,0.32259330186150126
15618,33,4,776.851,0,1,0,0,0.25277708312580216,-0.054512496140446814,0.15498445670456007
15619,11,1,336.40000000000003,4,4,1,4,-0.27058850177814564,-0.9146888176044979,-0.29469856459083654
15620,57,3,1553.18,0,3,0,0,0.27453644423479295,0.33176929225557256,-0.21396516120892595
15621,4,4,1293.03,3,1,0,3,0.9450020882812907,-0.7049043469692544,-0.15187703422555074
15622,43,9,3709.56,2,0,0,2,1.1501245509939984,0.6512211020573679,0.1346774583251828
15623,141,1,301.03,1,2,1,1,-0.9487960507291637,0.08582796541275983,-0.0894672392251322
15624,117,4,588.13,0,3,0,0,-0.1759531082046491,0.3832864079817144,0.335852712183548
15625,104,4,1534.26,0,3,0,0,0.23002104291552755,0.619277554550074,-0.00627731811051932
15626,75,2,675.8,0,1,2,0,-0.2666044728248312,0.14228828973045032,-0.11628088114203855
15628,5,9,2870.2400000000002,2,0,0,2,1.5612785367610442,-0.25835394850656185,0.08984574815824128
15630,45,2,1186.35,0,1,2,0,0.08302892897008723,0.09943652041735612,-0.3462964558812645
15632,16,8,3285.31,2,0,0,2,1.293510901575932,0.19711383515805453,0.035786096796316225
15634,17,1,243.55,4,4,1,4,-0.501087936160922,-0.8408095535419574,-0.15504241470745983
15636,90,2,724.76,0,3,2,0,-0.2854584051390985,0.23839335187856575,-0.12851155661639205
15637,53,1,223.36,4,4,1,4,-0.8171271574138201,-0.4069444654256284,-0.05090521248742215
15639,134,1,425.32,1,2,1,1,-0.8005114803260901,0.1671727896579195,-0.21315790935249745
15640,4,15,12416.11,2,0,0,2,2.420437863706979,0.19121166065667466,-0.08930941356508354
15641,105,4,1887.2,0,3,0,0,0.30881470822494855,0.6847722182039369,-0.07785175667512584
15643,192,3,664.0,0,3,0,0,-0.36754336049069003,0.5821709287432345,0.16334668334530839
15644,166,4,803.54,0,3,0,0,-0.1428419802791555,0.6212096034712101,0.25051543409268845
15645,19,1,612.01,4,4,1,4,-0.16741274807915207,-0.5234841560820663,-0.4686430867241323
15646,158,3,447.64000000000004,0,2,0,0,-0.47225854237795545,0.38409173727404644,0.28763082987769845
15648,204,2,639.5,0,3,2,0,-0.5431426779027821,0.5409094600988565,-0.030145496162436627
15649,336,2,816.0,0,3,2,0,-0.5752885280832555,0.8211806386971944,-0.08157345642181069
15651,37,3,646.3,0,1,0,0,0.03932680991052612,-0.10554040795169352,0.06320056299889171
15652,91,1,337.74,1,4,1,1,-0.7922710393532936,-0.061597182748668725,-0.15875996572540507
15653,93,2,877.4399999999999,0,3,2,0,-0.21884113630162758,0.30873292158799887,-0.19295594633123841
15654,9,2,922.53,3,1,2,3,0.37640652547918396,-0.6135453888272171,-0.3614880909286311
15655,243,1,560.67,1,2,1,1,-0.8443221234505138,0.4967168447440218,-0.26947747145720946
15656,45,4,748.5,0,1,0,0,0.16055159581498973,0.06087412419649171,0.18832088556772747
15658,190,5,1024.1000000000001,0,3,0,0,0.009898419994297525,0.7844776604179368,0.30852533216980194
15659,44,1,306.45,4,4,1,4,-0.6466142701650632,-0.38951404502341014,-0.1731483454458574
15660,25,9,1600.86,2,0,0,2,0.9555177175390382,0.1814014903387378,0.39236299849692
15661,317,2,309.8,1,2,2,1,-0.9397789108980811,0.5095175264916983,0.2518045926778175
15663,106,1,138.14,1,4,1,1,-1.1803448440292645,-0.2629990249466445,0.16193306721431555
15664,51,1,386.43,4,4,1,4,-0.5929875945538898,-0.2602883159686303,-0.24409429002101823
15665,168,2,2222.21,0,3,2,0,-0.005020926285934202,0.8301894581865022,-0.4774619671748192
15667,40,1,301.32,4,4,1,4,-0.6293062545221904,-0.4334519677453492,-0.17355211916451802
15668,218,1,76.32000000000001,1,2,1,1,-1.5949702600860305,-0.13814012695822225,0.41525899614920647
15669,40,4,684.34,0,1,0,0,0.1549808508348675,-0.013863688790614432,0.2117942889664715
15670,297,1,173.05,1,2,1,1,-1.355582553961189,0.23195998602692613,0.15286212453215864
15671,19,7,2657.13,2,0,0,2,1.1089687282665266,0.17935212189684202,0.03452913442064004
15673,88,4,2726.23,0,3,0,0,0.498045130034919,0.7209888458828405,-0.2179452583558475
15674,73,5,2446.6,0,0,0,0,0.5951213911643884,0.6466900297626247,-0.059128595251199
15675,81,3,323.69,4,4,0,4,-0.4290868281776622,0.010986912353381523,0.355832143129905
15676,19,3,3435.76,3,0,0,3,0.8595636326654533,0.12243712455772751,-0.5626934507200085
15677,49,1,657.23,4,4,1,4,-0.37485223939850376,-0.11908754850597192,-0.4317072590213872
15678,53,1,352.7,4,4,1,4,-0.6384384617360825,-0.27158868966603045,-0.2097622382014151
15679,24,4,781.28,3,1,0,3,0.3339932071165863,-0.1814277178131008,0.13227310225197697
15680,9,3,1333.68,3,0,0,3,0.6663300214934593,-0.4487181269184966,-0.2793406225015106
15681,25,5,1426.16,3,0,0,3,0.6520608424419485,0.04881987595157443,0.05860467722186016
15683,117,1,193.75,1,2,1,1,-1.0734920101902263,-0.12208952939584314,0.05118891019580801
15687,9,9,2993.1,2,0,0,2,1.4465044022931752,-0.032245215843264015,0.10966206163665607
15689,120,2,254.1,1,4,2,1,-0.7690905235472189,0.046658937336784764,0.25558397970478974
15690,4,2,239.76,4,4,2,4,0.02671527800186063,-1.3032165019548925,0.06095800594593684
15691,252,1,136.8,1,2,1,1,-1.405206296043676,0.09404744144917766,0.22332729444003058
15692,28,1,191.04,4,4,1,4,-0.7184873969322942,-0.7132148891949276,-0.038533985492821804
15694,1,14,6479.4,2,0,0,2,2.3679305302167495,-0.3978021464193234,0.02859980107197141
15695,267,2,409.98,1,2,2,1,-0.7861584113055509,0.5210507777233546,0.1427671652084922
15696,33,8,2711.11,2,0,0,2,1.0400686823550975,0.4299144229183218,0.14953501922523293
15699,18,1,309.65,4,4,1,4,-0.4210598464238567,-0.7470546380547273,-0.23489099111563833
15700,172,2,696.68,0,3,2,0,-0.4659773599355097,0.4953531818699266,-0.07142972729613786
15701,2,4,1529.0,3,1,0,3,1.1419790448691778,-0.86874486106684,-0.2447729332801757
15703,265,1,211.5,1,2,1,1,-1.2480482838388993,0.24380082498046818,0.07554646336881407
15704,140,4,2293.62,0,3,0,0,0.31204632588935166,0.8620734561093426,-0.12664837648525756
15705,201,1,143.1,1,2,1,1,-1.329827825585721,0.013184734472834098,0.19254902522472533
15706,64,4,1060.56,0,3,0,0,0.20837860165760919,0.3089864752337975,0.09015258593848208
15707,35,4,916.98,0,1,0,0,0.30311671131530177,0.018647938400265105,0.10103184240594265
15708,41,7,3235.25,2,0,0,2,0.9956296105073627,0.5481801983052029,0.015871227981256147
15709,284,1,133.25,1,2,1,1,-1.4460463413021167,0.1360992463619592,0.24046509958383783
15712,9,5,1072.3600000000001,3,0,0,3,0.7856794045456894,-0.4355313607527915,0.09360955176681246
15713,143,2,356.7,1,2,2,1,-0.6810958638937862,0.2199609054683263,0.14934561804941415
15714,12,2,330.03000000000003,4,4,2,4,-0.09374654944761827,-0.8088991058421967,0.014256589952981374
15716,146,4,1101.1100000000001,0,3,0,0,0.013466781159397229,0.6614392755381903,0.13208606874652312
15717,234,1,150.3,1,2,1,1,-1.349558945056578,0.09097069480837458,0.18573501578082052
15719,33,13,5030.07,2,0,0,2,1.5058915341039398,0.6986269508666434,0.2574329656683005
15720,24,1,598.73,4,4,1,4,-0.2333318906114334,-0.43666838237844335,-0.44595590034959093
15721,12,1,471.40000000000003,4,4,1,4,-0.15903385571109382,-0.7811341245279492,-0.40675561023147255
15722,36,5,2211.21,0,0,0,0,0.7334851970888577,0.32671813076840445,-0.07057102094953493
15723,365,1,190.7,1,2,1,1,-1.370465813447359,0.3466470928056758,0.1330110133880802
15724,201,2,218.25,1,2,2,1,-0.9601860188136322,0.215966735249524,0.34298534745513826
15725,15,1,415.25,4,4,1,4,-0.2620462725039733,-0.7319177562734032,-0.34859645859228583
15727,17,7,5159.06,2,0,0,2,1.3964238326172027,0.3325297535239454,-0.20406467045692028
15729,213,1,85.0,1,2,1,1,-1.547271925235997,-0.11616264142890619,0.3765717945089846
15730,66,3,1120.88,0,3,0,0,0.10953193890683222,0.2951797897998801,-0.09049121459593037
15732,212,2,294.12,1,2,2,1,-0.8571525207890496,0.3265090993152845,0.24285244154177482
15733,283,1,162.3,1,2,1,1,-1.3682482074854185,0.19287687205138374,0.17186709601245997
15734,115,2,1339.45,0,3,2,0,-0.10696454401660269,0.5223543233741906,-0.3262639634550907
15737,15,8,1188.1200000000001,3,0,0,3,0.910034547098543,-0.1305201689107057,0.38646033650634615
15738,19,16,4812.42,2,0,0,2,1.7229488581776544,0.5008850459043902,0.37926633470116944
15739,66,1,449.12,4,4,1,4,-0.5992194693739706,-0.10968769697487103,-0.2793477935478457
15740,49,1,154.88,4,4,1,4,-0.9403112119748007,-0.5474198366957369,0.07099454987626552
15743,16,4,775.96,3,1,0,3,0.43038426855145107,-0.34475773528266224,0.10865405713144713
15745,19,4,1094.59,3,1,0,3,0.523540363317013,-0.1745959015995133,-0.0003213083695274843
15746,134,1,196.88,1,2,1,1,-1.1018069169969826,-0.06105696717552539,0.05469841333876416
15747,13,3,946.64,3,1,0,3,0.4454581027630615,-0.40982700907065894,-0.13713877153579038
15748,40,1,144.36,4,4,1,4,-0.9167615474000528,-0.6511978862328669,0.08200010074018632
15750,3,8,2463.05,2,0,0,2,1.5521595073357926,-0.49367733882504605,0.038731567319643556
15752,40,7,2626.6,2,0,0,2,0.9200337823444039,0.47614902788623154,0.08695570229306193
15753,305,1,79.2,1,2,1,1,-1.6665447800682522,0.012642557080920085,0.42504842887682426
15754,51,3,458.57,4,1,0,4,-0.17570265579582034,-0.07620519353504207,0.20388050717142692
15755,10,6,2364.25,3,0,0,3,1.1492413732990894,-0.13108363124997577,-0.06281554862650017
15756,61,4,528.01,0,3,0,0,-0.05289072245249714,0.0821182825614777,0.3300306366031476
15757,66,2,714.42,0,1,2,0,-0.21244258255807152,0.10607403955530836,-0.14414482360536948
15758,25,1,205.25,4,4,1,4,-0.662413575787553,-0.737659919118925,-0.070808367703341
15759,218,3,253.04,1,2,0,1,-0.7777597319335662,0.3488845900361065,0.5076937330309179
15762,65,2,583.75,0,1,2,0,-0.2877516760152482,0.039812114456674624,-0.0747734560880554
15763,32,2,1086.92,0,1,2,0,0.1340169865583154,-0.06548205083827197,-0.33816720097543584
15764,88,6,3279.97,0,0,0,0,0.7406322754445267,0.8406671028145732,-0.03606986870224688
15766,64,1,315.06,4,4,1,4,-0.7302340451733947,-0.22750261441015243,-0.1579960189556075
15768,116,3,621.8299999999999,0,3,0,0,-0.264687145537012,0.35335232962764773,0.15246624614202997
15773,6,1,635.6800000000001,4,4,1,4,0.1171399615002674,-0.9513000124853935,-0.5526412867363724
15774,69,1,270.8,4,4,1,4,-0.8084936785559698,-0.2413682573714646,-0.10034999982215245
15775,245,1,104.9,1,2,1,1,-1.501360907946851,0.00401604228164704,0.31332629113409594
15776,133,1,241.62,1,4,1,1,-1.0198808560799109,-0.003554775856711101,-0.016938434104146596
15777,241,4,1047.11,0,3,0,0,-0.13431129611808001,0.8549973204505683,0.18322643718109438
15780,184,3,475.28000000000003,0,2,0,0,-0.48769496204495527,0.46521291128712455,0.2769772289119564
15781,25,3,345.46,4,1,0,4,-0.10855095872100848,-0.4501199018394048,0.2557467522525772
15782,10,3,2614.7400000000002,3,0,0,3,0.9059774953833178,-0.2087773964403245,-0.5077315496143074
15783,11,1,246.3,4,4,1,4,-0.39254153940452124,-1.0070676217115453,-0.1862804200594566
15785,33,5,2328.9700000000003,0,0,0,0,0.7755655623484132,0.3067744412156439,-0.09437122847348815
15786,46,3,4919.0,0,0,-1,0,0.7809192934535351,0.5864762646176974,-0.6302993899158447
15787,26,3,933.26,3,1,0,3,0.2711611431857839,-0.13936149455448144,-0.08789767875476995
15789,358,1,351.3,1,2,1,1,-1.1266169237354993,0.5195270460350369,-0.08066625366811679
15790,10,1,218.75,4,4,1,4,-0.41655486774256545,-1.0785808265573116,-0.15092732693146205
15791,44,2,1612.69,0,3,2,0,0.20910977908820033,0.18147277567464168,-0.45484668623972496
15793,15,3,965.61,3,1,0,3,0.41893683103928503,-0.34808461873391555,-0.13505342545257107
15795,150,1,610.01,1,3,1,1,-0.6879949450818399,0.3210436142339611,-0.33121457307334634
15796,1,8,2708.61,2,0,0,2,1.7675084337611482,-0.7553334016225737,-0.04115182617813322
15797,113,4,2207.4,0,3,0,0,0.3516152013408772,0.7617825294753183,-0.12761300411887502
15799,76,3,884.14,0,3,0,0,-0.019244546838652093,0.2828848354912222,0.0016022519624835918
15800,107,2,696.89,0,3,2,0,-0.34482655979366167,0.2983828223148054,-0.10329929646853643
15801,46,3,1063.95,0,1,0,0,0.18016486700616063,0.13140785010843176,-0.09621937434474445
15802,143,1,451.42,1,2,1,1,-0.7937645338489265,0.2118347454056212,-0.22954381392196022
15803,51,1,415.82000000000005,4,4,1,4,-0.5642844518351463,-0.23854583172977964,-0.2696118296932938
15804,1,13,4206.39,2,0,0,2,2.1635088099800477,-0.5395110428310935,0.12881938544046972
15805,23,17,5488.18,2,0,0,2,1.7565664354424886,0.6271967390897869,0.3875665015565767
15806,46,3,784.58,0,1,0,0,0.060726584204790934,0.040933959957428684,0.009963114089951958
15807,50,3,903.9,0,3,0,0,0.09525269404515146,0.11714210576878384,-0.033877579121056836
15808,306,4,3651.27,0,3,-1,0,0.29462058233641203,1.3257095632616576,-0.23639334932703004
15809,36,5,515.77,0,1,0,0,0.1626555362873871,-0.1056824263643068,0.4369054131937289
15810,79,4,1391.98,0,3,0,0,0.2616985038294379,0.47662377789332466,0.009329877983744433
15811,22,6,2218.62,3,0,0,3,0.9348196137870964,0.1585161544067119,0.009088868581200144
15812,107,5,1801.14,0,3,0,0,0.3778297234050827,0.71378318093251,0.07319563272142085
15813,208,2,1303.9099999999999,0,3,2,0,-0.2687507420593298,0.7606024572306413,-0.2771945171334133
15814,17,4,1945.33,3,0,0,3,0.7761867490771659,-0.04778569679897887,-0.20796962179765413
15815,64,5,2100.6,0,0,0,0,0.568604803771875,0.5471333166605394,-0.014682710096991916
15819,49,4,1905.45,0,0,0,0,0.5056159578341362,0.37335741707265285,-0.13186733537912435
15820,320,1,206.98,1,2,1,1,-1.3047678412320018,0.3160143757479483,0.09572047021676855
15821,44,2,570.96,4,1,2,4,-0.1980492549497666,-0.12694811631692582,-0.09287598129651231
15822,3,2,885.47,3,1,2,3,0.5957078338628505,-1.0089567304659837,-0.40896925823024427
15825,172,1,532.94,1,2,1,1,-0.7758616959854536,0.33783716043428536,-0.2749913691059789
15826,56,3,1654.31,0,3,0,0,0.30375065640178994,0.3432407175302617,-0.23713777058553237
15827,73,14,1836.0900000000001,2,0,0,2,0.9454991997039025,0.7375942290822224,0.7119699168987182
15829,99,2,636.14,0,3,2,0,-0.36080720147092016,0.23911348962434142,-0.07670503316009192
15830,38,1,576.0,4,4,1,4,-0.3627308697589827,-0.2621703873386896,-0.40249237503013474
15831,58,3,794.64,0,1,0,0,0.007309246768020944,0.13982204409687388,0.020852542008675562
15832,254,1,836.79,1,3,1,1,-0.6986862208252315,0.6340582579845043,-0.40604739024912545
15834,70,4,2225.15,0,0,0,0,0.4763961664719337,0.5661168219168456,-0.1623302828431082
15835,44,4,954.09,0,3,0,0,0.26135196541287287,0.12376054437656342,0.10224539502888624
15836,50,1,137.37,4,4,1,4,-0.9921728071377947,-0.5745690753450351,0.11391299179412101
15837,65,1,391.98,4,4,1,4,-0.6486476367166756,-0.15634495252060243,-0.23298497130909468
15839,33,3,1048.49,0,1,0,0,0.25759947331987115,-0.008362446996206117,-0.11294496011833152
15840,59,2,355.56,4,4,2,4,-0.4574566966040158,-0.14714756431483328,0.0914375437472521
15841,73,4,1224.06,0,3,0,0,0.23129992237027092,0.40581979215982245,0.048902948701601945
15843,304,1,118.95000000000002,1,2,1,1,-1.507681422064203,0.13097474683960172,0.2843432926583693
15844,46,1,130.73999999999998,4,4,1,4,-0.9904658828118424,-0.6233308825444044,0.1255419548874364
15845,18,8,3711.77,2,0,0,2,1.312835459734178,0.279914557921915,0.0007039997611892612
15847,38,2,389.27,4,4,2,4,-0.31133456790816283,-0.3004577336588688,0.030869143821651956
15850,19,2,234.88,4,4,2,4,-0.33743736139353236,-0.7294967165122491,0.16156506465023063
15852,187,2,160.71,1,2,2,1,-1.0612313378134717,0.09540841608092841,0.44437687944508786
15853,52,1,110.8,4,4,1,4,-1.085753983731041,-0.6218830268924498,0.1909167908378826
15854,4,12,2969.12,2,0,0,2,1.7539801619576325,-0.27408226897068794,0.2578576637040696
15855,137,5,712.24,0,3,0,0,-0.04899932743162884,0.5406808853046694,0.4131997293678191
15856,4,27,16143.64,2,0,0,2,2.8062673328239205,0.3768981341740355,0.22886356262489654
15857,19,1,297.0,4,4,1,4,-0.4505559042277701,-0.7379636529867607,-0.21692442334454384
15858,16,5,1427.57,3,0,0,3,0.7615933667959243,-0.12859120206565755,0.029615417107736464
15860,41,8,965.16,0,0,0,0,0.5806132418135966,0.21137594036950585,0.5239868956585685
15861,12,8,3146.92,2,0,0,2,1.345534167025089,0.07212082370250374,0.03271489734377375
15862,8,4,832.88,3,1,0,3,0.6215120898888526,-0.5897327387774913,0.041103699239129377
15863,26,2,68.84,4,4,-1,4,-0.8923106320361686,-0.9658971233363967,0.606552840319102
15864,22,6,1936.3200000000002,3,0,0,3,0.8814205561552834,0.11806664055710117,0.056561460169302274
15865,41,3,895.13,0,1,0,0,0.14130485063123294,0.03304164004282742,-0.04356838046818706
15866,101,1,211.89,1,2,1,1,-1.0011009749277053,-0.15655034051605948,0.010285124895260539
15867,5,15,3810.14,2,0,0,2,1.90994077100801,-0.08375506163740075,0.33518495841386586
15869,277,2,149.64,1,2,2,1,-1.1895548149400823,0.2379305755099716,0.49549640528483463
15870,33,1,351.44,4,4,1,4,-0.5209996656145981,-0.466139233555232,-0.23970582169747776
15872,15,2,316.25,4,1,2,4,-0.16377627457855545,-0.7346985168477259,0.043093616442699795
15874,64,7,4405.88,2,0,0,2,1.0046458522873838,0.8226438794679767,-0.062436015229807865
15877,2,2,490.33,3,4,2,3,0.43795082486813497,-1.3047572265202287,-0.22241710756712213
15880,369,1,329.03000000000003,1,2,1,1,-1.1600032616190297,0.5127326699184342,-0.05584298641638061
15881,312,5,501.39000000000004,0,3,0,0,-0.39693930475964034,0.7789954126431345,0.5907101781529177
15882,199,4,516.36,0,3,0,0,-0.362488158958285,0.5653365282686669,0.4167604137209665
15883,2,2,396.48,3,4,2,3,0.35474097566236995,-1.3677882629680969,-0.14844225927130716
15885,93,3,379.35,0,4,0,0,-0.4020606226915594,0.11515678710038985,0.3098229819490236
15886,60,1,181.09,4,4,1,4,-0.9303840847826096,-0.41803820489725757,0.030163242274905383
15888,81,1,168.31,1,4,1,1,-1.0349473836233787,-0.3159412780868288,0.0755039979853758
15889,157,2,420.07,1,2,2,1,-0.6409028080223225,0.30726642220746575,0.09867973110674136
15891,227,1,511.68,1,2,1,1,-0.862725062646679,0.4412129522988787,-0.24220062169939732
15894,253,2,258.25,1,2,2,1,-0.953245122403075,0.3616034235423762,0.29994549124871817
15895,150,1,179.17,1,2,1,1,-1.1673846876514644,-0.042091671132553465,0.09497035358676392
15897,194,2,208.59,1,2,2,1,-0.9688144317989396,0.1878173630593151,0.356332705694505
15898,1,5,1383.83,3,1,0,3,1.2991310151584363,-1.032907124862418,-0.10381065600493386
15899,369,1,56.25,1,2,1,1,-1.84765904190035,-0.008163076969857335,0.5554936823986206
15900,24,1,337.28,4,4,1,4,-0.45810952439641206,-0.6069362937254686,-0.24612509284003917
15901,17,3,351.73,4,1,0,4,-0.007048418845670201,-0.5985852292583924,0.2246963700540987
15903,10,7,5126.76,2,0,0,2,1.520467272273943,0.12468738524001377,-0.2350749163567858
15904,8,1,164.68,4,4,1,4,-0.4758756109066047,-1.246493122132094,-0.06589141670756599
15906,20,7,1567.69,3,0,0,3,0.8894104051773958,0.04293791552762172,0.22186689796483122
15907,4,3,882.72,3,1,0,3,0.6825352341015031,-0.8612245374067535,-0.18218216146747807
15909,174,1,191.94,1,2,1,1,-1.1783950166064039,0.03996432977391669,0.08101693285797226
15910,1,8,1228.88,3,0,0,3,1.4574360549725034,-0.9902116473525294,0.23450733437257842
15912,178,2,264.62,1,2,2,1,-0.8538208671774862,0.2224576776351127,0.26788155813995046
15916,16,8,1502.8600000000001,3,0,0,3,0.9866409214051618,-0.03533860994937277,0.3085982752385256
15917,248,1,123.1,1,2,1,1,-1.4422188445394677,0.05624419391056916,0.2587970908866021
15918,191,2,334.23,1,2,2,1,-0.7804641579891897,0.32099029563262593,0.1913818553074325
15919,20,2,525.69,4,1,2,4,-0.03463777580662794,-0.4702274708038971,-0.11548146548305932
15920,154,4,167.5,1,2,0,1,-0.7373773121891912,0.1251541457701856,0.7910687439304624
15921,173,1,323.03000000000003,1,2,1,1,-0.9734014922522432,0.19173394651130482,-0.10030311630557547
15922,373,1,369.5,1,2,1,1,-1.1173589839818425,0.551625132195971,-0.09548512160530093
15923,373,1,127.08,1,2,1,1,-1.5343273789576313,0.23577369931647102,0.27520625756314493
15925,194,1,207.15,1,2,1,1,-1.1764063938208689,0.10778729331377787,0.06183155464665327
15930,67,1,426.63,4,4,1,4,-0.6231458114652203,-0.11873264174566923,-0.26046145830985457
15932,4,8,2495.87,2,0,0,2,1.500032023757604,-0.3964144537937443,0.049157754682472465
15933,21,3,1107.46,3,1,0,3,0.39088467609796473,-0.17417580395152824,-0.16137117997054923
15935,239,2,416.86,1,2,2,1,-0.7512948591756905,0.4798350787557446,0.1295339404844552
15937,64,1,145.35,4,4,1,4,-1.032472237055628,-0.4564465035086432,0.11069842776069069
15938,112,5,404.58,0,3,0,0,-0.21925306061848604,0.2892306393054138,0.5967272498094374
15939,90,15,6115.01,2,0,-1,2,1.3971226587505576,1.1941354381543847,0.35343688167405934
15942,134,1,337.44,1,2,1,1,-0.8911295889285565,0.09853003449519039,-0.13259700339358227
15944,277,1,325.1,1,2,1,1,-1.0912678941466112,0.38960219967923265,-0.07093582326333454
15945,365,1,181.0,1,2,1,1,-1.3908490760836116,0.3312068753023961,0.15113205044899203
15947,83,1,1708.24,0,3,1,0,-0.1335281812987581,0.38164688700434024,-0.7297502820147032
15948,8,2,955.24,3,1,2,3,0.41713478978279916,-0.647262080361514,-0.3807379030313238
15949,17,2,364.72,4,1,2,4,-0.1382203656000241,-0.6431590021502818,0.0014163087269700725
15950,32,4,1744.71,0,0,0,0,0.5777778309452728,0.1733791048111476,-0.12914128749326964
15951,9,2,708.22,3,1,2,3,0.2727579989075902,-0.6920586191534334,-0.2693429410166519
15952,34,4,781.91,0,1,0,0,0.24787552535565588,-0.04046095263505853,0.15467634365184768
15953,15,8,1657.28,3,0,0,3,1.0405846316953458,-0.03162914556387786,0.27039928369548255
15955,24,14,4416.26,2,0,0,2,1.568665448980438,0.5446023356086181,0.3326315213927565
15957,32,1,428.89,4,4,1,4,-0.43535086896146014,-0.4195555150458548,-0.3110439638765544
15958,74,1,104.35,1,4,1,1,-1.1982692689909133,-0.49434033925373455,0.23506184174705447
15963,20,2,470.76,4,1,2,4,-0.0778741742868632,-0.5029788221702862,-0.07704363571937775
15965,17,4,808.87,3,1,0,3,0.431986276755866,-0.30851579934499046,0.09802994395509737
15967,23,2,397.68,4,1,2,4,-0.17824697907967985,-0.49717859153022315,-0.009303129732117804
15969,3,3,666.1,3,1,0,3,0.6294709930203258,-1.0381696174462782,-0.09909127185052323
15970,304,1,314.1,1,2,1,1,-1.1285485178206065,0.4181659884301292,-0.052711747617183585
15971,18,12,4199.85,2,0,0,2,1.5471340985005853,0.38736234712588724,0.22687261896030841
15973,367,1,307.82000000000005,1,2,1,1,-1.1846862193760397,0.4907138722925186,-0.03302706945117746
15974,39,7,3442.15,2,0,0,2,1.0324899827916592,0.5462016386010953,-0.009045219772261331
15975,84,1,371.01,4,4,1,4,-0.7351646863319565,-0.06683718020154332,-0.19679089390411356
15976,165,2,427.64,1,2,2,1,-0.6465963020698138,0.33322301952112154,0.0957913502983686
15977,17,2,1054.73,3,1,2,3,0.27793205466491244,-0.3279256659532199,-0.36854965625043157
15978,77,1,1098.78,0,3,1,0,-0.28758264993601695,0.21953578236266127,-0.5808654563271457
15980,89,3,2398.86,0,3,0,0,0.33222019499785416,0.6447217564621215,-0.3359649455156929
15981,25,8,3408.48,2,0,0,2,1.19880975632074,0.3857596072105547,0.05159003054195738
15983,22,4,1465.12,3,0,0,3,0.6019988756008805,-0.029513588910486274,-0.0925674556546797
15984,3,10,2780.63,2,0,0,2,1.701149837232348,-0.41903513949346405,0.14336759610190625
15985,123,2,1142.42,0,3,2,0,-0.18650495622726762,0.5029733792707818,-0.26628557740335246
15986,30,1,168.12,4,4,1,4,-0.7855107122194201,-0.7231141962092212,0.010316506987891216
15987,12,7,1432.77,3,0,0,3,0.9773005258967292,-0.18438280664807002,0.22092065323987503
15988,19,1,156.78,4,4,1,4,-0.7001766918583939,-0.9270501266851328,0.004992333778697067
15990,44,2,792.11,0,1,2,0,-0.06972671453535904,-0.02974444632898439,-0.20695671273271005
15993,9,7,2777.67,2,0,0,2,1.3044353340901202,-0.09736469736737309,-0.027678567265136997
15994,55,1,414.27,4,4,1,4,-0.584783940913404,-0.20865845992625692,-0.26331547593286797
15996,88,6,1032.58,0,3,0,0,0.287190972559488,0.49718762818603957,0.36704649206689965
15998,37,5,3080.22,0,0,0,0,0.8567003649094235,0.43639610891558,-0.18440359277222845
16000,3,3,12393.7,2,0,-1,2,1.7765418417162078,-0.16926929900383225,-1.1188550717703851
16003,30,5,2735.37,3,0,0,3,0.8624079263247387,0.31594789536336093,-0.1567075387478546
16005,12,4,578.71,3,1,0,3,0.384333272053604,-0.5440415000370555,0.19277239976439842
16006,211,1,101.4,1,2,1,1,-1.4763440231508014,-0.0681894371517373,0.31502710876936507
16007,48,4,1693.81,0,0,0,0,0.4646131678226352,0.32991717624628125,-0.092163501904715
16008,24,3,478.78,4,1,0,4,0.029323575854307976,-0.36971629667911093,0.1394868992977174
16009,22,4,972.11,3,1,0,3,0.44110048648774747,-0.151393298168396,0.05047371121791197
16010,246,3,392.4,1,2,0,1,-0.6369899947661916,0.5292506418935485,0.3631817530042839
16011,8,16,3352.96,2,0,0,2,1.7862553487797221,0.0594894692533777,0.45150927548094966
16012,35,3,1415.29,0,1,0,0,0.3605787253615248,0.10467223417872892,-0.21369501757998827
16014,38,3,646.83,0,1,0,0,0.0329754573241377,-0.094432953209556,0.06466614308387242
16015,4,3,704.55,3,1,0,3,0.5941471302347507,-0.9281780753540044,-0.10360376435334492
16016,3,8,1465.51,3,0,0,3,1.3484559209331115,-0.6479817667462936,0.21982721940030808
16017,47,1,211.88,4,4,1,4,-0.8074889374169102,-0.47182460689531375,-0.040516032039218414
16018,39,2,408.90000000000003,4,4,2,4,-0.29857398379649724,-0.27527612976385135,0.015449771640556553
16019,47,9,3786.2400000000002,2,0,0,2,1.1358024307169678,0.6936954000673949,0.13340517441292793
16020,17,3,851.01,3,1,0,3,0.33914162073066956,-0.3363480396624116,-0.08307195188882385
16022,260,1,602.63,1,2,1,1,-0.8333415027715083,0.5463100844965996,-0.29008004948310007
16023,46,3,719.81,0,1,0,0,0.026948748502609726,0.01534742166183017,0.03999213464076315
16024,12,1,251.03,4,4,1,4,-0.405665800303983,-0.96795656486673,-0.1874959809892074
16025,30,1,439.65999999999997,4,4,1,4,-0.40957710064779784,-0.43834640250304147,-0.3238943124133038
16026,43,1,236.09,4,4,1,4,-0.7428549999329902,-0.47618795993434293,-0.08397173502864597
16027,92,6,934.62,0,3,0,0,0.236809486700841,0.4859658552120789,0.40476035364015384
16030,310,1,331.24,1,2,1,1,-1.11276033990193,0.44206408795851654,-0.06988325911901336
16031,92,2,547.9,0,3,2,0,-0.40068408965851876,0.1644334116783644,-0.02957328181076281
16033,6,20,8778.82,2,0,0,2,2.3353487590339377,0.2811684937858788,0.2534668142181081
16034,196,3,437.7,1,2,0,1,-0.5361033774871051,0.4670588995840663,0.30989741018342915
16036,87,2,758.92,0,3,2,0,-0.2587920615135142,0.2380492409799594,-0.1468227226640564
16037,270,3,855.02,0,3,0,0,-0.35561441657100584,0.799219282316111,0.09810910664131983
16038,8,3,471.78000000000003,3,1,0,3,0.2859979474332067,-0.8013858775820518,0.07573874578918754
16040,65,3,1313.55,0,3,0,0,0.17560994292570425,0.33601787004116324,-0.14681517265134525
16041,31,3,3166.4,0,0,0,0,0.7067887440827849,0.2947435139075,-0.50252339357411
16042,22,5,1177.47,3,0,0,3,0.6083934068194262,-0.059392433835943975,0.1171590991796852
16043,38,4,773.99,0,1,0,0,0.21608607066054608,0.0017752894632511902,0.165520200936149
16045,120,4,1340.7,0,3,0,0,0.1406861648444871,0.6385247183895183,0.050314570064208974
16048,373,2,256.44,1,2,2,1,-1.0553886200033102,0.5213475840155014,0.3284758917866844
16049,40,3,1074.81,0,1,0,0,0.2192315180177093,0.07730297712035654,-0.1089677890940943
16050,174,1,137.9,1,2,1,1,-1.307397513739756,-0.057754403961211564,0.19570215637788074
16052,54,1,362.06,4,4,1,4,-0.6328989484795589,-0.2561476236554845,-0.2176403276667258
16053,33,2,1511.95,0,1,2,0,0.2558095918875382,0.045070034814355675,-0.45124768698025863
16054,145,1,783.9,0,3,1,0,-0.5810329301166317,0.3814308197739975,-0.4208856106703195
16055,221,1,134.8,1,2,1,1,-1.377367867298965,0.03503053532219831,0.21961719862209705
16056,45,1,650.75,4,4,1,4,-0.35731665891985265,-0.15690323400483117,-0.43387601858072566
16057,16,7,2263.12,2,0,0,2,1.087737136125087,0.06367273217516764,0.07956250001227247
16059,66,6,1453.16,0,0,0,0,0.4941483504228028,0.4799473783704469,0.22876018864159797
16062,10,4,1153.62,3,0,0,3,0.6977144409928453,-0.40903271127531937,-0.058940222635639306
16063,260,1,335.32,1,2,1,1,-1.0629446799679323,0.3723868486230817,-0.08595925893411491
16065,365,1,367.14,1,2,1,1,-1.1143130258537886,0.5406815231662915,-0.09471279315225963
16066,17,5,1521.04,3,0,0,3,0.7717894138911328,-0.08583932549318793,0.01135106988141632
16070,22,2,852.15,3,1,2,3,0.13133029209582858,-0.28875721972685797,-0.2776719711503862
16071,45,1,326.24,4,4,1,4,-0.6277723069653696,-0.36177200822089717,-0.19343674695748952
16072,288,1,584.3199999999999,1,2,1,1,-0.8716110797888309,0.5797723584158438,-0.27246007397383515
16073,297,1,122.39999999999999,1,2,1,1,-1.4905857987072717,0.12969571657574147,0.27288210587881795
16076,3,10,2234.73,2,0,0,2,1.6153892191400097,-0.4839983703653615,0.21961011755448123
16078,284,1,79.2,1,2,1,1,-1.648281511004975,-0.017092863397308217,0.4202553064120319
16079,17,3,1352.0,3,1,0,3,0.5206897350337045,-0.1988262688756487,-0.2444710451710146
16080,82,2,217.16,4,4,2,4,-0.7336645662002576,-0.15751252295732587,0.28476153611776084
16081,56,5,2799.42,0,0,0,0,0.715032829163729,0.5775650832007816,-0.12372038044648982
16083,101,2,1317.62,0,3,2,0,-0.08037061141493729,0.46367843173631035,-0.3292048389037806
16084,299,1,436.18,1,2,1,1,-0.99575924448975,0.5086235244155918,-0.1681030087248305
16085,23,5,981.51,3,0,0,3,0.5260703616281515,-0.095669888330637,0.18349540415872356
16086,59,5,1121.39,0,3,0,0,0.34294239151875117,0.3271425725863065,0.1988179119178239
16091,155,2,315.06,1,2,2,1,-0.7502406840216184,0.2166366743723874,0.1979332043422678
16092,115,3,817.86,0,3,0,0,-0.155064317583525,0.43113068231211377,0.05639144154923065
16094,12,4,1078.23,3,0,0,3,0.6282947494692468,-0.3592419249670918,-0.02411314268163603
16096,264,1,320.62,1,2,1,1,-1.084395796370127,0.36545853392900723,-0.06933690742194504
16097,240,1,185.04999999999998,1,2,1,1,-1.2748747957857445,0.16299388532584935,0.11528175615194913
16098,88,7,2005.63,0,0,0,0,0.615095980287589,0.7201432904698708,0.23330006948200677
16099,50,3,731.9,0,1,0,0,0.012496716930254337,0.054454875115244494,0.039693769836781606
16101,71,1,1290.7,0,3,1,0,-0.20387946196209378,0.2338879028621645,-0.6423956577446358
16102,42,3,1842.14,0,3,0,0,0.418345606165906,0.2573188075598898,-0.293649253991253
16103,7,6,1429.64,3,0,0,3,1.0336861316269008,-0.41377431664657377,0.09117141188140093
16104,62,1,298.21,4,4,1,4,-0.7437123530823107,-0.2568648777271349,-0.14098335687880809
16105,249,1,336.96,1,2,1,1,-1.049973914330709,0.35582396631208196,-0.09055985313355538
16106,66,1,108.38,4,4,1,4,-1.1545577462420868,-0.5303536097757966,0.21435655967831058
16107,18,7,3204.1600000000003,2,0,0,2,1.1956069544165122,0.2135460379566852,-0.034237708498672734
16108,85,1,842.5,0,3,1,0,-0.41681051774193817,0.1814821696947287,-0.48169522425871175
16109,219,2,611.88,1,3,2,1,-0.5785867563244648,0.5573373548623052,-0.010001374041984618
16110,45,3,1320.95,0,1,0,0,0.27055140530047567,0.18669553210568376,-0.17311289054066129
16112,143,4,195.73999999999998,1,2,0,1,-0.657642834557459,0.14044103456080068,0.7320317070118849
16113,183,1,161.38,1,2,1,1,-1.2589693101792494,0.009663033411939886,0.14457689871074658
16114,171,1,135.75000000000003,1,2,1,1,-1.3090793781832941,-0.06962516559710002,0.19998050398322403
16115,10,8,1660.8799999999999,3,0,0,3,1.137687946187611,-0.18769747731213912,0.24438151976136824
16116,212,1,612.78,1,2,1,1,-0.7745899465724555,0.4662696111382757,-0.30960059868099726
16117,190,1,232.21,1,2,1,1,-1.126456736871988,0.13292229751759402,0.020761497480236757
16119,8,2,423.36,4,4,2,4,0.0982148060452534,-0.8888423417222333,-0.09721308426678968
16120,59,4,1309.14,0,3,0,0,0.3115309717419277,0.33807125200155186,0.011331759554993465
16121,57,2,854.66,0,1,2,0,-0.10511928055383431,0.09897032463640887,-0.21633928460313478
16122,73,4,684.4200000000001,0,3,0,0,0.003339587241281916,0.23314100077477523,0.25156322713726786
16123,52,1,307.78,4,4,1,4,-0.6869532567134974,-0.31979350984598054,-0.16362324934932618
16124,317,1,249.0,1,2,1,1,-1.2301187082893672,0.3668063934233501,0.030867552449567487
16125,367,1,289.35,1,2,1,1,-1.208895503845902,0.47237546276093395,-0.011504639557334495
16126,29,4,6287.77,2,0,0,2,1.1053579425369668,0.5146093578870128,-0.5828275998670467
16127,39,1,656.25,4,4,1,4,-0.31811554076947035,-0.2128589766407776,-0.4462311101512286
16128,18,5,1880.22,3,0,0,3,0.8410701573243279,-0.00022547002545085862,-0.05894294874303878
16131,52,6,3506.54,0,0,0,0,0.8999986865476995,0.6437290220099501,-0.0943192188917629
16133,4,33,14589.04,2,0,0,2,2.864630795147798,0.38413164764640173,0.40637124316077156
16134,22,2,618.09,4,1,2,4,0.005444772310687324,-0.38411485901562525,-0.1657577889035512
16135,263,1,517.55,1,2,1,1,-0.8959158244601556,0.5059142090004966,-0.2362900054834735
16136,60,3,709.38,0,1,0,0,-0.04574882119667184,0.12006040535802304,0.06265634216671218
16139,19,3,635.41,3,1,0,3,0.19754720071611576,-0.3790369467159805,0.025849439217064313
16140,66,2,725.18,0,1,2,0,-0.20658250905720488,0.11051301534899025,-0.1493545199618304
16141,88,1,620.4,4,3,1,4,-0.5455768180424782,0.10495574603573309,-0.3727389635175471
16142,250,1,535.34,1,2,1,1,-0.8697027561446085,0.49482488199127606,-0.2514662463183308
16143,3,6,2424.94,3,0,0,3,1.4190489821257044,-0.5466456989380808,-0.13985700064422182
16144,247,1,175.2,1,2,1,1,-1.3035829680095663,0.15879404112267323,0.13619534849958254
16145,9,11,3799.4900000000002,2,0,0,2,1.6322516695143374,0.07373472215072303,0.15994124859484316
16146,157,3,734.13,0,3,0,0,-0.27678508355450143,0.5282954338190675,0.11486737811051256
16147,134,1,375.0,1,2,1,1,-0.849816476457663,0.12982450651722782,-0.16932500202394823
16148,296,1,76.32000000000001,1,2,1,1,-1.6732320631609654,-0.010717833952816055,0.43579849568534856
16149,5,2,280.52,4,4,2,4,0.04127645273179126,-1.1804542641864788,0.018667423376197145
16150,43,5,2053.02,0,0,0,0,0.6598500978890386,0.3771261249984612,-0.0329971345927982
16152,269,1,1829.04,0,3,1,0,-0.40665803533609257,0.8902965421979785,-0.6748648857093892
16153,50,5,1824.23,0,0,0,0,0.5755674392500006,0.4037582930357993,0.018168781954994384
16156,9,9,3092.04,2,0,0,2,1.4592665676105456,-0.02257794069553831,0.09831629845729936
16157,16,3,656.69,3,1,0,3,0.25220671702870195,-0.4372292087875859,0.003414430710275196
16159,282,1,348.2,1,2,1,1,-1.068980449779132,0.4174090103362549,-0.09361884731421483
16160,65,2,1025.44,0,3,2,0,-0.06687531346367319,0.2071248327387827,-0.27113597287954316
16161,2,19,5533.67,2,0,0,2,2.3472172155791604,-0.21979927431435803,0.3216467915182724
16163,232,2,856.6,0,3,2,0,-0.46144933750081807,0.6812515108315456,-0.1233789016072851
16164,17,3,822.48,3,1,0,3,0.3257716821702806,-0.346475699942407,-0.07118586885695341
16168,11,27,3787.6,2,0,0,2,2.0123346242347373,0.312012154613371,0.7937714525063942
16169,8,4,1822.97,3,0,0,3,0.9287553862252335,-0.3569975085783261,-0.2320403630723694
16170,51,6,1885.05,0,0,0,0,0.6613405202297334,0.4512733620182511,0.12091749001262475
16171,59,1,73.2,4,4,1,4,-1.2785466785244401,-0.6918992556233842,0.34234566077231715
16172,95,5,1140.21,0,3,0,0,0.2287345349352986,0.5286632920043548,0.22470127862270467
16173,16,6,1418.32,3,0,0,3,0.8369372140868409,-0.10087622089308525,0.14476130388152347
16174,126,3,1009.5500000000001,0,3,0,0,-0.09576881286049235,0.5315672710835693,-0.010905159618510102
16175,94,4,1037.59,0,3,0,0,0.10230723637185268,0.46120079518322565,0.12337112088145663
16177,50,1,331.95,4,4,1,4,-0.6474879308598958,-0.31347203927209955,-0.19251721659943968
16178,138,1,197.9,1,2,1,1,-1.1072893888266155,-0.047315777240837825,0.05487268107040166
16179,61,1,215.83,4,4,1,4,-0.8660165603751067,-0.3593151892496295,-0.02967769037587585
16180,100,8,10254.18,2,0,-1,2,1.2825022600032523,1.2807820199222901,-0.24123299926173117
16181,73,1,305.54,4,4,1,4,-0.7755517025349514,-0.1823599753932437,-0.13858014484876535
16182,72,4,6617.65,0,0,-1,0,0.8969920406828605,0.9017402177102259,-0.5407177927952866
16183,67,1,338.71000000000004,4,4,1,4,-0.7134980088083767,-0.1871739704854754,-0.1801369515903969
16184,64,6,1158.79,0,3,0,0,0.4131420635841988,0.40001348480759646,0.3056538176570787
16185,17,2,529.41,4,1,2,4,0.007723615947636625,-0.532607180363778,-0.12833015755946847
16186,23,12,4006.94,2,0,0,2,1.4686689435547402,0.47109171298956576,0.25902800255945896
16187,32,15,6911.4400000000005,2,0,0,2,1.705744917560175,0.8062893525664268,0.24233139413854693
16188,45,4,981.86,0,3,0,0,0.26695696275205855,0.1414756470411515,0.09372486175369982
16189,16,2,215.48,4,4,2,4,-0.32937997276028674,-0.8229898526551562,0.18056007143906555
16190,40,1,215.08,4,4,1,4,-0.7611399720041365,-0.5333153364568357,-0.05634989678235519
16191,3,13,5180.52,2,0,0,2,2.0672030592575843,-0.18768038149482605,0.10287154685059871
16193,237,1,314.45,1,2,1,1,-1.0643954117114234,0.3147544705822642,-0.0698215276106435
16198,75,1,400.68100000000004,4,4,1,4,-0.6762914950895955,-0.09082775757286969,-0.23111638484773003
16200,4,2,1068.8700000000001,3,1,2,3,0.6122038005439411,-0.8597119318059836,-0.4595503839549852
16201,3,4,1863.47,3,1,0,3,1.14568982853294,-0.6896335951478556,-0.2943755970956433
16202,361,1,365.27,1,2,1,1,-1.1134892032552286,0.5345710950295827,-0.09367643584539861
16203,59,4,592.9,0,3,0,0,0.000952115623728822,0.10280935227722104,0.28744118631789817
16204,23,1,384.18,4,4,1,4,-0.39665535210207603,-0.5854020374507326,-0.2941883234083117
16205,31,4,757.63,0,1,0,0,0.2585284851318727,-0.08730845952530268,0.15962917571225582
16206,55,4,537.0600000000001,0,3,0,0,-0.02008580766835183,0.04459229243934437,0.31724893889406613
16207,25,1,394.38,4,4,1,4,-0.4069569199956854,-0.5441528050482012,-0.2979133022601792
16208,45,2,664.26,0,1,2,0,-0.1443771059054798,-0.07282239135235731,-0.14412895897985933
16209,89,5,2262.62,0,0,0,0,0.5141630389672879,0.7053227500796068,-0.01866133015664098
16211,89,1,547.02,4,3,1,4,-0.5977764202421523,0.07226215364739186,-0.32813109926912887
16212,19,2,690.34,4,1,2,4,0.08467745918255948,-0.4097468924845234,-0.2137015668072405
16213,79,1,159.0,1,4,1,1,-1.0508060845384188,-0.3430865508168867,0.0935770161202786
16214,171,3,1062.75,0,3,0,0,-0.15354289434166216,0.673679737551277,-0.008361788363340339
16215,81,1,242.35,1,4,1,1,-0.8925414353297787,-0.2080694984482084,-0.05109710178816966
16216,267,1,914.9300000000001,1,3,1,1,-0.6764544243843855,0.6813707712634445,-0.43381501244835735
16217,235,2,304.25,1,2,2,1,-0.8702448474495194,0.3794311534512859,0.23798750855519257
16218,30,7,3084.68,2,0,0,2,1.0549377382510365,0.4069999382308702,0.012024427477869248
16221,37,3,860.86,0,1,0,0,0.15170784618830946,-0.02041234605414372,-0.036707923668567996
16222,318,1,773.5500000000001,1,3,1,1,-0.7870187667625448,0.7043764559342609,-0.3635605294710037
16224,57,4,1295.3,0,3,0,0,0.31607078800111427,0.3207342326919048,0.012752399145756266
16225,45,5,1096.32,0,0,0,0,0.40232921794664633,0.20929677031048935,0.18878821678976276
16226,203,3,255.12,1,2,0,1,-0.7563324930195928,0.3216342219958518,0.5000645848917163
16227,225,1,314.22,1,2,1,1,-1.051391764450996,0.29289946463876393,-0.07305488321457099
16229,87,2,1010.6,0,3,2,0,-0.1464925303612798,0.3231155631605382,-0.24665875000902765
16230,190,2,542.03,1,3,2,1,-0.5897760429964647,0.4622354034666082,0.022697654755150426
16232,44,4,990.88,0,3,0,0,0.2761890894137493,0.13499959014587107,0.08905496135321764
16233,71,3,536.6800000000001,0,3,0,0,-0.19767800124783586,0.10657738698231264,0.1710387360636878
16235,41,5,867.31,0,0,0,0,0.333810649412573,0.10164401806494076,0.26434460400732535
16236,78,1,432.2,4,4,1,4,-0.6565826606185556,-0.05217297969767336,-0.2548691191234305
16239,57,2,414.2,4,4,2,4,-0.3889788472107465,-0.1160518495750098,0.03601627884506858
16240,24,2,3718.8,3,1,-1,3,0.6879402793164907,0.18397080547048575,-0.7859275384666297
16241,10,13,2590.31,2,0,0,2,1.5353277219434074,0.029366718268483725,0.41289527972976725
16242,8,7,3579.86,2,0,0,2,1.4310638338163382,-0.06601239861407061,-0.12329502279543943
16243,34,2,409.1,4,4,2,4,-0.2640806714494463,-0.330979739981586,0.0062771576275938434
16244,212,2,1522.75,0,3,2,0,-0.21275925588425865,0.8146337114214265,-0.33002317918311175
16245,24,3,1413.66,3,1,0,3,0.45379696471532316,-0.048179869202986086,-0.23787653599653366
16247,170,1,114.56,1,2,1,1,-1.3736734134188842,-0.1221281840658405,0.2583441173023533
16248,62,1,152.94,4,4,1,4,-1.0045958279917382,-0.4544827796055502,0.09094610415875479
16249,53,5,1800.07,0,0,0,0,0.5556536782603466,0.4237021435278205,0.026672521758682788
16250,261,2,389.44,1,2,2,1,-0.8004682154174869,0.4963351723230469,0.15913321147295467
16253,67,2,3683.86,0,3,-1,0,0.4271912077753508,0.5996725112962413,-0.7151737520026014
16255,17,8,2619.91,2,0,0,2,1.1900154211547922,0.15374495940256197,0.1185952833020904
16256,267,1,752.4300000000001,1,3,1,1,-0.7531213877088506,0.6232959375054604,-0.36565689132012924
16258,45,5,5203.51,2,0,0,2,1.013397576039349,0.6721779354455841,-0.35446104420215097
16260,51,1,1035.45,0,3,1,0,-0.20670770893952642,0.03231672756449025,-0.5875031077366445
16261,17,4,728.54,3,1,0,3,0.39098044514665753,-0.3395775076812686,0.13448476512697338
16265,9,9,5447.0,2,0,0,2,1.6814881144055374,0.14575374779124114,-0.0992421080189608
16266,74,7,861.89,0,3,0,0,0.3277763145096305,0.3976152267422525,0.5162787940387294
16268,71,2,667.65,0,1,2,0,-0.25747136400713017,0.11607252747427435,-0.11569799503275452
16270,353,1,1141.24,0,3,1,0,-0.6612691341636177,0.8634303836645159,-0.49211020287687685
16271,3,5,1404.64,3,1,0,3,1.12692896315613,-0.7385675247152957,-0.06228550399358054
16272,117,1,411.7,1,2,1,1,-0.778683578318196,0.10122635438270089,-0.21090036447805616
16274,373,1,351.75,1,2,1,1,-1.136630888334649,0.537026762925072,-0.07835209931914175
16275,197,1,559.87,1,2,1,1,-0.7912186678087446,0.4089214050480381,-0.2830636843176098
16276,177,1,810.6000000000001,1,3,1,1,-0.618809655099501,0.47426402181411575,-0.41919898070688544
16278,100,1,566.38,1,3,1,1,-0.6137692815535405,0.13081365366259898,-0.3324729949652654
16279,21,3,1502.78,3,1,0,3,0.51061715461192,-0.08347906204848152,-0.2678152129629576
16281,72,1,2062.06,0,3,1,0,-0.023617518614345856,0.37888837506705936,-0.8048714221171417
16282,340,1,168.3,1,2,1,1,-1.4010694810614859,0.28010668371418096,0.17160581674339997
16283,6,5,1570.81,3,0,0,3,1.0270355599550913,-0.47128661025972574,-0.06355138742194197
16284,31,2,812.68,0,1,2,0,0.027902616554287385,-0.16472095787292215,-0.23887704151426742
16287,170,1,142.5,1,2,1,1,-1.2886681171626044,-0.05773710563302227,0.18277308869311704
16292,122,1,302.25,1,4,1,1,-0.9103143571186935,0.02694901411332556,-0.10055812550662209
16293,22,10,2248.9900000000002,2,0,0,2,1.168546939511986,0.24948401202364517,0.33531828424845733
16295,10,4,1328.55,3,0,0,3,0.7530914982196364,-0.36708487281924723,-0.10817128658445753
16297,269,1,301.9,1,2,1,1,-1.1127380482669205,0.3554445330313669,-0.04714878791785157
16298,23,3,598.2,3,1,0,3,0.12706173391244163,-0.32069710621712,0.05916664185024614
16302,127,1,233.22,1,4,1,1,-1.0219450173649978,-0.0331918512276066,-0.007730112432065506
16303,26,3,5360.63,3,0,0,3,0.957055393488205,0.38019990235765005,-0.6976683200597904
16305,139,1,361.21999999999997,1,2,1,1,-0.8738155471595265,0.13393253666873187,-0.15384299083374814
16306,214,6,632.27,0,3,0,0,-0.13168568255901766,0.7204082702203911,0.597472222393742
16308,38,4,2560.0,0,0,0,0,0.6853049736871527,0.3572062157417436,-0.25162269140449856
16309,106,2,706.57,0,3,2,0,-0.33702950761320827,0.2985882590549877,-0.10873373514461476
16311,18,2,616.26,4,1,2,4,0.05336135726026861,-0.4649027784357666,-0.17760518009367335
16313,3,2,274.15000000000003,4,4,2,4,0.13644879857325803,-1.3568431077236591,-0.0006808429968687413
16315,331,1,226.37,1,2,1,1,-1.2784323620234845,0.35661198541010075,0.06688464461789062
16316,64,8,2938.91,2,0,0,2,0.9052623584525824,0.7249299146799617,0.16507712452889634
16317,120,3,1341.65,0,3,0,0,0.02820733268782291,0.5958196897762537,-0.11333223825579444
16318,35,1,328.15,4,4,1,4,-0.5625201900465813,-0.4625623961878973,-0.21199333361379447
16319,218,1,404.40000000000003,1,2,1,1,-0.944541915194667,0.35455602746208464,-0.1629819044160006
16320,172,2,1038.46,0,3,2,0,-0.3094683038337082,0.6139079937549914,-0.2105687089498845
16321,72,5,373.65000000000003,0,3,0,0,-0.13815354203489566,0.08290004777268802,0.5949540997348197
16322,1,2,326.75,3,4,2,3,0.3831769190274025,-1.5947295910613997,-0.10846082734393872
16323,196,1,207.50000000000003,1,2,1,1,-1.1783681480307093,0.11255470184913247,0.061933177663415495
16324,128,3,408.59000000000003,0,2,0,0,-0.45429403398325746,0.26956191672521607,0.30531436532059253
16325,47,3,594.24,0,1,0,0,-0.053598278302641134,-0.032764367800125246,0.1082110518533422
16326,6,14,3039.2200000000003,2,0,0,2,1.7490140403571681,-0.09889679696789767,0.377188356024048
16327,14,6,3820.27,2,0,0,2,1.257875103692868,0.1412782846540852,-0.20931344858404627
16330,18,3,251.91,4,1,0,4,-0.15152737190988982,-0.6748932538279081,0.3444380415683556
16332,28,7,1582.8,3,0,0,3,0.8102587647995905,0.18078635103980295,0.2402821108078707
16337,37,1,151.05,4,4,1,4,-0.8795788501800805,-0.6695986687986618,0.06117437786138624
16338,157,1,214.79999999999998,1,2,1,1,-1.1081888186804814,0.030519434920026133,0.035050622666318004
16339,284,1,94.05,1,2,1,1,-1.5815949046292537,0.03342190086645759,0.36096987761852645
16340,107,1,534.31,1,3,1,1,-0.6538231023771688,0.14153929990272057,-0.3076502004585704
16341,25,4,1971.87,3,0,0,3,0.6870414830542036,0.11004020254773,-0.18790504797768692
16342,75,4,322.41,4,3,0,4,-0.29836131284856304,0.020947224323333836,0.5154876391590912
16343,16,2,328.58,4,1,2,4,-0.1643820244024487,-0.6980047481749307,0.033874332726704814
16344,158,1,101.10000000000001,1,2,1,1,-1.403595394134785,-0.18938308786769095,0.2966561672032492
16345,44,1,565.46,4,4,1,4,-0.4067279281443839,-0.2078013642341314,-0.3864110292338756
16347,11,2,847.45,3,1,2,3,0.29628603909449563,-0.562504026527555,-0.3196052062441548
16348,32,7,1415.65,3,0,0,3,0.7332844073770002,0.20166356587528336,0.2879163025064047
16349,291,1,53.5,1,2,1,1,-1.8061665592289753,-0.12181988035472609,0.5567120667217403
16350,21,4,1116.47,3,1,0,3,0.506819280733188,-0.1288530453083369,-0.0007966070564063565
16351,333,1,153.9,1,2,1,1,-1.4306363351705333,0.24499892701150183,0.20122964415855876
16352,18,2,494.44,4,1,2,4,-0.03293893472098658,-0.5302748095264718,-0.10088288017204834
16353,4,23,6675.71,2,0,0,2,2.381764399180332,0.0846969256129532,0.424125526491161
16354,63,2,395.8,4,4,2,4,-0.4320599316842276,-0.08835846620089163,0.05847166092754555
16356,198,3,211.77,1,2,0,1,-0.8227505835592711,0.2561153630640448,0.5631054116757193
16357,33,3,658.88,0,1,0,0,0.07545458288840032,-0.1463362726570218,0.04898467641071025
16358,1,4,2027.5,3,1,0,3,1.3568468453261264,-0.9544650081152651,-0.3705323178248801
16359,7,9,1750.92,2,0,0,2,1.2934449083456498,-0.2849361900070139,0.28165028410176735
16360,5,6,3450.41,2,0,0,2,1.4532919671338371,-0.2722254022309451,-0.23556097337662624
16361,10,4,891.21,3,1,0,3,0.5965046360503989,-0.4856986224036257,0.031036865871664154
16362,32,5,709.99,3,1,0,3,0.31729341929411725,-0.05865917839896942,0.3178447925123755
16363,53,1,109.36000000000001,4,4,1,4,-1.0956446316742792,-0.6179200318885333,0.19670114785103132
16364,12,2,705.79,3,1,2,3,0.2040140068255264,-0.583347002884056,-0.2504571691636171
16365,18,9,1540.42,2,0,0,2,1.020992623061674,0.03877945923078471,0.38463938109502427
16366,19,1,327.3,4,4,1,4,-0.41254336400384894,-0.7091693476106607,-0.25071816198538144
16367,37,2,800.67,0,1,2,0,-0.022079935004997497,-0.09726739621569384,-0.22210184630284213
16368,2,2,479.91,3,4,2,3,0.4295361301643571,-1.3111313148479211,-0.21493631328484575
16369,18,3,1545.41,3,1,0,3,0.5592504377398614,-0.13648268760294985,-0.28745447046889916
16370,82,4,1301.91,0,3,0,0,0.22600145193432397,0.47214417096687383,0.035139737492759004
16372,33,2,355.73,4,4,2,4,-0.3113646533244745,-0.3845615636499957,0.0529790259308513
16374,66,2,466.73,4,4,2,4,-0.37926889195925073,-0.020296039091589693,0.004166356471230315
16376,9,2,974.96,3,1,2,3,0.3980826020409477,-0.597125871368019,-0.38075845964832167
16377,267,1,676.2,1,2,1,1,-0.794994728952074,0.5915770950452487,-0.32843084061011624
16378,247,3,362.95,1,2,0,1,-0.6685725576727255,0.5078030979943207,0.3906088199125971
16379,4,4,2157.4,3,1,0,3,1.1458341223387585,-0.5527751053061327,-0.3304198316725605
16380,61,1,1743.1499999999999,0,3,1,0,-0.0475807879403862,0.26064573478720765,-0.7572798033903048
16383,75,2,643.76,0,1,2,0,-0.28564233741375217,0.12786720438721766,-0.0993559238409006
16384,90,2,584.5,0,3,2,0,-0.3697602630258652,0.1745351244234961,-0.05356589564292093
16385,60,3,554.86,0,1,0,0,-0.14203544762326403,0.04712377684991233,0.14825664851036896
16386,29,2,302.57,4,4,2,4,-0.34255745417259587,-0.4848937504983783,0.10085547942793399
16387,323,1,94.36,1,2,1,1,-1.6132629436119514,0.08803169938005366,0.36848014573288634
16389,53,4,1382.07,0,3,0,0,0.3598614117274297,0.3101131697792755,-0.01467650480008903
16392,270,1,217.89,1,2,1,1,-1.241201796888701,0.2603994484918074,0.06646245331159623
16393,2,13,3040.96,2,0,0,2,1.9320314983004203,-0.4663725158342691,0.26934488342839075
16394,57,5,1555.34,0,0,0,0,0.4799672362855538,0.4101622867687547,0.08245730350893757
16395,61,5,1482.06,0,0,0,0,0.4439028594721637,0.42371421777437296,0.10378481885588822
16398,154,2,1705.8,0,3,2,0,-0.08657146835647933,0.7154216747454742,-0.39104395535365205
16399,19,2,408.02,4,1,2,4,-0.12136054902381371,-0.5658196330177715,-0.030530577486635402
16400,95,1,303.93,1,4,1,1,-0.8444809536457311,-0.07506409414827217,-0.11919470180960606
16401,1,12,4098.32,2,0,0,2,2.1158465469039722,-0.5615012921184791,0.08363392912624579
16402,265,2,293.45,1,2,2,1,-0.9151249958696128,0.41876873500874173,0.25862611909893685
16403,312,1,177.5,1,2,1,1,-1.358287587691139,0.2600068643074161,0.1473625144620892
16404,70,1,443.05,4,4,1,4,-0.6194450574511001,-0.08947211309309688,-0.2707002407480869
16405,302,2,167.25,1,2,2,1,-1.1682755383590426,0.30682139552285037,0.46271873499439786
16406,19,1,154.35,4,4,1,4,-0.7062695043743,-0.9316654010958632,0.01040893873425286
16407,13,10,2079.68,2,0,0,2,1.2653629244327362,0.018589930718493023,0.32915111281880394
16409,36,5,2022.98,0,0,0,0,0.6985770357064801,0.30027537653411046,-0.03953712331367305
16411,19,2,211.7,4,4,2,4,-0.3780431573031767,-0.7602553998460745,0.19766424787214487
16412,54,1,135.99,4,4,1,4,-1.0155040247205775,-0.5459690178278486,0.12250152744166154
16413,57,1,262.2,4,4,1,4,-0.772807887586839,-0.3295806074594678,-0.1018073723660975
16414,22,2,126.25,4,4,2,4,-0.6156110141579946,-0.8545614502150088,0.3863704510317255
16415,44,1,200.27,4,4,1,4,-0.8129250036348921,-0.5154935775314703,-0.0252955203797601
16416,27,3,1051.4,3,1,0,3,0.30856162944141957,-0.0887436131124047,-0.12700082731085832
16418,45,3,631.12,0,1,0,0,-0.019067366347146703,-0.03268921051734841,0.08436269559186113
16419,113,6,958.71,0,3,0,0,0.19448792496286604,0.5786791502316019,0.4096147145633414
16423,25,1,346.12,4,4,1,4,-0.45805811433123433,-0.5828616991687594,-0.25248354683111524
16424,191,1,133.56,1,2,1,1,-1.3436740984429258,-0.02841857931448858,0.21303061027256653
16425,302,1,302.7,1,2,1,1,-1.1413239225974317,0.4044568899021844,-0.04029529945491776
16426,2,10,1863.76,2,0,0,2,1.6180666965771775,-0.6582705610770888,0.26353351803362474
16427,263,2,241.06,1,2,2,1,-0.9900965020859508,0.35735304309111715,0.3264917091135961
16429,106,1,284.55,1,4,1,1,-0.8981246716790027,-0.049218683562483684,-0.08896504923345427
16430,57,1,300.85,4,4,1,4,-0.7190219420336555,-0.2888380279823393,-0.14962391332514607
16431,213,3,623.28,0,3,0,0,-0.4188802546219729,0.606580204123513,0.19236166271429128
16432,64,1,287.4,4,4,1,4,-0.7661854211743117,-0.25473559839815624,-0.12603468732145068
16433,28,1,184.26,4,4,1,4,-0.7325970762131551,-0.7239028992984005,-0.02599026147136345
16434,29,7,1511.8,3,0,0,3,0.7835457375697116,0.1813272761106066,0.2585738001474483
16438,6,5,798.35,3,1,0,3,0.7615979089038237,-0.6723542773417347,0.17242680693770562
16440,8,5,3640.67,2,0,0,2,1.2923055202447649,-0.11633280568361137,-0.33983068619639856
16441,67,2,381.2,4,4,2,4,-0.46234944611446177,-0.07414999784615729,0.07564170497217107
16442,2,3,609.3,3,1,0,3,0.6684384049145964,-1.1849523678659075,-0.08743018673131697
16444,46,4,654.67,0,1,0,0,0.1025236780722103,0.030097932255458492,0.23644708552392396
16445,34,1,230.51,4,4,1,4,-0.6934190164246611,-0.5789815640268906,-0.09108801497915651
16447,136,1,255.91,1,4,1,1,-1.0031029850175752,0.022723134535590914,-0.035417935548692214
16448,198,1,182.99,1,2,1,1,-1.2300545977099873,0.07959274012317681,0.10625741749123127
16449,198,2,707.69,0,3,2,0,-0.49579780496668213,0.5585687334326448,-0.06745464572853298
16450,150,1,311.92,1,2,1,1,-0.9506774898165748,0.12206292613716427,-0.0976857110193052
16451,88,1,266.97,1,4,1,1,-0.8757525267424167,-0.14515066958585227,-0.07920763044611373
16455,64,7,1841.18,0,0,0,0,0.6622549607488578,0.5632845251370271,0.2419548051020297
16456,99,5,2158.18,0,3,0,0,0.4685549029363344,0.7353429636651675,0.004926763702099851
16457,218,1,208.36,1,2,1,1,-1.203947911212531,0.15805730830968062,0.06763405493988736
16458,3,18,3482.7400000000002,2,0,0,2,2.065675358563012,-0.24699675360473983,0.465035557857863
16460,28,3,811.23,3,1,0,3,0.19785859311449544,-0.15109556535320956,-0.0342322139315209
16461,178,1,142.92,1,2,1,1,-1.2992660887916125,-0.037745023327755214,0.184835649024911
16462,74,3,136.0,4,4,-1,4,-0.7448943677204735,-0.2829192542564332,0.6509521017442406
16463,21,4,1422.4,3,0,0,3,0.6018095425984821,-0.056898406344647226,-0.08524442517092379
16464,20,3,1298.66,3,1,0,3,0.46530208264654727,-0.14631388531825754,-0.22004180507802257
16466,34,7,1595.96,3,0,0,3,0.7651998055317891,0.261898573939682,0.25007237554623246
16468,74,1,74.9,1,4,1,1,-1.3269759567306,-0.5918349988816302,0.3494840861217085
16469,24,4,625.42,3,1,0,3,0.24677136422111062,-0.2474978190219137,0.2098146752491697
16470,52,4,752.77,0,3,0,0,0.1263941901522796,0.12180782960948958,0.1958880638373603
16471,275,1,223.95000000000002,1,2,1,1,-1.23517798143786,0.2761662537948456,0.058164610726627625
16473,165,3,316.11,1,2,0,1,-0.6195306205267728,0.29893682740142846,0.41162349829743394
16474,7,7,1810.65,3,0,0,3,1.1938488162934,-0.3178826086862334,0.1065505197440488
16475,88,4,544.3,0,3,0,0,-0.13384848186016032,0.24233265719004438,0.343817976708332
16477,64,7,2494.46,0,0,0,0,0.7814037746355557,0.6535391440613021,0.13602965902828684
16478,25,3,331.0,4,1,0,4,-0.12528640572067604,-0.46279691759986996,0.27062482455747555
16479,10,2,300.83,4,4,2,4,-0.08708361097223566,-0.9062278125587441,0.035221238148847867
16480,76,1,769.29,0,3,1,0,-0.42405522415269303,0.1082509024894582,-0.457462357394414
16482,16,1,220.62,4,4,1,4,-0.5250539270962207,-0.8939920923539841,-0.1245363735430382
16483,192,1,139.35,1,2,1,1,-1.3284706769983314,-0.013718522551779803,0.1986784034108522
16484,174,2,404.3,1,2,2,1,-0.6821381624168287,0.3386565833006765,0.11889051144592894
16485,77,1,363.65,4,4,1,4,-0.7209318878056898,-0.10872405547546325,-0.19561125341128338
16488,33,3,498.8,4,1,0,4,-0.03361606117607491,-0.22895672933421138,0.14595017298605295
16491,47,1,731.5,4,4,1,4,-0.32239845712248905,-0.10437104177296366,-0.4717690030761814
16493,80,4,1351.63,0,3,0,0,0.2469685061266294,0.47307877966408945,0.020425614421237942
16494,297,1,826.53,1,3,1,1,-0.7435532152720842,0.6955690890633113,-0.39124146313517416
16495,3,3,648.26,3,1,0,3,0.6188301934054401,-1.0462299688921965,-0.089631435728109
16496,9,3,1599.52,3,0,0,3,0.7376320454641381,-0.3947072073626991,-0.3427292292200778
16497,50,6,2965.69,0,0,0,0,0.8441400069744632,0.5778430445741846,-0.03846866481769598
16498,161,2,100.97,1,2,2,1,-1.204011607043875,-0.1039640594110821,0.5952681275192526
16499,360,2,365.45,1,2,2,1,-0.9077001319808011,0.611540239544221,0.20287275398145366
16500,5,6,400.86,3,1,-1,3,0.609134057593902,-0.9116707139559106,0.5149085190209461
16503,107,4,1431.93,0,3,0,0,0.19570680176155403,0.6105486662313662,0.019694346254147538
16504,25,1,465.88,4,4,1,4,-0.341704941659958,-0.49472476420889894,-0.35592332444458197
16505,32,1,777.6,4,4,1,4,-0.20218734723085333,-0.24293533634353662,-0.5183299560129828
16506,20,2,90.30000000000001,4,4,2,4,-0.7225704764348608,-0.9913329834428302,0.49610138982126284
16509,297,1,363.7,1,2,1,1,-1.0651988805008863,0.4519241378724756,-0.10529347119170793
16510,372,1,248.1,1,2,1,1,-1.2725140852492345,0.4324551552688825,0.04288110912941412
16511,22,3,918.33,3,1,0,3,0.3060264272058877,-0.21121409610548475,-0.09308558925596466
16513,5,4,874.59,3,1,0,3,0.74482867845651,-0.7448024619700907,-0.003265236032424318
16515,52,5,1624.14,0,0,0,0,0.5201060942431134,0.385319919524403,0.061283458670343516
16516,30,1,101.69999999999999,4,4,1,4,-0.9813143786348856,-0.871434475025498,0.1843890075043913
16517,277,1,162.7,1,2,1,1,-1.3618025991791902,0.1846735401986151,0.1695737312492528
16518,61,2,484.32,4,4,2,4,-0.3448536155715426,-0.041756699090446235,-0.013946013166151752
16519,25,2,215.07999999999998,4,4,2,4,-0.43925086404727187,-0.6458350858641894,0.20985014501189164
16520,186,3,1046.57,0,3,0,0,-0.18103859861996777,0.7040931822292108,0.002624249023402553
16523,2,21,9418.470000000001,2,0,0,2,2.6041168594816795,-0.04335068174946367,0.20586719733239
16525,2,26,13027.45,2,0,0,2,2.8349284627937625,0.09248536366014777,0.24263498057911514
16526,172,1,290.36,1,2,1,1,-1.013639977515703,0.15772132471653222,-0.06360278383474008
16527,81,1,228.06,1,4,1,1,-0.9162974268193396,-0.22606454085876498,-0.0299776563940157
16528,4,1,244.41,4,4,1,4,-0.17066091826586785,-1.375508181236536,-0.24262511952087862
16529,190,1,455.25,1,2,1,1,-0.8630142851692537,0.3324786112675333,-0.21344293367065093
16531,22,7,1244.59,3,0,0,3,0.7755064385192652,0.01240652762193838,0.3084869777807686
16532,18,3,6748.8,2,0,-1,2,1.1377063552513307,0.3016947200977759,-0.8017107652725524
16533,19,3,1082.81,3,1,0,3,0.40654002510548426,-0.2207259479920876,-0.1599484275821741
16535,5,1,593.75,4,4,1,4,0.12999548391806842,-1.0360302676035735,-0.5392588027100155
16536,110,1,548.12,1,3,1,1,-0.6508627174652648,0.16057270513454067,-0.3146920163741553
16539,3,4,1388.81,3,1,0,3,1.0303541280529291,-0.7769998001113936,-0.19184036806281352
16542,54,1,119.62,4,4,1,4,-1.065461335906209,-0.5838114262955336,0.16691435298452867
16545,165,1,339.3,1,2,1,1,-0.9420789754316525,0.1866161841309824,-0.12057359331683454
16546,291,2,787.15,0,3,2,0,-0.5525823585093499,0.7505439762062045,-0.07869012798603382
16549,10,10,4034.9,2,0,0,2,1.5873925912142144,0.11473428224910504,0.08167785192771693
16550,109,5,2298.97,0,3,0,0,0.4688679940977506,0.7939891197032349,-0.010692180006088126
16551,96,3,922.12,0,3,0,0,-0.0620675883687649,0.3919525820204079,0.0025073162720986586
16552,243,2,379.73,1,2,2,1,-0.792070280245206,0.4590775666370661,0.1631234578428219
16553,163,12,5719.82,2,0,-1,2,1.1146734497661424,1.3806874263274607,0.2644111397022806
16554,42,3,837.1,0,1,0,0,0.10897967100268624,0.022975689273710836,-0.01861813279548763
16555,35,2,285.89,4,4,2,4,-0.4115770451272569,-0.42544351651906936,0.13286949566447798
16556,67,7,3313.79,0,0,0,0,0.8812670543864675,0.7568362509465401,0.039987315954518654
16557,24,2,281.85,4,1,2,4,-0.32347399289503254,-0.5821703480606722,0.11323545804419549
16558,1,20,8338.49,2,0,0,2,2.6369628072388664,-0.2580918371470696,0.18696505799644408
16560,27,2,841.41,0,1,2,0,0.07582587193596,-0.2102514547274206,-0.25998908346863714
16561,6,2,511.12,3,1,2,3,0.23656371180034247,-0.9380569135086788,-0.17975722610639888
16563,54,1,1077.74,0,3,1,0,-0.20541702736499634,0.0676677516608053,-0.5976783948606079
16565,364,1,173.7,1,2,1,1,-1.4062159564990133,0.31788984969978806,0.1652338140247162
16566,15,5,614.66,3,1,0,3,0.4467420038350999,-0.4042421250111851,0.31928097352853185
16567,194,2,865.6,0,3,2,0,-0.41161619827610213,0.6098921835414128,-0.1390251778851261
16569,3,1,124.2,4,4,1,4,-0.37753401722931207,-1.6689626867793876,-0.02279576640476179
16570,15,10,3738.4,2,0,0,2,1.4611871843883022,0.24875792745965558,0.13356782793793637
16571,27,3,1421.69,3,1,0,3,0.42690678971340845,0.0009022422969296347,-0.23221151283939007
16572,127,3,1009.6,0,3,0,0,-0.09776416246711657,0.5348623427852145,-0.010393657408527962
16573,85,2,663.61,0,3,2,0,-0.30549348139281185,0.188584474193483,-0.10160416901904906
16574,71,1,451.44,4,4,1,4,-0.6156900832884682,-0.07805654277977707,-0.27628961945712427
16581,183,1,105.84,1,2,1,1,-1.4232943952845405,-0.11481238058572228,0.2906644515411946
16582,113,1,313.62,1,4,1,1,-0.8763458687337248,0.006113484745753132,-0.11852636681046486
16583,374,1,233.45,1,2,1,1,-1.297681198500987,0.4166683719113735,0.06439434247010359
16584,80,2,936.08,0,3,2,0,-0.15523821945409083,0.2656946571067273,-0.22554255606654117
16586,249,1,463.95,1,2,1,1,-0.9247488230964914,0.4506813343413552,-0.2018869041413469
16587,232,1,225.15,1,2,1,1,-1.1895832989227477,0.20691353102487117,0.04488986947263207
16589,71,3,459.24,0,3,0,0,-0.25872596352186533,0.06033386687152466,0.22531132267567128
16591,69,1,213.5,4,4,1,4,-0.9014330859580124,-0.31176938453749664,-0.017725423177772273
16592,4,16,4113.68,2,0,0,2,2.0174924906668794,-0.12556320730116058,0.3405427642504438
16593,51,3,330.03,4,4,0,4,-0.3044920967488882,-0.17376253830007693,0.3183763204380366
16594,75,1,181.09,4,4,1,4,-0.9868620468551117,-0.32608336679239114,0.04498565921666289
16595,61,1,360.16,4,4,1,4,-0.6657334673727282,-0.2076017676364337,-0.2077324706991776
16596,16,2,250.15,4,4,2,4,-0.2710654655944984,-0.7788169108497093,0.1287175688722476
16597,4,1,90.04,4,4,1,4,-0.5599280508682885,-1.6703760491297561,0.10343940716277156
16598,286,1,145.04999999999998,1,2,1,1,-1.4147720440280147,0.1640749129369193,0.21153620316013455
16600,4,6,813.52,3,1,0,3,0.933305507708111,-0.7778447157591788,0.2560605371675648
16601,41,1,242.7,4,4,1,4,-0.7201103815848414,-0.48746791485945895,-0.0967044488836131
16602,36,1,528.08,4,4,1,4,-0.38324294756942456,-0.309969870471587,-0.37578357432379345
16603,75,2,482.47,4,4,2,4,-0.3986537774035641,0.042261614892526236,0.0011130015175019603
16607,18,14,3347.71,2,0,0,2,1.5304482051372403,0.34746968182476595,0.4107790855997636
16609,15,7,5493.46,2,0,0,2,1.45132936900719,0.30193937338303756,-0.23391883733958244
16610,219,1,75.66,1,2,1,1,-1.5995057592441402,-0.1387838008325955,0.41855784624330195
16611,186,1,129.49,1,2,1,1,-1.3489525076049276,-0.048587557347022886,0.22197026455910907
16612,33,4,1187.66,0,1,0,0,0.4192376655504272,0.07158054618672241,0.0069984135903092826
16613,70,1,618.59,4,4,1,4,-0.48867772758978717,0.009583472433763444,-0.38695442797318785
16614,183,1,506.19,1,2,1,1,-0.811873295750931,0.3483359843920678,-0.2528984020701964
16616,15,2,500.42,4,1,2,4,0.015916088986112464,-0.5985824677819449,-0.11665568561097811
16617,236,1,151.85,1,2,1,1,-1.3477348642864277,0.09754593711386947,0.18274935043215612
16618,31,5,2647.59,3,0,0,3,0.8414531650662679,0.31953134320766885,-0.14318852588815473
16619,264,1,226.21,1,2,1,1,-1.220806153275329,0.26212838419280515,0.0519340184883639
16620,4,2,178.96,4,4,2,4,-0.0875433373170663,-1.3897668204014648,0.1625356895420983
16621,52,4,813.48,0,3,0,0,0.15680230695545783,0.14484182302284823,0.16885477572366564
16623,246,1,129.45,1,2,1,1,-1.4205579342639396,0.06771001424605086,0.24083823229751156
16624,81,2,810.5699999999999,0,3,2,0,-0.214838424930006,0.22806729312992136,-0.17453197415433588
16625,275,1,333.08,1,2,1,1,-1.0799226398234634,0.3937713833489712,-0.07985979927607932
16626,1,17,4413.1,2,0,0,2,2.309327901346574,-0.4769160086614122,0.2961098407115078
16627,79,1,322.8,4,4,1,4,-0.7740754804985174,-0.13346452943397677,-0.15244078883979412
16628,30,5,2188.05,3,0,0,3,0.7748041674713251,0.24958849476397615,-0.07882643653242781
16629,74,2,408.63,4,4,2,4,-0.46031094930282473,-0.01256045815939063,0.05805906358408533
16633,17,6,2883.1,2,0,0,2,1.1005875510852015,0.13386598780039577,-0.09882784352734737
16634,223,2,217.9,1,2,2,1,-0.9873692187412976,0.25872901501089657,0.3505124246896467
16637,32,4,1154.47,0,1,0,0,0.41578949851647207,0.05067376904974456,0.014868855915118634
16638,23,10,1680.72,2,0,0,2,1.0433387555755136,0.1807212836206183,0.43978014363123075
16639,31,3,1257.51,0,1,0,0,0.3444698271277008,0.02028878194572439,-0.1804162491400664
16641,106,1,231.10000000000002,1,2,1,1,-0.9794806732674324,-0.11084543989384657,-0.01663830026199707
16642,5,2,688.33,3,1,2,3,0.3928135435857145,-0.9141667105148154,-0.2938545101988179
16643,246,1,487.51,1,2,1,1,-0.9022437067920316,0.46033039843209705,-0.21995116598612913
16644,178,2,833.78,0,3,2,0,-0.4043086613890461,0.5629608812492559,-0.13174177428658157
16647,170,2,214.06,1,2,2,1,-0.924962919545629,0.14054794398218437,0.3384871486653098
16648,43,1,290.65999999999997,4,4,1,4,-0.6615382172340782,-0.4145909117117945,-0.15626361779820394
16650,72,1,518.42,4,3,1,4,-0.5650384966235273,-0.031235254818965538,-0.3235397637294456
16652,59,7,6773.97,2,0,0,2,1.1940315578465106,0.9170499681142448,-0.21791961616077268
16653,16,2,1212.66,3,1,2,3,0.34734000172374435,-0.3103779228915805,-0.4210544961755538
16654,141,4,601.27,0,3,0,0,-0.21485358178883907,0.46728043901240063,0.34063633259481374
16655,18,6,3789.52,2,0,0,2,1.193979388570507,0.2377438740589884,-0.190556999239245
16656,22,15,8625.8,2,0,0,2,1.8854531115008162,0.7211773815273311,0.1406747353549742
16657,10,4,874.43,3,1,0,3,0.5890515062929225,-0.4913443301879591,0.03766281398238558
16658,368,1,123.24,1,2,1,1,-1.5428192116696366,0.22109299881098932,0.2849219398181352
16660,16,4,1267.6499999999999,3,0,0,3,0.6228604058026526,-0.19895804283970553,-0.06246021827737819
16665,362,1,135.39999999999998,1,2,1,1,-1.5019527513638837,0.24200250643298266,0.25122967909161287
16666,19,1,118.98,4,4,1,4,-0.8076875740043449,-1.0084890716629875,0.10057117778343957
16667,68,2,567.1800000000001,0,1,2,0,-0.3104548988216823,0.04985593760537353,-0.0617446489080493
16668,15,6,306.71999999999997,3,1,-1,3,0.25239908813423195,-0.5808134915473768,0.6741825811710509
16669,24,3,1348.88,3,1,0,3,0.43539665756801216,-0.062118008035399394,-0.22151837716304273
16670,17,11,4095.9,2,0,0,2,1.5107407073167107,0.34190442027555107,0.17335948189805273
16671,28,3,1692.27,3,1,0,3,0.4862405697905152,0.06735231138582312,-0.29060827012533275
16672,2,20,8134.9400000000005,2,0,0,2,2.52310580943159,-0.09585652219230982,0.22292427016287308
16674,55,2,304.24,4,4,2,4,-0.5007379272638983,-0.22221381605490986,0.14101994203947466
16676,34,4,1592.1200000000001,0,0,0,0,0.5267571839071629,0.17079048157117102,-0.0932537821775799
16678,3,12,3109.99,2,0,0,2,1.8294920858816952,-0.35363155968806465,0.226642345684473
16679,366,1,129.75,1,2,1,1,-1.5213747096272718,0.23400649067273172,0.2667321992259747
16680,43,1,183.7,4,4,1,4,-0.8408780242699017,-0.5504399010048245,0.0031722560256920995
16681,73,6,1770.34,0,0,0,0,0.5460750107672117,0.5801800477847576,0.16660213587141143
16682,5,5,1028.0,3,1,0,3,0.9003331176793002,-0.6617313119627054,0.07390029472484497
16685,61,2,324.24,4,4,2,4,-0.5019707407473455,-0.1607721201982418,0.1257335513384471
16686,47,7,2959.88,2,0,0,2,0.9264186110593459,0.5775853375854966,0.0559084050356044
16688,1,4,1260.86,3,1,0,3,1.1704984382763737,-1.0956229761787544,-0.20486568973637298
16689,76,2,422.59999999999997,4,4,2,4,-0.45390703581674485,0.008418524503465155,0.04812999625580161
16690,72,2,225.57999999999998,4,4,2,4,-0.685820045886384,-0.19994644534327366,0.26289053889741376
16692,256,2,1276.0,0,3,2,0,-0.330346191460254,0.8406419321333575,-0.2557112309870392
16693,69,2,477.86,4,4,2,4,-0.38128932073848226,0.005017082284048881,-0.0010876794887222374
16696,135,4,657.9000000000001,0,3,0,0,-0.16848634892865091,0.4759461550972994,0.306363897084015
16697,241,1,112.75,1,2,1,1,-1.4690790797812445,0.018422734834489193,0.2872659017101199
16698,227,2,1998.0,0,3,2,0,-0.1236737625257125,0.9238207604975149,-0.420175076442533
16700,9,13,5076.55,2,0,0,2,1.8238675066887908,0.18952514273543164,0.1717195305143327
16701,9,13,5398.3,2,0,0,2,1.8479860969292479,0.2077948518507334,0.15027772919902482
16705,1,20,14034.99,2,0,0,2,2.8413344283335733,-0.1032813763532305,0.005275512699163654
16706,37,3,531.35,4,1,0,4,-0.037420575286000596,-0.16367616086765596,0.13143018042043364
16708,46,1,656.63,4,4,1,4,-0.3593155447920195,-0.14523772002181776,-0.4355604981576774
16709,85,5,3029.87,0,0,0,0,0.6404213976778419,0.7731020806853398,-0.12358959904138715
16710,19,10,2467.99,2,0,0,2,1.2409108655246457,0.21864892723088145,0.2934809414289609
16711,3,5,1651.03,3,1,0,3,1.1903309140730172,-0.6905408702116195,-0.11865082306942035
16712,9,11,3611.31,2,0,0,2,1.61231686413322,0.05863420873131739,0.17766360019084382
16713,19,15,6910.78,2,0,0,2,1.8343476382249113,0.5968148564010415,0.2086036061355156
16714,219,3,1129.06,0,3,0,0,-0.19303230697703966,0.794604576254434,-0.012871308395036307
16715,78,1,301.71999999999997,4,4,1,4,-0.7972699550158303,-0.15874288777403836,-0.1297959293565392
16716,267,2,901.2,0,3,2,0,-0.47749782166462146,0.7548596003732817,-0.13163689286306862
16717,24,6,3843.08,2,0,0,2,1.1289894139063317,0.356697586124838,-0.17695174325742577
16718,369,1,606.0500000000001,1,2,1,1,-0.9207710671495166,0.6939498372735053,-0.26852412287169136
16719,15,7,1770.22,3,0,0,3,1.006932026763978,-0.03468934717864977,0.1611573019550837
16720,26,1,152.95,4,4,1,4,-0.7869146819290335,-0.808840445714263,0.03380057429906613
16721,262,1,292.47,1,2,1,1,-1.1184056564950189,0.3350535603370987,-0.03788225557297194
16722,17,13,4730.81,2,0,0,2,1.6451924324958225,0.414393317530029,0.23595754721077344
16723,91,2,576.4,0,3,2,0,-0.3780363582947049,0.1749636929003581,-0.04796740131819002
16725,302,7,758.27,0,3,-1,0,-0.0811130673236381,0.943545024773098,0.6550559612199117
16726,26,5,1358.74,3,0,0,3,0.6233692649521928,0.05021457873282735,0.0780374602123863
16727,364,1,256.32,1,2,1,1,-1.2541999957809202,0.43304116474406473,0.03008926395041578
16728,46,4,1048.28,0,3,0,0,0.2871024984376388,0.16991544742951284,0.07235364748165116
16729,38,21,7205.33,2,0,-1,2,1.840094337773058,0.9497855110970963,0.47225498522784204
16730,52,3,743.11,0,1,0,0,0.008574207381590149,0.07505690664309758,0.03698962136790149
16732,32,1,603.75,4,4,1,4,-0.30137835474625807,-0.3180720187156406,-0.43014760977274075
16734,52,3,646.76,0,1,0,0,-0.045860474073645074,0.03382291302836925,0.08538289861954507
16735,79,5,2247.41,0,0,0,0,0.5417728032605865,0.6540559617692209,-0.024249131708240626
16737,53,1,417.59999999999997,4,4,1,4,-0.5723064690271504,-0.22149404242662588,-0.2685546068313087
16739,177,1,323.0,1,2,1,1,-0.9792763186772167,0.20121236234020026,-0.09873851829310862
16742,47,1,464.9,4,4,1,4,-0.5000253501081442,-0.2389225074079321,-0.313855936446559
16743,29,7,2213.13,2,0,0,2,0.9330678458586418,0.29458951065709915,0.12564632361528677
16744,11,7,1291.91,3,0,0,3,0.9572675076765153,-0.24861033334174093,0.25161355028057825
16745,87,17,7180.7,2,0,-1,2,1.5283051732117547,1.2505303186769252,0.3813688866790812
16746,5,18,6680.11,2,0,0,2,2.217139929492769,0.11621829667095446,0.26511977464490016
16747,38,2,836.06,0,1,2,0,-0.011794823825616085,-0.07355790500800743,-0.23542634089049258
16748,18,5,1515.9,3,0,0,3,0.756572602191339,-0.06423193714658304,0.016176690121744164
16750,45,5,623.93,0,1,0,0,0.1813275916939459,0.04188916541355629,0.3852620949570513
16751,31,1,1764.72,0,1,1,0,0.12714557936223786,-0.012325136752993297,-0.8061592062618239
16752,373,1,207.5,1,2,1,1,-1.3430429442291745,0.3806706831754907,0.10515142420565415
16753,58,1,223.92000000000002,4,4,1,4,-0.8388963540854678,-0.36916629260919753,-0.04580512491247861
16754,372,1,2002.4,0,3,1,0,-0.45414205531998064,1.0523677946828809,-0.6846643358076548
16755,114,3,1475.43,0,3,0,0,0.0785572474074967,0.6027919009893582,-0.14990820413909572
16756,215,1,239.4,1,2,1,1,-1.1461347153423973,0.193397540007106,0.018457322946282023
16757,319,1,106.83000000000001,1,2,1,1,-1.56182843706865,0.11938017588269939,0.32475353086976827
16758,65,1,369.34000000000003,4,4,1,4,-0.6719405967238925,-0.17398925094449505,-0.21227716809419628
16759,8,3,789.79,3,1,0,3,0.4879277362965364,-0.6484250922514491,-0.10377997272972361
16761,97,1,316.62,1,4,1,1,-0.8337719654945783,-0.05431596086372094,-0.13203392533038677
16762,20,3,1207.24,3,1,0,3,0.4366701293216477,-0.16800244395429895,-0.19458755388253365
16763,199,1,611.85,1,2,1,1,-0.7590080950850916,0.43947990260174075,-0.31331703035952796
16764,4,13,2790.9500000000003,2,0,0,2,1.7671435659992052,-0.2782247294763028,0.3337131415099226
16766,273,2,1145.6,0,3,2,0,-0.3890828101932605,0.8354022793145152,-0.21380292474464432
16767,31,11,5575.56,2,0,0,2,1.4839801248009081,0.6742341479177884,0.10454261636890586
16768,48,3,478.09000000000003,4,1,0,4,-0.14410876693842103,-0.08868947201675817,0.18535751525982924
16769,260,1,361.54,1,2,1,1,-1.0334751029740985,0.39470990291691044,-0.1121581705806182
16770,58,5,757.1,0,3,0,0,0.1932222001866405,0.2034303753766936,0.3346266684066905
16771,33,5,2242.61,0,0,0,0,0.760739170394816,0.29554352491742253,-0.08119033575453269
16773,57,1,171.59,4,4,1,4,-0.9384631285247217,-0.4550636077172383,0.04546270965848981
16774,68,4,661.52,0,3,0,0,0.007971359889013263,0.19377678374403418,0.2587056578414698
16775,10,11,1691.51,2,0,0,2,1.2902258321417062,-0.12693911443124983,0.44866692930046115
16776,60,1,371.54,4,4,1,4,-0.6493781474347495,-0.20517764033547048,-0.21965540039715747
16777,80,2,222.62,4,4,2,4,-0.7176951645166468,-0.1603636105501054,0.27449040374619504
16778,74,2,245.94,4,4,2,4,-0.6589851605132742,-0.1630551600196324,0.2346835230064377
16779,2,22,10611.720000000001,2,0,0,2,2.6734002431546835,0.0006654046731018742,0.19679257838280734
16780,100,2,422.24,1,2,2,1,-0.5239367805669283,0.12164153218382945,0.06671814589308325
16781,372,1,311.25,1,2,1,1,-1.1838170047156207,0.4996427414656661,-0.03597197304034874
16782,10,13,2267.9500000000003,2,0,0,2,1.4831785764560115,-0.010135993505610993,0.4592566800088008
16784,20,1,107.6,4,4,1,4,-0.8593401628568694,-1.0177155405769602,0.13863813580753342
16788,123,2,594.39,0,3,2,0,-0.44266981354980134,0.30892980615202537,-0.03855104068650626
16789,8,1,80.8,4,4,1,4,-0.7529315416554786,-1.4563615768380593,0.18041560874950952
16790,4,6,1545.6200000000001,3,0,0,3,1.1850211004012694,-0.5871714379083165,0.03228146580881683
16791,29,7,1705.78,3,0,0,3,0.8309057240885479,0.21720222438815365,0.21647003657302727
16792,282,2,110.38000000000001,1,2,2,1,-1.3126631796577897,0.15560080222542927,0.602072513687457
16793,57,1,243.84,4,4,1,4,-0.801193053870413,-0.3510822261701863,-0.07657251868325513
16794,1,10,1196.5,3,0,-1,3,1.5483634657503806,-0.959551813163672,0.3907622000403045
16795,365,1,414.88,1,2,1,1,-1.0664477694202408,0.5769392108276277,-0.13726574952832613
16796,89,1,305.62,1,4,1,1,-0.8257325450259536,-0.10041344842264625,-0.12547456389572662
16800,11,1,1162.65,3,4,-1,3,0.2154099564388005,-0.5465474638360345,-0.7267587421029446
16801,163,4,1594.23,0,3,0,0,0.1305176454701334,0.8171691106967501,0.010412165020398434
16803,65,1,332.3,4,4,1,4,-0.7133071740155329,-0.2053242222956064,-0.17550163840781152
16804,23,3,536.99,4,1,0,4,0.08476208250846629,-0.3527388764501486,0.09677168891429175
16805,174,2,460.59,1,3,2,1,-0.6310869277118427,0.3773276332558505,0.07350517090437039
16806,103,4,762.16,0,3,0,0,-0.04190980265309427,0.4074268736860923,0.23701367307212862
16807,143,3,1121.59,0,3,0,0,-0.08676550719803255,0.6153748120319206,-0.03912934048440138
16808,99,2,288.42,1,4,2,1,-0.6705743244958831,0.004466473578734503,0.19868275027570687
16809,23,5,914.69,3,0,0,3,0.4984218672397698,-0.11661348183737813,0.2080753450853144
16810,192,1,309.54,1,2,1,1,-1.016716091841769,0.22243398592352515,-0.07847626472768378
16811,5,2,547.07,3,1,2,3,0.3027945948267809,-0.9823556051514615,-0.21382626664649695
16812,361,1,479.35,1,2,1,1,-1.007050914055596,0.6151975563202489,-0.18830172806216905
16813,8,10,1652.18,2,0,0,2,1.2885771541467648,-0.23459402266331975,0.3796282646805993
16814,14,21,6416.7,2,0,0,2,2.040051303663501,0.5156852769709603,0.4482839884889437
16816,103,4,417.06,0,3,0,0,-0.2781645447567589,0.22846511131474495,0.4470478081306817
16817,3,9,1604.75,3,0,0,3,1.4373023046406854,-0.6007467223098875,0.2653239712417437
16818,11,11,3349.57,2,0,0,2,1.5359551257078672,0.11252280344258242,0.21620489956146516
16820,96,1,497.61,1,3,1,1,-0.6541085303807045,0.07549267828368415,-0.2901066798507498
16823,227,1,358.38,1,2,1,1,-1.0021877176216776,0.3355707023398851,-0.11821615539907455
16824,16,2,460.64,4,1,2,4,-0.03210515448889936,-0.5978056937563441,-0.08372185904985865
16825,39,2,775.1800000000001,0,1,2,0,-0.0479406485016092,-0.08542265637324786,-0.20736715608233297
16826,51,1,341.7,4,4,1,4,-0.641145813511317,-0.29676792124785367,-0.20128088541115258
16828,93,2,128.5,1,4,2,1,-0.970369415709741,-0.2605459176734296,0.47516436622640457
16829,157,1,197.22,1,2,1,1,-1.1415457633798218,0.005251719412761518,0.06470546457864598
16830,39,1,325.91,4,4,1,4,-0.5922660297591692,-0.4205265740303588,-0.20250706754316433
16832,184,3,199.15,1,2,0,1,-0.8280137773584482,0.20742314413016272,0.5795259412978325
16833,1,4,1106.53,3,1,0,3,1.1192882219436036,-1.1344144539062542,-0.1593390120585327
16834,228,1,413.46,1,2,1,1,-0.9473354885018718,0.3798029622879723,-0.16768503612471683
16835,128,2,180.85,1,2,2,1,-0.9184051187131588,-0.027211555372528652,0.3780223686103886
16836,40,2,251.87,4,4,2,4,-0.49453462641655216,-0.4085829295968464,0.18568743972478202
16837,31,11,3170.98,2,0,0,2,1.2624958078923236,0.506460907310486,0.3014456140260583
16838,197,2,588.85,1,3,2,1,-0.5665566287750259,0.5018819710817896,-0.0037380968526508074
16839,9,34,16594.35,2,0,-1,2,2.7517756216295806,0.7179056040599027,0.4293846305134449
16841,37,6,1869.82,0,0,0,0,0.7387307720016913,0.3176771449322991,0.10260094473501502
16842,101,3,1264.19,0,3,0,0,0.048760728814671084,0.5067064555917012,-0.10411064668300964
16843,43,16,10196.57,2,0,-1,2,1.8151136120989295,1.0538901444899254,0.17042468949994144
16846,50,1,214.32,4,4,1,4,-0.8185885294376207,-0.44307987017365397,-0.04040612705989241
16847,43,1,193.44,4,4,1,4,-0.8207044701289675,-0.5351585366173481,-0.01476234692584906
16848,53,1,281.42,4,4,1,4,-0.7267838330254806,-0.33850985790384863,-0.13122183101223975
16849,187,1,124.57,1,2,1,1,-1.3654095981996348,-0.057785282137317207,0.23574244774773206
16850,334,1,332.41,1,2,1,1,-1.1304763787483696,0.47420064412025614,-0.06609839863867581
16851,4,3,342.45,3,4,0,3,0.31153457234890103,-1.1422556467804177,0.14764318892979517
16852,10,2,144.91000000000003,4,4,2,4,-0.37241963842521103,-1.1223683982940245,0.28888939817601395
16855,24,2,328.4,4,1,2,4,-0.2636662599635887,-0.53686629535239,0.060065454580066485
16858,369,1,375.69000000000005,1,2,1,1,-1.1080925372066215,0.5520547789440452,-0.10199242665677599
16859,145,2,747.81,0,3,2,0,-0.39462517325633306,0.44541396213765755,-0.10755137221686678
16861,60,2,173.76,4,4,2,4,-0.7416274618717196,-0.3522758084782287,0.34140930232858707
16863,31,2,502.8,4,1,2,4,-0.1602821593582061,-0.3072699659854434,-0.07157785298570359
16866,141,3,207.73999999999998,1,2,0,1,-0.7435650959525957,0.10928127634168275,0.5470268431875527
16869,23,4,817.12,3,1,0,3,0.3620645331891953,-0.1851807973167533,0.11388774045171679
16871,22,6,2812.34,2,0,0,2,1.0278687851640487,0.22900042722400094,-0.07363328994164527
16872,77,3,680.02,0,1,0,0,-0.1254684100296649,0.21032840164946265,0.09396005526107906
16873,5,6,7123.62,2,0,0,2,1.7378034764030237,-0.056709384815285396,-0.4884961239326168
16875,67,5,2095.53,0,0,0,0,0.5560660160059743,0.565286430591911,-0.010797869405162447
16877,12,6,846.62,3,0,0,3,0.7034884367111173,-0.366363358980771,0.30657763111055647
16880,31,7,1491.43,3,0,0,3,0.7616452830956146,0.204288971724073,0.26765587995323015
16881,67,1,432.0,4,4,1,4,-0.6182469975629432,-0.11502181519601173,-0.26481657995361874
16882,67,3,705.12,0,1,0,0,-0.07601604998440492,0.16370727176160527,0.07207927483135271
16883,187,2,272.48,1,2,2,1,-0.8549749932918265,0.25164654525959723,0.2610117857491728
16884,38,2,429.84000000000003,4,4,2,4,-0.272511938662515,-0.2710497899798293,-0.0036447765411853628
16885,15,3,450.41,3,1,0,3,0.12004003175842703,-0.5744974199761705,0.13067047134514403
16887,35,1,192.32999999999998,4,4,1,4,-0.7714031470659344,-0.620790170939268,-0.026293140612875993
16889,195,3,1578.67,0,3,0,0,-0.03187559873725937,0.8458901333687525,-0.13754980785010193
16891,2,5,742.43,3,1,0,3,0.9507839818824996,-1.0482968160020452,0.14061383961345247
16892,1,5,518.19,3,1,-1,3,0.9140125902793993,-1.3246323678113543,0.23856560507806546
16893,367,1,145.93,1,2,1,1,-1.4762749562839264,0.2698368910305999,0.22619984639371749
16895,65,1,202.27,4,4,1,4,-0.9074273546777393,-0.3523692692386618,-0.0029257828725749724
16897,299,2,289.78,1,2,2,1,-0.9509478434016059,0.4653481493471396,0.2711125891766294
16898,26,3,501.03,4,1,0,4,0.02734892637855252,-0.32404800547472234,0.12885516869218483
16899,8,6,1271.06,3,0,0,3,0.9573110637088748,-0.3994469971550858,0.14011232574087218
16900,17,3,887.11,3,1,0,3,0.35543149828490395,-0.3240085404846974,-0.09755390603648746
16902,116,1,1706.88,0,3,1,0,-0.21896036390543427,0.5199982242783497,-0.7071331616215811
16903,29,1,363.2,4,4,1,4,-0.4759628415464704,-0.5087278682596634,-0.25959868869131253
16904,4,16,3653.75,2,0,0,2,1.970961943818121,-0.16080985925831992,0.38190914307594126
16905,5,7,3037.6,2,0,0,2,1.4707610750851896,-0.28442335097179633,-0.09332505960645285
16906,82,4,559.59,0,3,0,0,-0.10506367809618491,0.22136402322295204,0.329461779940883
16907,29,5,928.76,3,0,0,3,0.4470861612526722,-0.018750829318465057,0.21779762987237794
16909,72,1,379.14,4,4,1,4,-0.6875827976524145,-0.12406193793828985,-0.21459597685018095
16910,4,8,1508.96,3,0,0,3,1.3025959750553464,-0.5459712538679939,0.22468146840484687
16912,29,11,2555.58,2,0,0,2,1.1944067354955235,0.41533260399052524,0.37236562125717465
16913,290,1,113.44,1,2,1,1,-1.51407041997451,0.09733911884498164,0.29758622231623394
16914,36,1,183.76,4,4,1,4,-0.7962401217655136,-0.6228131238615556,-0.008622672106471746
16915,9,6,621.6800000000001,3,1,0,3,0.6498221203933144,-0.56780015963628,0.39651652460851583
16916,24,2,562.41,4,1,2,4,-0.05296979527642025,-0.3772647977905633,-0.12724697490355732
16917,277,1,391.52,1,2,1,1,-1.018495214336137,0.4447271335341209,-0.13563186586458423
16918,50,6,1068.82,0,3,0,0,0.4437537790815552,0.27455251869982883,0.3174809102725018
16919,156,11,2592.25,0,0,-1,0,0.7748449631879304,1.1117809570847896,0.47897508825027735
16921,61,1,154.18,4,4,1,4,-0.997336251589615,-0.45878918568478944,0.08706755467107091
16923,12,19,7069.08,2,0,0,2,2.066653924500343,0.4662916337668334,0.335058388617771
16924,21,3,829.89,3,1,0,3,0.2777395174840249,-0.2598826846221034,-0.06078337667848138
16926,371,1,230.25,1,2,1,1,-1.301012711315086,0.4092224076461046,0.06864892315466528
16927,116,3,543.05,0,3,0,0,-0.317772953751068,0.31314010061458425,0.19966035413259525
16928,80,17,2814.7,2,0,-1,2,1.1820409260415832,0.9374408260427166,0.7025443208330631
16929,4,7,1295.39,3,0,0,3,1.1832149233645528,-0.6139703167340389,0.19165340730240354
16930,26,3,378.89,4,1,0,4,-0.08208606894191317,-0.4069444563703292,0.2261445791929288
16931,5,21,4554.87,2,0,0,2,2.140924579718175,0.03056530476228188,0.5060871812616446
16932,53,1,150.23000000000002,4,4,1,4,-0.9719694232941207,-0.5242366922176404,0.08675196677209623
16933,1,2,563.23,3,1,2,3,0.5964155759249775,-1.4332023958640037,-0.2980333051860037
16934,55,2,931.03,0,1,2,0,-0.06254490780903069,0.10971516163331752,-0.24854045793554566
16936,26,1,261.9,4,4,1,4,-0.5768419551622721,-0.6497114264464166,-0.1529573424858943
16938,9,4,2711.6800000000003,3,0,0,3,1.0575026484454977,-0.19490396993626882,-0.3634569262139762
16940,52,3,3049.88,0,3,0,0,0.5624640932253874,0.494625670629117,-0.45542708974233087
16942,13,9,1904.99,2,0,0,2,1.1827775634482425,-0.025816481445132263,0.2899626021741196
16943,212,3,816.73,0,3,0,0,-0.3117141552771664,0.6848875718799686,0.09784322252352315
16945,22,19,4345.5,2,0,0,2,1.729114141216788,0.5602542956180527,0.5433047451177563
16947,236,1,406.48,1,2,1,1,-0.9628236910019756,0.38911418803677933,-0.1594426607643835
16948,139,3,435.02,0,2,0,0,-0.45076783515233054,0.3223809304514877,0.28900861143722645
16949,4,6,1286.27,3,0,0,3,1.1129688327963687,-0.641750663191198,0.09633705077041926
16950,57,3,1178.56,0,3,0,0,0.16626793919916588,0.24975645180225764,-0.11771277868844068
16951,135,3,1277.75,0,3,0,0,-0.020954749882152457,0.630197702207008,-0.08843622285923308
16952,109,2,167.61,1,4,2,1,-0.9071500961240487,-0.11632947594045326,0.39366168476453123
16954,1,9,2085.08,2,0,0,2,1.7180886733209522,-0.8128342562950972,0.12726567525492527
16955,185,4,518.67,0,3,0,0,-0.34209721242748425,0.5363090277883197,0.4103131239716131
16956,18,1,308.74,4,4,1,4,-0.4222114537403797,-0.7479269747244152,-0.23386719432536324
16957,239,2,416.64,1,2,2,1,-0.751501589286354,0.4796784817511293,0.1297177267636095
16959,87,1,117.35000000000001,1,4,1,1,-1.1936548625281809,-0.3928847806122649,0.20523119756840924
16960,39,3,507.05,4,1,0,4,-0.06893745683185812,-0.1561159394790973,0.15119329188400887
16961,116,1,234.17,1,2,1,1,-0.9972735576684798,-0.06957005101827571,-0.015200644199550223
16963,187,1,110.55000000000001,1,2,1,1,-1.4118840397899333,-0.09298943464730004,0.27705894812707493
16965,227,1,201.19,1,2,1,1,-1.2279729844727125,0.16453951408370904,0.08251045355598938
16966,8,7,2154.97,3,0,0,3,1.2318976228408745,-0.21687978778737657,0.053766832059375796
16967,189,1,319.02,1,2,1,1,-1.0008873951944985,0.2248234677828733,-0.09002669015067727
16968,4,2,439.43,3,4,2,3,0.2637975952019865,-1.1236278556681638,-0.14981185622663526
16969,39,3,650.41,0,1,0,0,0.028635093218092184,-0.08220523038381203,0.0644497794672022
16971,38,1,357.21,4,4,1,4,-0.5498695156333455,-0.40392695728202765,-0.2361232123531627
16976,267,1,251.51999999999998,1,2,1,1,-1.1822382097556896,0.29824213307008707,0.015834628194580508
16978,78,1,344.33,4,4,1,4,-0.745573883243109,-0.11958337702837722,-0.17575454006643176
16979,4,6,1852.0,3,0,0,3,1.2559686610082763,-0.5334290225429276,-0.030792017474191843
16980,255,2,1028.46,0,3,2,0,-0.4139315457106729,0.7749372465310074,-0.18077504921836618
16982,61,1,384.06,4,4,1,4,-0.6405794658827643,-0.1885477397796713,-0.23009476869651457
16983,13,7,1905.87,3,0,0,3,1.0702020807500405,-0.06859472235074585,0.1264017176866452
16984,88,2,4459.52,0,3,-1,0,0.43304724194371635,0.7690386981399939,-0.7636973226421859
16985,17,10,5464.12,2,0,0,2,1.5798890768928588,0.4108550496836214,0.009082294195223162
16986,30,2,1873.2,0,1,2,0,0.3635921398093711,0.07010557151711354,-0.5322001460091412
16987,3,7,1616.8,3,0,0,3,1.3274804461306218,-0.6414391069349893,0.09931507208382429
16988,5,1,126.12,4,4,1,4,-0.4757164641432896,-1.4948539794547366,-0.0007714734276406399
16989,7,6,1133.25,3,0,0,3,0.9425550187837665,-0.4828056699055631,0.1721883865778605
16990,219,1,179.0,1,2,1,1,-1.2644322432873216,0.11503267880989229,0.12067228645149702
16992,11,5,1614.31,3,0,0,3,0.8992933225758614,-0.23773717505018716,-0.036740458008474794
16996,30,6,1456.96,3,0,0,3,0.6931532460568121,0.15838073923110838,0.17589023794344888
16997,288,3,702.0,0,3,0,0,-0.44944196504108197,0.7675552192549423,0.17117261490649005
16998,150,4,295.0,1,2,0,1,-0.5094877977890655,0.2817566641071313,0.5926796262888983
16999,23,2,484.82,4,1,2,4,-0.10064759957685626,-0.4383974572719538,-0.07829018332448318
17001,1,11,3989.57,2,0,0,2,2.0648455964789383,-0.5848903249916553,0.03440477740614778
17002,86,3,1493.73,0,3,0,0,0.15506920405691305,0.48975487722382083,-0.17301835644102667
17004,46,2,1312.1399999999999,0,3,2,0,0.1170333178977277,0.1383743314638768,-0.37998840593063915
17006,5,4,781.78,3,1,0,3,0.7008446639689112,-0.7781201286496179,0.0358372359732049
17007,51,6,889.9300000000001,0,3,0,0,0.3669364717729332,0.22826379661460597,0.3826472615497746
17010,18,1,195.36,4,4,1,4,-0.6011303166093733,-0.8834571009576606,-0.07480554640356242
17011,30,1,270.9,4,4,1,4,-0.5991167499510635,-0.5819217202999467,-0.15539062039748383
17014,8,3,583.4300000000001,3,1,0,3,0.3692217196102482,-0.7383442945544415,0.0017515197556668416
17015,29,3,1838.6100000000001,0,1,0,0,0.5100713205635455,0.10617989054773411,-0.31725078443773724
17017,3,20,8694.26,2,0,0,2,2.475304968389573,0.04423495069364136,0.21911624075009528
17018,41,2,920.1,0,1,2,0,0.006724762899869563,-0.014113782259459773,-0.26381855153410894
17019,11,4,1258.08,3,0,0,3,0.70936173344193,-0.3468867155553047,-0.08329971779851458
17022,31,1,71.0,4,4,1,4,-1.1288834220938888,-0.9637607002833195,0.3104700837167906
17024,45,3,95.85,4,4,-1,4,-0.7554624152966252,-0.590504704877701,0.7390293312339886
17025,61,3,357.77,4,4,0,4,-0.3180855921256349,-0.0762683657008217,0.30215075750426373
17026,185,2,154.82999999999998,1,2,2,1,-1.0730236292105069,0.0799214154389251,0.45658186438611603
17027,79,6,877.5600000000001,0,3,0,0,0.25078752376457997,0.4042784974823137,0.41656903832361425
17029,111,2,716.0,0,3,2,0,-0.3435642141904934,0.3216262464977279,-0.11027507671455346
17030,64,1,146.87,4,4,1,4,-1.0284161920892965,-0.4533740701302959,0.10709254079022623
17031,12,2,380.35,4,4,2,4,-0.0381970325049297,-0.7668206300307842,-0.035127793361782414
17033,86,3,1030.14,0,3,0,0,0.009322156911981377,0.3793522322431246,-0.04344696789724915
17034,16,3,745.52,3,1,0,3,0.3019386600964635,-0.39955751551993124,-0.04079803907555975
17035,246,2,433.53000000000003,1,2,2,1,-0.74332399689036,0.5034914853988596,0.11782037313691535
17037,88,1,1267.32,0,3,1,0,-0.2655011794044724,0.3171116140688288,-0.6217305561878597
17038,30,1,112.4,4,4,1,4,-0.9424088069557868,-0.8419637028760814,0.14980135003001754
17040,138,1,449.73,1,2,1,1,-0.7861555952100978,0.1959414338139624,-0.23062024905974438
17041,27,3,1071.49,3,1,0,3,0.3159847057575137,-0.0831206706566621,-0.13360005744542366
17042,3,5,1036.58,3,1,0,3,1.0077494483515825,-0.8288453994282834,0.043666935672953516
17043,32,4,1735.18,0,0,0,0,0.5756289792722361,0.17175136062681065,-0.12723092498161537
17044,25,1,948.48,4,4,1,4,-0.063054766794007,-0.28364867771403574,-0.6036476576823222
17045,113,3,339.44,1,2,0,1,-0.4951297111385184,0.16287468937986657,0.3615141370285546
17046,157,1,642.02,1,3,1,1,-0.6795909057314233,0.35518016835998767,-0.34597957860116413
17047,85,3,1100.9,0,3,0,0,0.03834600322430057,0.3942528225262949,-0.06738885184184847
17048,118,3,925.35,0,3,0,0,-0.11320635832794293,0.4784854608196564,0.01506936621804536
17049,3,9,5655.03,2,0,0,2,1.9315771662846175,-0.2263360351506903,-0.17409405745973822
17050,96,6,3185.64,0,0,0,0,0.7070696989935032,0.8679927731947895,-0.020086311202591106
17051,194,1,240.89000000000001,1,2,1,1,-1.117435579301676,0.15245738459261415,0.00940558464939345
17052,28,1,399.09,4,4,1,4,-0.4303595822377132,-0.4949595388607453,-0.2946840877376847
17053,131,1,498.48,1,2,1,1,-0.7325672282400617,0.20486816124621285,-0.2699442977993196
17054,28,5,1356.33,3,0,0,3,0.6043163607686172,0.07957433805001127,0.08347414727735042
17058,82,3,1179.89,0,3,0,0,0.07464438349970187,0.39998907663116084,-0.09394371494903749
17059,30,5,3080.39,3,0,0,3,0.9090229480408584,0.3512585366017702,-0.19814901704243562
17060,266,1,234.24,1,2,1,1,-1.2091036498050065,0.275600741191028,0.04032012135799021
17061,74,11,5232.2300000000005,2,0,0,2,1.2402361207590067,1.0115790940429987,0.1841414840988293
17062,314,4,533.33,0,3,0,0,-0.4665087086837937,0.7649230062261477,0.4361218750760968
17063,21,7,1461.14,3,0,0,3,0.8498482129866699,0.04147864402757172,0.24955069616357456
17064,59,3,855.45,0,1,0,0,0.031902927790027125,0.16875154782451954,-0.0037168034450197063
17068,12,21,4552.14,2,0,0,2,1.9420706456540242,0.3537688577073111,0.5584230376572954
17069,28,9,2709.7000000000003,2,0,0,2,1.1339651459358344,0.38349517085815144,0.21614434745990108
17070,114,1,304.24,1,4,1,1,-0.8904708566210521,0.0007661444569179304,-0.1073747581522141
17071,28,9,2429.03,2,0,0,2,1.0910578857855127,0.3509931400982433,0.25428956813636416
17073,18,4,1446.09,3,0,0,3,0.6459489226229451,-0.11330614058351028,-0.10088853302199899
17075,18,4,834.12,3,1,0,3,0.43014939278454745,-0.2767731839745042,0.09096060063798198
17076,36,3,841.0799999999999,0,1,0,0,0.14944423195668388,-0.03847013914559908,-0.030403161513688298
17078,36,2,378.2,4,4,2,4,-0.30910704190302507,-0.33103208286121966,0.037362083561766485
17079,78,1,118.80000000000001,1,4,1,1,-1.161159873905971,-0.43438764569035404,0.19370786019737318
17080,22,2,287.62,4,1,2,4,-0.29412746280631047,-0.6110392994593964,0.10056658084284625
17081,25,2,288.91,4,1,2,4,-0.3238711830888499,-0.5584355659125316,0.10727581665068292
17082,33,2,2003.85,0,1,2,0,0.36631614342061414,0.12877818407665415,-0.5494897275966066
17083,109,3,1405.78,0,3,0,0,0.07100656708994935,0.5698309005028859,-0.1360408215613424
17084,35,2,2747.9900000000002,0,1,2,0,0.4755479217966596,0.2465491220653679,-0.6557983780790061
17085,123,5,1562.4,0,3,0,0,0.28655502081359224,0.729305808780872,0.1321043445003529
17086,7,6,2050.08,3,0,0,3,1.1751009658678422,-0.30665330084869363,-0.034548572106103514
17088,28,4,1991.01,3,0,0,3,0.6627801715173323,0.15858304627299166,-0.18391248089619072
17090,4,7,1974.65,3,0,0,3,1.348602686886701,-0.4886899292546961,0.044621116854659276
17091,3,9,3827.76,2,0,0,2,1.7784106300039286,-0.34235890531631646,-0.03792662784042833
17092,50,4,1774.03,0,0,0,0,0.4724907550836781,0.36040090013032167,-0.10560583731536455
17094,322,1,302.0,1,2,1,1,-1.1586495425077734,0.4305046551519457,-0.035180687252452325
17095,23,3,1324.16,3,1,0,3,0.43862775222325057,-0.08468743616588353,-0.21782038743373885
17096,15,4,1022.13,3,1,0,3,0.5540009767488491,-0.288271330277287,0.008514688341046656
17097,2,8,954.42,3,0,-1,3,1.254151695065009,-0.8957171031572121,0.3499688603636572
17100,18,2,971.74,3,1,2,3,0.23190453817346357,-0.3296572293682626,-0.33633284092196364
17101,10,4,1621.73,3,0,0,3,0.8313151466088967,-0.3078308580629378,-0.17771332491253314
17105,159,2,665.78,0,3,2,0,-0.4636930722258197,0.4492105555714769,-0.06088708770124013
17107,33,6,10797.48,2,0,-1,2,1.4554579995099668,0.7924318963424092,-0.516678427482133
17109,29,6,881.29,3,0,0,3,0.5044080794035136,-0.004687367567349424,0.3489652915545448
17110,165,1,163.29999999999998,1,2,1,1,-1.2279094636087753,-0.029898953081355553,0.13353414997368535
17111,47,1,231.61,4,4,1,4,-0.7726952211805608,-0.4454685442755274,-0.07144818616278649
17114,6,8,801.12,3,0,-1,3,0.9678414763955033,-0.5933456095767745,0.46812670166518455
17115,8,3,837.5,3,1,0,3,0.5109242871778321,-0.6310053222289146,-0.1242242636280777
17117,288,1,116.19999999999999,1,2,1,1,-1.5029438168939406,0.10154102951628971,0.28880453469098205
17118,318,1,157.02,1,2,1,1,-1.411004408699013,0.23171051415871707,0.19117239747941472
17119,3,2,606.91,3,1,2,3,0.4476290901233543,-1.1211256237266634,-0.2773249551997664
17120,233,1,307.46,1,2,1,1,-1.068837691317626,0.3010022590820832,-0.06314416463551903
17122,119,1,138.32,1,4,1,1,-1.2092921903394496,-0.21465755758293653,0.16921219843840912
17123,162,1,345.29999999999995,1,2,1,1,-0.9305330881069014,0.1841855838690148,-0.1279026449783787
17124,185,1,294.24,1,2,1,1,-1.027059327887834,0.19195892217628815,-0.06333474281750946
17125,50,1,230.5,4,4,1,4,-0.7901463188834628,-0.42153504071886305,-0.06569169398525221
17126,152,5,989.45,0,3,0,0,0.05338566167727729,0.6814714459560794,0.30556991839225767
17128,335,1,157.09,1,2,1,1,-1.4241678865297032,0.2535574446625265,0.19451816770760622
17131,5,5,2463.17,3,0,0,3,1.2431362977682259,-0.40205965115727804,-0.23085705653164912
17133,16,7,4892.240000000001,2,0,0,2,1.3902648127244333,0.29283590447065494,-0.18938930311359484
17134,107,2,413.2,1,2,2,1,-0.5496260104344548,0.14324828282150648,0.07877059593993693
17135,16,7,1139.73,3,0,0,3,0.8186355783465666,-0.14017032556878087,0.3187979643574518
17138,276,1,380.5,1,2,1,1,-1.0287480823205382,0.43475223750759195,-0.1259368902007751
17139,16,12,10650.77,2,0,0,2,1.9409519981914412,0.6175149293782839,-0.1053353456458492
17140,247,1,454.12,1,2,1,1,-0.9310738545516422,0.44096779497082594,-0.19497103889184283
17142,239,1,579.0,1,2,1,1,-0.8274697690957682,0.49935275582104166,-0.2817990109513264
17144,1,2,984.57,3,1,2,3,0.8153648231669113,-1.2673494576016968,-0.49268258653673574
17146,106,3,749.78,0,3,0,0,-0.16839189106655156,0.3715420857597713,0.08123876384895923
17147,23,4,1714.59,3,0,0,3,0.6527507918725938,0.03501256129226932,-0.1445368582350048
17148,52,1,124.88,4,4,1,4,-1.0391904090813848,-0.5866113565445344,0.14952104978442443
17152,195,3,1689.5,0,3,0,0,-0.0052572650338928995,0.8660533854098602,-0.1612139199280444
17153,24,1,213.78,4,4,1,4,-0.6364302081650748,-0.7420133023406054,-0.08759523542889391
17154,75,1,329.34,4,4,1,4,-0.753049524884297,-0.14897157371766784,-0.1628773042130869
17155,18,2,251.70000000000002,4,4,2,4,-0.29722210486461736,-0.730467963208178,0.1340689627301937
17157,8,2,319.0,4,4,2,4,-0.012587454390067976,-0.9727744889700262,0.0012918461563795058
17158,32,3,1266.97,0,1,0,0,0.3395048512015586,0.035385650883220696,-0.18095514486966452
17159,22,3,1538.88,3,1,0,3,0.5085106351823832,-0.057833341123898374,-0.2730971949772948
17160,31,6,3518.03,2,0,0,2,1.0308939110858968,0.4336741433343935,-0.12947655415016965
17162,29,10,1715.46,2,0,0,2,0.9940436707244152,0.2801296962439798,0.44768828453502074
17163,22,2,293.1,4,1,2,4,-0.2867439856063317,-0.605446353132177,0.09400255493753076
17164,33,7,2467.35,2,0,0,2,0.9435823251611629,0.37925797438301323,0.09615321913215558
17165,284,1,158.68,1,2,1,1,-1.3779510512095778,0.18768108135768483,0.17992732908748066
17166,39,2,206.34,4,4,2,4,-0.5661192741399331,-0.4779403228618507,0.2533016900651874
17169,58,2,835.78,0,1,2,0,-0.11826912492548092,0.09948537578935412,-0.20740029442269053
17171,289,1,224.91,1,2,1,1,-1.2462168245758334,0.29812727772404213,0.06001427664187803
17172,79,1,317.76,4,4,1,4,-0.7802336729445991,-0.1381293288084128,-0.14696606011088093
17173,5,8,3766.6,2,0,0,2,1.6146929859184733,-0.19782713750149863,-0.0821230935868955
17174,218,1,59.9,1,2,1,1,-1.6886801362381312,-0.20912488027344697,0.49856853147872116
17175,44,4,1443.69,0,3,0,0,0.42380755505739076,0.24681982509611167,-0.042180147301357176
17176,202,1,306.13,1,2,1,1,-1.0340271016106604,0.24027860437373122,-0.07121725111318221
17179,178,3,711.79,0,3,0,0,-0.32095596085971106,0.5713118189781425,0.13405033962663582
17180,56,4,783.97,0,3,0,0,0.1236248363334152,0.16429921420948698,0.1866391180747357
17181,57,2,239.92000000000002,4,4,2,4,-0.6026432492483549,-0.27790154454490973,0.22596725072897195
17183,8,6,3347.31,2,0,0,2,1.3372302689498676,-0.11166013656874292,-0.19764174833359327
17186,47,2,144.0,4,4,2,4,-0.7533414034747956,-0.5080279089361419,0.3903995987533696
17187,227,1,203.95,1,2,1,1,-1.2226506830952268,0.1685711302362786,0.07777884496948043
17188,11,7,2474.23,2,0,0,2,1.2122058086410923,-0.05549587040935873,0.024969441215893118
17189,106,2,383.75,1,2,2,1,-0.5761891549915241,0.11742604575154728,0.10388290581987566
17190,59,2,444.74,4,4,2,4,-0.3698259580334229,-0.08076772671726724,0.013532456144224575
17191,28,7,2093.68,3,0,0,3,0.9200060874926904,0.2639193883274786,0.14271503642202443
17193,36,7,1699.3000000000002,3,0,0,3,0.775539066103681,0.30378541422688765,0.23193639560202384
17194,274,2,262.62,1,2,2,1,-0.9670891863120192,0.3997979333199101,0.29946736499778887
17197,30,1,1013.01,4,3,1,4,-0.08242621140222772,-0.19053127219318705,-0.6147365340106159
17198,24,3,692.22,3,1,0,3,0.17379056552341143,-0.2602832887087496,0.01105350173082717
17201,54,1,289.78,4,4,1,4,-0.7200460032102008,-0.3221610732108152,-0.14016524250962303
17203,36,6,3560.08,2,0,0,2,0.9982621795848875,0.4979277458516961,-0.12383413350401466
17204,175,4,1564.56,0,3,0,0,0.10500734751035867,0.8411217935031535,0.021725002026315554
17205,54,1,384.08,4,4,1,4,-0.6097842944846321,-0.23863839112663682,-0.23818961406738537
17206,53,1,204.24,4,4,1,4,-0.8520925264831015,-0.4334305541910235,-0.01982045632939669
17211,27,8,2317.2200000000003,2,0,0,2,1.028341723815132,0.3020465721268105,0.19121074860629023
17212,253,1,226.85,1,2,1,1,-1.208811315393477,0.24523311848100887,0.048094176630990415
17213,40,7,2781.23,2,0,0,2,0.942480660683218,0.49315242376087065,0.0670000788220686
17214,60,6,1059.1200000000001,0,3,0,0,0.3941840106616632,0.34672990025392425,0.3327305885874434
17217,234,1,113.5,1,2,1,1,-1.4589592607651976,0.00810051354189378,0.282993595568016
17218,4,10,1951.97,2,0,0,2,1.5049880892071648,-0.4308774752834424,0.2818424815884129
17219,32,1,114.23,4,4,1,4,-0.9521848997304663,-0.8110546577776604,0.14842951654892073
17220,24,14,3187.55,2,0,0,2,1.4407117273464407,0.44767804396606015,0.44638436720495744
17221,7,2,334.48,4,4,2,4,0.03621359639712965,-1.0079889858254527,-0.02313533821518958
17222,65,1,328.65,4,4,1,4,-0.7176297633570332,-0.20859856167891103,-0.17165878934805812
17223,310,2,416.89,1,2,2,1,-0.817838695827187,0.5882459465246282,0.14698044824589684
17226,309,1,393.49,1,2,1,1,-1.0445175877899913,0.4917839335644668,-0.13003375326392497
17227,19,6,939.32,3,0,0,3,0.6335701659384604,-0.15532915585862422,0.2993996178022566
17228,16,8,1906.09,2,0,0,2,1.079889118523012,0.035296423851721964,0.2256991797409062
17229,96,2,318.76,1,4,2,1,-0.6236156584408354,0.021371090402214906,0.16183831284799655
17230,264,8,3638.41,0,0,-1,0,0.6280424073947584,1.376174084262526,0.18533378073773504
17231,12,10,3124.72,2,0,0,2,1.444156895069646,0.1086098214788895,0.1821285064436255
17232,3,2,417.77,3,4,2,3,0.3013228917902211,-1.2319518228810518,-0.14725647256536806
17233,35,1,190.88,4,4,1,4,-0.7743584363639828,-0.623028787512153,-0.02366584252761239
17234,183,1,149.89000000000001,1,2,1,1,-1.2877780048242404,-0.012159405872785165,0.1701882756848082
17235,25,2,550.06,4,1,2,4,-0.07174538693914582,-0.3674515610351531,-0.11686793195190132
17236,13,6,916.13,3,0,0,3,0.7153911430385508,-0.3119314893912151,0.28406792990914614
17237,11,2,314.69,4,4,2,4,-0.09181094428076075,-0.8564855123483303,0.025419039602681326
17238,3,17,3719.1,2,0,0,2,2.0641233964208507,-0.23787539433051286,0.4025353071901775
17239,313,1,382.5,1,2,1,1,-1.0589022321604098,0.48874454850654536,-0.11930912829693657
17242,108,2,1135.04,0,3,2,0,-0.15592607237156889,0.44712222617633723,-0.2727182256109267
17243,1,26,8540.05,2,0,0,2,2.7733294076319757,-0.2026570166871295,0.3626589245517279
17244,53,1,954.9,0,3,1,0,-0.24816133215854486,0.024044245785399255,-0.5567246678824467
17245,205,1,171.45,1,2,1,1,-1.2643625653614112,0.07479100580138089,0.13119332073600953
17247,15,1,280.09000000000003,4,4,1,4,-0.4161666703314223,-0.8486631716965191,-0.2115810312432564
17248,120,1,318.65,1,4,1,1,-0.8854277058923702,0.035753897846087415,-0.12004408777532946
17250,4,2,381.97,3,4,2,3,0.2089208020157043,-1.165196746664628,-0.10102553477954887
17251,363,1,269.83,1,2,1,1,-1.2334080011729647,0.4471097025968715,0.012046434183094867
17252,117,2,348.91,1,2,2,1,-0.6385867515662682,0.13012920335011774,0.14360501010777005
17253,18,1,178.26,4,4,1,4,-0.6368967140031164,-0.9105499645940217,-0.043008663624129695
17254,5,2,271.19,4,4,2,4,0.028046207804329343,-1.1904761072518943,0.03042931659878051
17255,41,2,291.48,4,4,2,4,-0.4436003474600547,-0.355232756941126,0.13652746568188606
17256,107,2,240.0,1,4,2,1,-0.7622134891754678,-0.01778564824295237,0.267764166287216
17259,148,2,581.23,0,3,2,0,-0.4986239692512297,0.37910018463698053,-0.01836859072699301
17262,52,5,1253.3600000000001,0,3,0,0,0.41844742541351054,0.30831399629054,0.15165959414474056
17263,208,1,63.440000000000005,1,2,1,1,-1.6544943681865805,-0.2118714901345421,0.47569945936109914
17265,139,2,550.01,0,3,2,0,-0.5042537945454522,0.33665389682895874,-0.0033354992135199713
17266,2,3,296.58,3,4,-1,3,0.38648084276390027,-1.398533783363068,0.16323446517037749
17267,127,2,317.2,1,2,2,1,-0.6967738321020753,0.1359038805321528,0.18224128300375925
17268,108,4,763.64,0,3,0,0,-0.05321166930600492,0.4276424416783118,0.2395032710790712
17272,42,4,2148.63,0,0,0,0,0.591486681348826,0.3459751759207148,-0.1839321218812654
17274,35,1,107.82,4,4,1,4,-0.9970042900833819,-0.791681886330434,0.17426977939445765
17277,228,2,1065.3500000000001,0,3,2,0,-0.3714799686874085,0.7387907991151808,-0.2005759075430274
17278,241,1,246.04,1,2,1,1,-1.1646362541669095,0.24903662274260002,0.016611501365294407
17279,58,1,187.82999999999998,4,4,1,4,-0.9075528231226384,-0.42117321779377054,0.015231542381459157
17282,130,3,1685.46,0,3,0,0,0.09730572874695037,0.6968242725940216,-0.18754266244521683
17284,60,6,1647.48,0,0,0,0,0.5674846712781105,0.4780042669306771,0.1786636097257871
17286,22,1,151.37,4,4,1,4,-0.7497751355430131,-0.8789703051205999,0.026590809232463763
17287,26,7,1049.06,3,0,0,3,0.6672842675786713,0.028691661411358458,0.37889030007747637
17288,9,7,1417.63,3,0,0,3,1.040529981168755,-0.2972716564298779,0.20693739025854213
17289,32,3,931.02,0,1,0,0,0.21867011410034515,-0.05614604627874782,-0.07353118687374428
17290,4,2,513.01,3,1,2,3,0.32444346734977303,-1.0776889167775614,-0.20372697847143176
17291,308,1,550.8000000000001,1,2,1,1,-0.9119502424014037,0.5902229535144805,-0.24736813499901011
17293,8,9,1854.06,2,0,0,2,1.2856443956310106,-0.21866399464232744,0.26962735333775756
17295,29,3,547.0,4,1,0,4,0.03467732500932916,-0.25392863683077044,0.10538186106678113
17297,17,1,128.18,4,4,1,4,-0.7516199073295814,-1.0305862441238454,0.0676843987329021
17298,101,2,498.42,0,3,2,0,-0.4614971040301289,0.17497705712052855,0.009622532397013828
17299,12,4,656.61,3,1,0,3,0.4338278620420979,-0.5065496005165729,0.1487709405524193
17301,21,1,163.24,4,4,1,4,-0.7089081796685434,-0.8752551930955355,-0.002585838750269548
17302,15,5,1135.63,3,0,0,3,0.6874268613177393,-0.22192457283147118,0.10530839709289816
17303,361,1,250.04,1,2,1,1,-1.261779155063588,0.422242212733787,0.038155634438620994
17306,11,19,8631.31,2,0,0,2,2.1655847353656754,0.49217860095388843,0.2599905939459976
17309,95,1,82.75,1,4,1,1,-1.3517550960667766,-0.4593216702067888,0.33177988939764025
17311,78,2,1384.85,0,3,2,0,0.004789989109274695,0.37159364694752056,-0.36378604722153784
17312,139,3,644.3,0,3,0,0,-0.29687665938038577,0.43895271133646846,0.15219696605564226
17313,31,1,2328.84,0,1,-1,0,0.2359771883604585,0.07011425208045881,-0.9029121969507561
17314,25,8,2527.92,2,0,0,2,1.08152791132605,0.2969192077014381,0.15585541227436867
17315,2,38,6281.23,2,0,-1,2,2.7344117747412824,-0.05368774982301082,0.7664596254164223
17317,46,3,2600.34,0,3,0,0,0.5307528562733371,0.3969764641680422,-0.4078975418684199
17320,100,3,1200.6200000000001,0,3,0,0,0.031054884779123854,0.4872565806562029,-0.08678410505230848
17321,8,2,657.16,3,1,2,3,0.27049262039530964,-0.7583427758763055,-0.25037073691155665
17323,15,7,906.52,3,0,0,3,0.7444290784764647,-0.23353399188252172,0.39452649997819
17324,18,4,986.48,3,1,0,3,0.4959336244114775,-0.2269419639813216,0.03247739701114802
17325,280,1,96.8,1,2,1,1,-1.5667678188436374,0.035991282455193535,0.350063380985159
17329,14,2,523.11,4,1,2,4,0.04986826683139972,-0.6124150443990451,-0.13645193467192018
17330,23,2,363.9,4,1,2,4,-0.21300188834517306,-0.5235052580674806,0.021594524391638864
17331,124,1,175.2,1,2,1,1,-1.1275891915759424,-0.12775098680596944,0.09000648052830479
17333,86,1,494.25,4,3,1,4,-0.6288132826986443,0.027975981632554294,-0.29508223975029835
17334,302,2,307.02,1,2,2,1,-0.9308937776999209,0.4866368687027677,0.25168266293605107
17337,151,4,1981.06,0,3,0,0,0.23526753699816821,0.8499501332629447,-0.07048184300037844
17338,17,8,6493.54,2,0,0,2,1.5462331561723133,0.42357807715938156,-0.19808781563055688
17339,94,2,243.36,1,4,2,1,-0.7238321197485953,-0.0673101331794627,0.25428564314165836
17340,30,11,12353.29,2,0,0,2,1.8043841568542747,0.8974819956703114,-0.17519144904505474
17341,157,3,682.29,0,3,0,0,-0.3054916418246739,0.5065503623174269,0.14038795426105627
17343,355,1,193.64,1,2,1,1,-1.3573748462432405,0.33958643220914636,0.12583179832135155
17344,46,1,157.62,4,4,1,4,-0.9175763351236607,-0.5681174218681158,0.06074201492780182
17345,15,4,519.6899999999999,3,1,0,3,0.288844873261054,-0.48912572651570696,0.2442425825439854
17346,4,15,2622.88,2,0,0,2,1.8102462680286506,-0.2710053614205487,0.45316039202324676
17347,86,1,228.96,1,4,1,1,-0.9299626322923368,-0.20014311498487705,-0.027355790739580693
17348,15,5,1156.6,3,0,0,3,0.69460316934236,-0.2164885560981341,0.09892854780206958
17349,179,1,98.25,1,2,1,1,-1.4465757692937316,-0.14591724843782078,0.3148995582120113
17350,8,4,1281.32,3,0,0,3,0.7904417465160487,-0.46176938533282574,-0.10907738918898363
17351,36,3,587.15,0,1,0,0,0.008559964664049707,-0.145189253185743,0.0948451402164103
17353,129,2,1740.0,0,3,2,0,-0.03360030888634402,0.6477558818920424,-0.4098257473827357
17354,51,1,1393.06,0,3,1,0,-0.09034777780898559,0.1204587820227791,-0.6909488937253646
17356,312,1,178.22,1,2,1,1,-1.35670736839276,0.2612038723676697,0.14595767496306938
17357,24,2,384.39,4,1,2,4,-0.20204222889575463,-0.49018640606793623,0.005280733863329723
17358,303,2,360.81,1,2,2,1,-0.8685571228806206,0.5358757797500608,0.1957340803676751
17359,11,1,127.86,4,4,1,4,-0.6484368049545605,-1.2009069804374104,0.04121444538454824
17360,17,3,568.24,3,1,0,3,0.18082680669552165,-0.45627070397359165,0.057672376613322224
17361,49,3,488.2,0,1,0,0,-0.1411008378270268,-0.07403014456885214,0.17943170323280472
17362,239,2,312.23,1,2,2,1,-0.8644318429173791,0.39413439050921223,0.23011447618812592
17364,1,11,4462.68,2,0,0,2,2.1088269420515315,-0.5515746800016348,-0.00469532189258981
17365,13,8,4767.36,2,0,0,2,1.489508617560643,0.22659636603481464,-0.10720863569621768
17367,238,1,167.55,1,2,1,1,-1.3115115963837711,0.13013474479430062,0.14919373602661234
17368,23,8,1878.87,2,0,0,2,0.9856624829649213,0.1752490170305499,0.2539644997014804
17370,73,4,446.18,0,3,0,0,-0.16430794721051906,0.10614884833983751,0.4006044890385113
17371,17,3,418.4,4,1,0,4,0.060911106077226385,-0.5471062356863416,0.1642792969021547
17372,41,8,1337.18,0,0,0,0,0.7084817727180823,0.3082357004688859,0.41030978572802057
17373,40,4,646.92,0,1,0,0,0.13293989072543083,-0.03055960367646498,0.23138904482713624
17374,219,2,495.77,1,3,2,1,-0.6610392286840715,0.49488002751318716,0.06330015447459639
17375,199,3,400.1,1,2,0,1,-0.5751604613775192,0.4467354568643417,0.34218715659292165
17376,71,2,203.2,4,4,2,4,-0.72310151028854,-0.23663993387046162,0.29825443682358155
17377,24,20,4058.32,2,0,0,2,1.7055159718753252,0.5841856401853829,0.6085084106824887
17379,11,1,389.71999999999997,4,4,1,4,-0.2129924378935587,-0.8710600929208866,-0.3459023599223535
17382,65,1,65.4,4,4,1,4,-1.3466297977881325,-0.6850628801984319,0.38753201040980567
17383,4,1,193.39000000000001,4,4,1,4,-0.26215065660068304,-1.4448111914766761,-0.1612893211924175
17384,19,2,336.4,4,1,2,4,-0.19692485493611117,-0.6230592094089986,0.03664726407654195
17385,15,1,256.11,4,4,1,4,-0.4511709080816698,-0.8751787032895367,-0.18046172022417334
17386,8,6,2686.42,3,0,0,3,1.2509181835168222,-0.17704110113903881,-0.12090896385015996
17387,20,2,746.81,3,1,2,3,0.1029662424465026,-0.36599312868367045,-0.23781357487071392
17388,78,4,1259.56,0,3,0,0,0.225718006760612,0.4416600726723335,0.043341710098041136
17391,164,2,508.8,1,3,2,1,-0.5769751478680909,0.3822577738329847,0.03486960051534885
17392,307,2,417.27,1,2,2,1,-0.8149919070754876,0.5844621286656522,0.1460097614403793
17394,219,1,203.86999999999998,1,2,1,1,-1.2136286057500314,0.15351617517314947,0.07550706363751
17396,39,8,7330.8,2,0,0,2,1.3887114155456035,0.7936060823638548,-0.18657193585905213
17397,22,2,681.41,4,1,2,4,0.04367151038015396,-0.35515829986381847,-0.19974195275583626
17398,115,3,653.38,0,3,0,0,-0.24308431603688754,0.36445598233836585,0.1346425872337279
17400,126,5,2097.84,0,3,0,0,0.3960293540837585,0.8268820917589038,0.030932261179468207
17402,5,13,2633.85,2,0,0,2,1.697574141717768,-0.21919099143817222,0.36621596811356205
17403,36,1,263.92,4,4,1,4,-0.6547759747305364,-0.5156547538736618,-0.13438649593376314
17405,1,3,1031.41,3,1,0,3,0.9789600657893224,-1.1982152034311329,-0.29822733881020297
17406,333,3,2184.42,0,3,-1,0,-0.04138116270778816,1.1653445449507027,-0.21489219231252277
17409,185,2,771.85,0,3,2,0,-0.4444220816403157,0.5560838821933768,-0.10225467436340654
17410,16,5,1214.72,3,0,0,3,0.6982599828247057,-0.17656591745764424,0.08591977910394719
17411,12,3,778.94,3,1,0,3,0.38804253841305714,-0.49873463652120315,-0.07416743268132953
17412,3,7,1258.06,3,0,0,3,1.2290668863977587,-0.7159868765763838,0.18680625517066124
17414,44,2,778.0,0,1,2,0,-0.07677337337490864,-0.035082254465771276,-0.20069212358102184
17415,80,1,507.84,4,3,1,4,-0.5998299954493158,0.006138436848063249,-0.30934719159185
17416,30,7,6893.42,2,0,0,2,1.370526349960579,0.6460567022685838,-0.2685387498134417
17418,42,2,463.46000000000004,4,4,2,4,-0.2680976649286114,-0.20787016193442273,-0.023284483929430957
17419,11,12,4226.57,2,0,0,2,1.6676686919921648,0.1970512312381993,0.1936792822159108
17420,50,3,598.83,0,1,0,0,-0.06615622985768162,-0.005124330988870739,0.10961746110881507
17422,16,6,1979.37,3,0,0,3,0.9676986603726304,-0.0018250921446808753,0.028512347246442082
17423,46,2,698.41,0,1,2,0,-0.13025081929212298,-0.04894214144127078,-0.16014896734031742
17425,19,2,759.17,3,1,2,3,0.12193473321469223,-0.3815246973972516,-0.24682386207336
17426,8,6,5037.26,2,0,0,2,1.4976291106226869,0.009841168050552483,-0.3402388097731563
17427,72,1,100.8,1,4,1,1,-1.2047820083549823,-0.5158377026075472,0.2452021542079269
17428,1,28,17256.85,2,0,0,2,3.0855530057418528,0.020241591533988957,0.16951546408692159
17429,128,3,524.9200000000001,0,3,0,0,-0.3561589273845881,0.34389875953742005,0.21807073139477545
17430,33,2,265.76,4,4,2,4,-0.4254520501542125,-0.47098218496412964,0.15440449363088882
17431,313,1,403.3,1,2,1,1,-1.0381685801594993,0.5044501841667559,-0.1377416669450093
17432,18,2,365.76,4,1,2,4,-0.1509945475948815,-0.619701334258286,0.004070393222548624
17433,88,1,303.15999999999997,1,4,1,1,-0.8260244573139023,-0.10748191058017388,-0.1234166565064955
17434,2,7,2373.82,2,0,0,2,1.5520637558382608,-0.6476187613022875,-0.05403925879755633
17436,2,2,216.29999999999998,4,4,2,4,0.11769210573765271,-1.5473515731142666,0.06229786775394919
17438,254,1,388.45000000000005,1,2,1,1,-0.9993938235765045,0.40627378234753425,-0.1387136610421935
17440,157,3,186.42000000000002,1,2,0,1,-0.8132844273647695,0.12189991674103079,0.5918236272563074
17442,37,6,2248.56,0,0,0,0,0.8111008484534534,0.3724971087960238,0.038262822772588384
17443,220,1,534.24,1,2,1,1,-0.8378101007331618,0.4409760579410904,-0.25933137780791804
17444,148,3,2940.04,0,3,0,0,0.28254314977738126,0.9160419859006663,-0.37294433278075745
17446,177,2,120.9,1,2,2,1,-1.1581272468239119,-0.011486086566000298,0.53931636405077
17447,40,2,541.53,4,1,2,4,-0.19487283173722797,-0.1815906482413186,-0.08071654986349439
17449,2,7,2519.21,2,0,0,2,1.5753894424833703,-0.6299496726170795,-0.07477615650182641
17451,1,7,1721.4,3,0,0,3,1.5301315192818215,-0.9127137288354644,0.030720267360140774
17453,18,2,486.71999999999997,4,1,2,4,-0.03910388425730996,-0.5349447273623082,-0.09540214428496444
17454,192,4,517.53,0,3,0,0,-0.3524494276847236,0.5511073927089799,0.4135701796960355
17455,204,1,131.7,1,2,1,1,-1.36596766299508,-0.005156487264805127,0.22230506562916957
17456,365,1,249.86,1,2,1,1,-1.264883631295206,0.4266250573735615,0.03914681363292097
17457,127,5,1737.7,0,3,0,0,0.3201177524143806,0.7741859794561627,0.09715645948406826
17458,15,1,316.5,4,4,1,4,-0.3683526580351098,-0.8124443012078212,-0.2540884307854357
17459,43,2,657.3,0,1,2,0,-0.1370867899892828,-0.0945414128728711,-0.1434554525529347
17460,94,6,622.4300000000001,0,3,0,0,0.0719781077798275,0.3741463662850042,0.5478733168498454
17461,23,3,735.82,3,1,0,3,0.20822121006924266,-0.2592192168980418,-0.01298539296021009
17462,60,2,675.69,0,1,2,0,-0.21019031728353632,0.05028511850357342,-0.13104657308655848
17463,16,5,1875.86,3,0,0,3,0.8687311783774719,-0.04743485613787894,-0.06563176137100427
17464,158,1,289.96000000000004,1,2,1,1,-0.9925016620157903,0.12201831785541006,-0.06881254544472555
17466,10,2,763.28,3,1,2,3,0.2776250420471383,-0.6299628677146382,-0.28901041876190664
17468,10,2,137.0,4,4,2,4,-0.39429905328989556,-1.138941943480769,0.30834053780509646
17469,16,5,1870.97,3,0,0,3,0.8677070819309102,-0.048210603973808205,-0.06472132372452614
17470,45,5,1125.07,0,0,0,0,0.4124817392244907,0.21698725340605574,0.17976246769254495
17472,191,3,697.54,0,3,0,0,-0.3468932123042337,0.5946297681421159,0.14582450995473073
17475,79,1,194.37,1,4,1,1,-0.9724050007955266,-0.283698129685026,0.023877235007033676
17480,78,1,511.82,4,3,1,4,-0.5903491234754246,-0.0020014130671851746,-0.31375176233243757
17481,4,4,1255.59,3,1,0,3,0.9334768802102186,-0.7136346333107262,-0.14163094524962938
17483,65,3,414.04,4,3,0,4,-0.2769536810599245,-0.006796767296758023,0.25552091794478676
17486,261,1,396.87,1,2,1,1,-0.9979538097672345,0.4239606245521454,-0.14435265739985842
17489,59,2,376.64,4,4,2,4,-0.4349089520182246,-0.13006776277247262,0.07139224861611848
17490,1,7,2092.32,3,0,0,3,1.6066920329117003,-0.8547195301782934,-0.03734321833630436
17491,1,10,3558.87,2,0,0,2,1.9760444558327137,-0.6355856441194404,0.010547157442286681
17492,248,1,374.57,1,2,1,1,-1.0075232581889955,0.38552388385724573,-0.12765403673914832
17495,8,2,497.56,3,4,2,3,0.1614713838592377,-0.8409258066026815,-0.15344916439632447
17496,359,1,271.05,1,2,1,1,-1.2288051482619688,0.4438246628816185,0.009732947138063469
17498,76,1,272.22,4,4,1,4,-0.8309316337915631,-0.19995590296102583,-0.09574290993150507
17499,290,1,622.88,1,2,1,1,-0.8483381126099618,0.6016279467967447,-0.294260138577103
17500,17,3,1138.0,3,1,0,3,0.4531025702857904,-0.250023201513987,-0.1843850059978442
17501,221,2,288.6,1,2,2,1,-0.8751955754721091,0.33820370269364625,0.2522318612764472
17502,9,4,689.1,3,1,0,3,0.5201551664462085,-0.6019419473674402,0.11425333095449375
17503,3,2,558.96,3,1,2,3,0.4153764090265222,-1.1455568651861787,-0.24865182078064818
17504,206,9,2997.0299999999997,0,0,-1,0,0.668632238634003,1.2354791262165221,0.31348889050229617
17505,162,2,1145.84,0,3,2,0,-0.25558176921489895,0.6182379831621561,-0.2488912208569642
17506,76,1,302.2,4,4,1,4,-0.7900609265729616,-0.16899655066157065,-0.13207760342148256
17507,262,2,605.58,1,3,2,1,-0.6285030732480995,0.6289324860281624,0.005640368572693982
17508,281,1,387.31,1,2,1,1,-1.0263981090789143,0.4474956022795713,-0.13090545857263514
17509,58,8,6083.64,2,0,0,2,1.215679395853018,0.9007167042332651,-0.09530002912045031
17510,25,1,308.48,4,4,1,4,-0.5031141156313202,-0.6169913903921892,-0.21242806189990376
17512,29,10,2924.9900000000002,2,0,0,2,1.203418830981934,0.43873031243828936,0.26155051521084743
17513,72,1,513.2,4,3,1,4,-0.5690034747117125,-0.034238705501509155,-0.3200148366280344
17514,128,1,208.65,1,2,1,1,-1.0674472918036222,-0.06289045857492878,0.0314695458518148
17515,31,4,639.02,0,1,0,0,0.19178880761974904,-0.13786342490425907,0.2189617855702834
17516,15,5,764.88,3,1,0,3,0.5324481930816598,-0.3393201237124071,0.24308684016520138
17517,309,1,153.94,1,2,1,1,-1.411379616578715,0.21388781755613712,0.19611228815037107
17519,17,6,1844.02,3,0,0,3,0.9252255068246139,0.001030133525155054,0.05707173740978763
17520,54,1,546.81,4,4,1,4,-0.47141848466483266,-0.13382699577938592,-0.361198967989374
17521,30,3,723.2099999999999,0,1,0,0,0.13570018445587656,-0.1573097304048176,0.010293300998431454
17522,2,5,1070.71,3,1,0,3,1.0943545497017415,-0.9395428430116842,0.012977374993629304
17523,11,4,652.74,3,1,0,3,0.4520724264946574,-0.5417820535307123,0.14543447209881816
17524,361,1,145.0,1,2,1,1,-1.4745447158554739,0.2610733854239144,0.2273075224949609
17525,360,1,422.70000000000005,1,2,1,1,-1.055601442517074,0.5767255339088345,-0.1446943133068024
17526,5,4,1195.8999999999999,3,1,0,3,0.8675374653692044,-0.651851181632572,-0.11235525341706279
17527,54,4,939.37,0,3,0,0,0.20370607181698275,0.20307120907266818,0.12119464152112569
17528,1,8,3628.5,2,0,0,2,1.8822476123435115,-0.6684190589545624,-0.14315673797923173
17530,1,10,2367.12,2,0,0,2,1.8160292977095698,-0.7567963104064369,0.15280311824710846
17531,190,1,296.7,1,2,1,1,-1.0306163015907472,0.20552093850843609,-0.06444213800530224
17534,54,1,223.36,4,4,1,4,-0.8218407225331729,-0.39927005399962096,-0.04966815603358833
17535,280,1,164.4,1,2,1,1,-1.3605042827276734,0.19223485922988556,0.16669189385020017
17536,177,1,76.5,1,2,1,1,-1.5408088442151073,-0.22414566224074103,0.4004726182048213
17537,30,2,887.67,0,1,2,0,0.07066522449037543,-0.1517850730672296,-0.2717835687732044
17538,26,1,98.42,4,4,1,4,-0.9585678130884877,-0.9388668172288581,0.1864028738852852
17540,25,2,578.9,4,1,2,4,-0.05172051834802445,-0.35228282519344345,-0.1346703511403885
17542,270,1,170.75,1,2,1,1,-1.336407261821046,0.18828179430224679,0.15110159029509157
17545,43,3,642.32,0,1,0,0,-0.0007541018003281719,-0.04605840466127869,0.07523662948613546
17548,234,1,103.3,1,2,1,1,-1.4955857471645007,-0.019643863130187376,0.3155551108316377
17549,24,2,148.86,4,4,2,4,-0.5728291670966313,-0.7710556209410436,0.33491608070372797
17550,197,3,267.16,1,2,0,1,-0.7306308396915111,0.3228082851347036,0.48202038418190607
17551,359,1,290.34,1,2,1,1,-1.2019133161664515,0.4641950885600859,-0.014174309258269666
17552,60,4,930.41,0,3,0,0,0.17335008985265793,0.2435296000273965,0.13151624440942017
17553,130,1,1487.6,0,3,1,0,-0.3019373086245636,0.526407798456751,-0.6515569901833564
17554,1,5,1952.45,3,1,0,3,1.4341767139979948,-0.9306106966519185,-0.22386837970005768
17555,20,2,480.31,4,1,2,4,-0.07000696672296519,-0.4970194525591627,-0.08403770543114841
17556,206,1,157.9,1,2,1,1,-1.2977299914482705,0.052483058976897534,0.16007803864129827
17557,14,3,541.46,3,1,0,3,0.2087457235273314,-0.5468544890096173,0.06219749801630428
17560,95,4,854.95,0,3,0,0,0.02369485463686616,0.40806944948527074,0.1915733465252511
17561,19,1,165.12,4,4,1,4,-0.6799568102190124,-0.9117336694538278,-0.012983455038487274
17562,14,7,1122.38,3,0,0,3,0.8447713309044153,-0.19707642555694485,0.3157084434932766
17564,24,3,454.01,4,1,0,4,0.008515059057413177,-0.3854786420405093,0.15798599391216311
17566,8,2,869.77,3,1,2,3,0.38037970761578577,-0.6751038676718664,-0.34806206413295626
17567,7,8,4331.48,2,0,0,2,1.5956329255961865,-0.03596466978288341,-0.11148212343939043
17569,332,1,344.14,1,2,1,1,-1.1153648118987194,0.48197792389744076,-0.07856901408453182
17571,50,4,1425.67,0,3,0,0,0.3867281833886901,0.29543618941437955,-0.029361579079692265
17572,71,4,226.75000000000003,4,4,0,4,-0.4221296356306319,-0.105940694643812,0.6342219620842044
17573,29,3,380.6,4,1,0,4,-0.10738826680973118,-0.36154259817556217,0.23168037864830382
17574,243,1,185.65,1,2,1,1,-1.2767888386708002,0.16912551331241643,0.11499215511667982
17576,8,19,3564.83,2,0,0,2,1.8924236327225268,0.10896009245979377,0.549138776230908
17578,218,1,143.45999999999998,1,2,1,1,-1.349605457766088,0.04772245957054563,0.19712587606787818
17579,5,3,448.90000000000003,3,4,0,3,0.37068218403176456,-0.985719410387017,0.06571457142637818
17580,253,3,215.72,1,2,0,1,-0.8782166025565455,0.3636488368528841,0.5731379310737728
17581,1,25,11025.24,2,0,0,2,2.8545143117928644,-0.13397231777043667,0.2458944024155449
17582,236,1,175.27,1,2,1,1,-1.2917726652978452,0.13993701747059023,0.13299808636912985
17584,7,2,1242.3,3,1,2,3,0.5504421952091483,-0.6184634445147629,-0.4802925491653217
17585,109,4,1116.68,0,3,0,0,0.09345726681972133,0.5443400778978575,0.10764239473443082
17588,100,3,1240.2,0,3,0,0,0.043776721926769596,0.49689330742101423,-0.09809401586243355
17589,60,4,2404.17,0,0,0,0,0.545755134621731,0.525624522374439,-0.19955762430130125
17590,2,3,1468.02,3,1,0,3,1.0132563875682918,-0.9237545043920768,-0.3939787287602677
17591,73,7,2203.67,0,0,0,0,0.6994565039152405,0.670935037750288,0.18800982831427226
17593,4,5,3923.86,2,0,0,2,1.4726949666298115,-0.33990235228508614,-0.40559280639791795
17594,85,2,993.18,0,3,2,0,-0.1474056613830574,0.30833519168797496,-0.24214669630712232
17595,12,2,386.69,4,4,2,4,-0.03172444890955553,-0.7619176809639849,-0.04088202070529996
17596,23,7,2806.69,2,0,0,2,1.083621588385899,0.2718840148587084,0.027717663365179834
17597,214,1,2044.3700000000001,0,3,1,0,-0.30447656251830757,0.8281055323544589,-0.7290429570098669
17600,18,1,161.67000000000002,4,4,1,4,-0.675018901595882,-0.9394273272928786,-0.009117446769430188
17601,239,1,116.00999999999999,1,2,1,1,-1.4558551739135464,0.02335401609933097,0.2768453735343367
17602,2,6,5054.42,2,0,-1,2,1.7811776700554236,-0.44863543070964007,-0.4154913090149011
17603,78,1,394.72,4,4,1,4,-0.692105746811693,-0.0790815363403319,-0.22328854378026025
17604,217,2,309.36,1,2,2,1,-0.84334758430803,0.35118571276561095,0.22684502827743647
17608,33,2,191.99,4,4,2,4,-0.5525255429040353,-0.5672397077156198,0.2673748022940154
17609,41,5,1105.78,0,0,0,0,0.42906792907031643,0.1738009216447637,0.17965940292820376
17611,7,15,3961.12,2,0,0,2,1.851291399519197,0.048118704756776015,0.341021441059387
17612,53,6,2048.45,0,0,0,0,0.684261606687603,0.49176439454299015,0.09446581314519534
17613,23,14,4544.55,2,0,0,2,1.5903903217458404,0.5360418500882567,0.3198882551508735
17614,57,1,386.32,4,4,1,4,-0.6211504072250307,-0.21470083945701954,-0.23663322783601765
17615,130,3,329.6,1,2,0,1,-0.5423494786377134,0.2122887148978296,0.3811207515563825
17616,174,3,571.1999999999999,0,3,0,0,-0.4013935242345792,0.49653090720887794,0.20919812704473695
17618,6,3,930.28,3,1,0,3,0.6166790203131287,-0.7049098135620946,-0.17779167978087118
17619,312,1,214.37,1,2,1,1,-1.2845784863905574,0.31584113266581504,0.0818339786123494
17620,60,1,81.44,4,4,1,4,-1.2414544118925432,-0.6536723913915897,0.3067095943826148
17621,21,3,1379.9,3,1,0,3,0.4771534553678386,-0.10882764357899655,-0.23806546460232486
17623,33,1,527.0500000000001,4,4,1,4,-0.3622866248929058,-0.3459149145597366,-0.3808041799089149
17624,15,2,843.48,3,1,2,3,0.22054455634251624,-0.4435774472546481,-0.2985735712240474
17625,18,4,2020.4,3,0,0,3,0.7771539078559518,-0.013919033344399093,-0.21753180266986497
17628,81,1,75.75,1,4,1,1,-1.3455260992002689,-0.5512030713518351,0.35161329980487444
17629,6,8,1814.12,3,0,0,3,1.2884187615436882,-0.35050995084884234,0.18312851620665133
17630,170,2,503.59999999999997,1,3,2,1,-0.5901751085139442,0.39414800360082514,0.040855584989299365
17631,2,3,528.33,3,1,0,3,0.612563069280124,-1.227277649674846,-0.037756145539190086
17633,31,4,1324.84,0,1,0,0,0.47768544772040344,0.07870182205281484,-0.03520476780767723
17634,36,9,2358.59,2,0,0,2,1.0169285245999373,0.44413958491749883,0.2809796549646391
17636,19,1,285.56,4,4,1,4,-0.4659225784465894,-0.7496038303457386,-0.20326321130055405
17637,31,2,547.0600000000001,4,1,2,4,-0.12722713515917533,-0.28223095371753126,-0.10096428288405729
17639,276,1,108.5,1,2,1,1,-1.5187264615856333,0.06359611384061332,0.3096614989362347
17640,87,1,621.66,4,3,1,4,-0.54187900036618,0.1008321112689364,-0.37420766677900485
17642,120,2,712.29,0,3,2,0,-0.365455532388375,0.35241038481814074,-0.10325379638613724
17643,373,1,101.55,1,2,1,1,-1.621593550463238,0.16967001941153603,0.3527872393832221
17644,1,11,2895.64,2,0,0,2,1.9390786631260335,-0.6801581356627305,0.14621353447293056
17646,219,3,1008.39,0,3,0,0,-0.23736109294982405,0.761025746933028,0.026537670815650505
17647,65,1,133.06,4,4,1,4,-1.0708263321888958,-0.4761431614564177,0.14233844592309064
17648,61,4,1797.5,0,0,0,0,0.42747586756296696,0.44599352488681876,-0.0970227226079631
17649,138,1,868.49,0,3,1,0,-0.5282336955088467,0.3913159575746256,-0.45991682374031195
17650,21,1,166.08,4,4,1,4,-0.7021782763560954,-0.8701573256552452,-0.008568827318759187
17651,12,10,3945.0,2,0,0,2,1.5356363956728867,0.17790507668956887,0.10080180961753879
17652,25,12,4867.72,2,0,0,2,1.5244798943182807,0.5624208411365841,0.196527967812188
17653,37,4,1207.56,0,3,0,0,0.3971833160940036,0.12303695744265516,0.00870280809024479
17654,277,1,117.55,1,2,1,1,-1.4884794838738422,0.08871644602642902,0.2821914491915188
17655,11,7,2638.94,2,0,0,2,1.23749515264563,-0.03633932128798059,0.002486821621063229
17656,73,5,1674.69,0,0,0,0,0.4463900321812767,0.5340267837828931,0.07309589286677509
17658,26,2,595.42,4,1,2,4,-0.050388758223490177,-0.3281455972722477,-0.14192878158853856
17659,17,12,2999.46,2,0,0,2,1.4289208052072673,0.26468233466880636,0.34066843439344224
17660,141,1,178.75,1,2,1,1,-1.1525147285232165,-0.0684878941604938,0.09164182933684975
17663,26,7,1802.91,3,0,0,3,0.8796979282507492,0.18959392617497772,0.1900512566930902
17664,19,2,604.64,4,1,2,4,0.032724737747578225,-0.4491008140405712,-0.16751479056151206
17666,4,2,728.16,3,1,2,3,0.46169955525104356,-0.9737181301246107,-0.32574977237249403
17667,66,5,2055.51,0,0,0,0,0.552305997493398,0.5533590983908665,-0.0050706000629237025
17668,1,2,347.75,3,4,2,3,0.40755606849131365,-1.5762625096630434,-0.13013426985570428
17669,43,7,3406.7200000000003,2,0,0,2,1.003946216844564,0.5829888725339241,0.0009900306717041951
17670,228,1,205.7,1,2,1,1,-1.2204372510972648,0.17292976979413682,0.07510667243079142
17671,16,4,1572.71,3,0,0,3,0.7074485707007847,-0.1348829392835384,-0.1376604106306553
17672,50,2,3178.17,0,3,2,0,0.44314600515964486,0.43545782273726774,-0.6830540951696558
17673,2,6,1594.97,3,1,0,3,1.32857304256268,-0.7914811279951051,-0.013118765664108703
17674,74,2,551.04,0,1,2,0,-0.3431866193175127,0.07616062453336417,-0.04606628485858617
17676,4,6,1371.18,3,0,0,3,1.1380439023667739,-0.6227564258609908,0.07404492447548014
17677,2,30,16345.38,2,0,0,2,2.9937959632622446,0.1865163098835851,0.2646227731549925
17678,264,1,298.11,1,2,1,1,-1.1128791251587948,0.34388255762125597,-0.04401478574748888
17679,53,2,1992.1100000000001,0,3,2,0,0.2451709812019104,0.3205211745476867,-0.5162511270756656
17680,24,1,184.4,4,4,1,4,-0.6941740972236837,-0.7857540038397095,-0.03626002122176346
17682,10,6,2474.33,3,0,0,3,1.1670985749201503,-0.1175568920841506,-0.07869087821205423
17684,44,1,239.41,4,4,1,4,-0.7431690487091525,-0.46265379739309315,-0.0873096477050117
17685,17,7,3155.83,2,0,0,2,1.2035315527194839,0.18641483514835577,-0.032580437772131196
17686,7,7,5739.46,2,0,0,2,1.6465798774355496,0.02505886144391262,-0.2959344250847361
17690,30,15,4726.8,2,0,0,2,1.5726893049460382,0.6671860190008911,0.37068283206337105
17691,358,2,290.40000000000003,1,2,2,1,-0.996232324574687,0.5410729321293233,0.2824734420891198
17692,127,4,740.9399999999999,0,3,0,0,-0.10631834846428669,0.4858854773502771,0.2608533838427256
17693,137,1,200.47,1,2,1,1,-1.1003949320622923,-0.04651805002523347,0.04990553321384364
17694,142,1,283.12,1,2,1,1,-0.9745953292960116,0.07058572645901855,-0.06766078967015744
17695,132,2,765.34,0,3,2,0,-0.3615850760997912,0.41329062507738645,-0.12191432000654405
17696,38,8,2285.71,2,0,0,2,0.9378497171923986,0.43656511851103885,0.2183261311350131
17697,236,1,338.95,1,2,1,1,-1.0339515356197264,0.3352352084526036,-0.09620890219578991
17698,261,1,154.95,1,2,1,1,-1.3656143014711333,0.1454596769573023,0.18250322994714496
17700,17,4,2534.64,3,0,0,3,0.8800170324664655,0.03086521338978745,-0.30027635634348193
17701,253,1,417.95,1,2,1,1,-0.9697218282892034,0.42634218573464194,-0.1644600907602006
17702,30,4,1824.37,3,0,0,3,0.611354406276588,0.16049880387971188,-0.1489284526559576
17703,35,3,798.74,0,1,0,0,0.13623141457861282,-0.06526970968864688,-0.014246773902722262
17704,169,2,885.19,0,3,2,0,-0.36759662642900226,0.5591557442977484,-0.15607612522876696
17705,3,9,1823.52,2,0,0,2,1.4874414378561864,-0.5627665845817709,0.22074950309040148
17706,4,17,10504.49,2,0,0,2,2.414328954718566,0.1641527182395593,0.05528117159549584
17707,185,2,152.4,1,2,2,1,-1.079193287249165,0.07524793093658093,0.4620667862049044
17708,188,2,263.33,1,2,2,1,-0.8696963872432143,0.24374626255343046,0.27324546166960134
17709,170,1,137.45,1,2,1,1,-1.3027316109976739,-0.06839013049682921,0.19527575313594991
17711,11,2,385.1,4,4,2,4,-0.012776162417893255,-0.796617068122108,-0.04484410898133734
17712,45,1,522.91,4,4,1,4,-0.4430269709728963,-0.22182835830849654,-0.35767821997839877
17714,321,1,153.0,1,2,1,1,-1.4235246204480103,0.22796288300467546,0.2007964549449946
17715,201,1,326.4,1,2,1,1,-1.0076699191310268,0.2572177057801282,-0.09385435712429896
17716,23,11,5655.99,2,0,0,2,1.5635017869752543,0.5581710352804414,0.0801503431314517
17718,232,1,139.35,1,2,1,1,-1.3768539731655012,0.06505695026575098,0.21137640741966718
17719,38,15,5396.04,2,0,0,2,1.5656860044389265,0.8025712887364899,0.33995783920735445
17720,26,4,1195.94,3,1,0,3,0.48118003656943176,-0.022770366963653168,-0.010965499783364335
17722,96,4,2424.04,0,3,0,0,0.4298333837337197,0.722067946793688,-0.17115805071491608
17723,127,6,3276.4000000000005,0,0,0,0,0.6468555259675861,0.9923305777985395,-0.011190758647972004
17724,71,3,1033.0,0,3,0,0,0.059022324882679666,0.3010265749925122,-0.05717184073994719
17725,16,11,3439.08,2,0,0,2,1.4568307185972462,0.2660394558403101,0.23048620215992455
17727,15,1,1060.25,3,4,1,3,0.1053499610999663,-0.45361698284170493,-0.6752174163841703
17728,4,3,2876.01,3,1,0,3,1.145890822718255,-0.5102350418939746,-0.594112476233239
17730,3,13,5298.4800000000005,2,0,0,2,2.076039510416197,-0.18098681480332734,0.0950158045295745
17731,79,4,1240.11,0,3,0,0,0.21638258389192133,0.4422971996274866,0.0496164346204897
17732,373,1,303.97,1,2,1,1,-1.193765373077881,0.4937476820872314,-0.027558655013184122
17733,39,2,692.19,0,1,2,0,-0.09233058607292892,-0.11904780771870414,-0.16790381215078826
17734,54,3,700.63,0,1,0,0,-0.024016304628265817,0.07306978334092395,0.06000113394847445
17735,2,19,13110.02,2,0,0,2,2.6857626064916333,0.03664713290234203,0.02067468096837799
17736,9,3,377.44,3,1,0,3,0.17156132658209555,-0.8235028902594891,0.1605164316445596
17737,9,2,168.24,4,4,2,4,-0.28970973113507126,-1.1181250563776985,0.23069960681090212
17738,19,4,1879.05,3,0,0,3,0.7355206915796151,-0.014021883926309686,-0.18877511251170126
17739,12,7,2791.35,2,0,0,2,1.238966531997436,0.01382785861725087,-0.011704490180412391
17742,113,2,355.11,1,2,2,1,-0.6228332026549293,0.12092825364346196,0.13515056512549423
17744,4,6,2322.4,3,0,0,3,1.3447740687212022,-0.4661593790602255,-0.10974140418881823
17746,240,1,110.25,1,2,1,1,-1.4767391273275958,0.01008268358246939,0.29474228209543274
17747,113,1,71.4,1,2,1,1,-1.453067687609463,-0.4307503520813773,0.39418828737332656
17749,178,2,674.52,0,3,2,0,-0.48740626850882457,0.5000148676091484,-0.05786671094846699
17750,5,9,1710.45,2,0,0,2,1.358170798208624,-0.41220702471974024,0.2704116822457694
17752,359,1,80.64,1,2,1,1,-1.7013071916641147,0.08590677451090635,0.4297946022637964
17754,1,5,1664.65,3,1,0,3,1.3716111024655806,-0.9780038283367376,-0.16824657932639978
17757,1,30,5593.39,2,0,0,2,2.677041584506974,-0.30190492693077203,0.6114837626800178
17758,19,8,3408.2000000000003,2,0,0,2,1.2661741980552033,0.27600298858783473,0.033930700374062955
17759,17,3,819.96,3,1,0,3,0.3245685582843476,-0.3473870601507162,-0.07011627303635677
17760,22,2,287.59,4,1,2,4,-0.29416826794977247,-0.6110702091474847,0.10060285724913834
17761,33,1,712.78,4,4,1,4,-0.24397772081215374,-0.25629652303037703,-0.48598263312033363
17764,51,2,772.55,0,1,2,0,-0.11666970803712338,0.023300271223993193,-0.1884946594951018
17765,159,3,367.63,1,2,0,1,-0.5509770992499127,0.32830504233422103,0.3566037272064337
17767,15,1,271.2,4,4,1,4,-0.42878244193528137,-0.8582195543527892,-0.20036541434888672
17768,8,3,2081.9,3,1,0,3,0.8681083339818648,-0.36044022822148303,-0.44176642874695127
17769,13,10,3957.43,2,0,0,2,1.5178339909160017,0.20983547611285108,0.10470041352720846
17770,199,5,1143.27,0,3,0,0,0.04124216520645976,0.8364375203010112,0.2732492775097861
17771,57,2,245.81,4,4,2,4,-0.5931615879119112,-0.27071923443392926,0.21753790653894395
17772,11,2,173.45,4,4,2,4,-0.324642554665283,-1.032854269898559,0.23240995739744685
17774,97,4,1213.73,0,3,0,0,0.1558170002948958,0.5207874304394474,0.07079594028433095
17775,255,1,56.4,1,2,1,1,-1.7520156251756491,-0.1614348372755704,0.5297488500816693
17777,25,3,647.56,3,1,0,3,0.13757427646368087,-0.26368129129338974,0.03693759554402559
17779,21,3,650.32,3,1,0,3,0.1821544728924025,-0.33228786846791475,0.024193212517453544
17781,159,2,188.02,1,2,2,1,-0.9585473533355433,0.07436096112167045,0.37904605390443147
17783,72,2,283.47,4,4,2,4,-0.5965027368049507,-0.132289039184349,0.1834860639157228
17785,53,1,131.94,4,4,1,4,-1.0225709660450117,-0.5625671028107747,0.13173752418219203
17786,85,2,266.85,4,4,2,4,-0.6622345050615976,-0.08164503204817888,0.21554414165189273
17787,153,4,1817.54,0,3,0,0,0.19810973167114965,0.8298142563095684,-0.03955198710044776
17788,74,2,1117.9,0,3,2,0,-0.06585595774792184,0.28623718643504303,-0.2926175502821885
17789,281,1,225.9,1,2,1,1,-1.2373143288444726,0.28772764136649714,0.05660233658874539
17790,27,14,1964.3,2,0,0,2,1.2216351831150982,0.35117996082185166,0.6229060574991137
17791,30,1,106.1,4,4,1,4,-0.9648464726646032,-0.8589601202304767,0.16974878332985954
17793,25,1,300.34,4,4,1,4,-0.5135773117989244,-0.6249172081324736,-0.20312611800052405
17795,180,2,342.83,1,2,2,1,-0.7553650008591724,0.30384679282404153,0.1785643622875318
17796,40,4,690.0,0,1,0,0,0.15820949845575177,-0.0114180046821618,0.20892397108661398
17797,22,3,780.43,3,1,0,3,0.24222899961403305,-0.25954032217373024,-0.036368685273837076
17799,22,10,3039.17,2,0,0,2,1.2867003331145632,0.3389846051588071,0.2302780822674062
17800,37,9,1187.21,3,0,0,3,0.7407714013397558,0.25129508915499776,0.5221952526584395
17802,82,3,1285.04,0,3,0,0,0.1081288331891519,0.42535337651822647,-0.12371191077788297
17805,74,1,512.31,4,3,1,4,-0.5766266920654828,-0.023449257275679647,-0.31758806401785367
17806,11,1,546.04,4,4,1,4,-0.08088653038687857,-0.770990541653687,-0.4633465634639526
17809,16,12,5411.91,2,0,0,2,1.6752179578583681,0.4162227489267332,0.13090634338861573
17811,4,39,7761.82,2,0,-1,2,2.6990553349989663,0.22775777045041404,0.7455851529246911
17812,13,4,699.81,3,1,0,3,0.4397668952017302,-0.4566351829400994,0.13156303742040587
17813,14,5,1698.07,3,0,0,3,0.8618168887764343,-0.12937619452395135,-0.03933928144789145
17817,4,3,387.68,3,4,0,3,0.3600991158432978,-1.1054682527364765,0.10446855549584089
17819,72,7,3704.87,0,0,0,0,0.9068197365753733,0.8196736696498832,0.005850584576970991
17824,51,1,298.4,4,4,1,4,-0.6941697958935102,-0.33693331750855954,-0.1541417415453451
17827,5,5,1987.33,3,0,0,3,1.1589103014961135,-0.4658604138261004,-0.1559788377118305
17828,23,4,1820.09,3,0,0,3,0.6761775968035392,0.05275824656334907,-0.16536365166587508
17829,299,1,889.24,1,3,1,1,-0.7165972290606536,0.7200873275269258,-0.41628237617272407
17830,2,3,398.7,3,4,0,3,0.5022960011300626,-1.3108043914957477,0.06027299063018485
17832,50,1,155.37,4,4,1,4,-0.9441661217059979,-0.5382042559387373,0.07123430284204407
17835,3,3,342.24,3,4,-1,3,0.36861605788606,-1.2357659005905461,0.13281281688366292
17836,47,1,110.21000000000001,4,4,1,4,-1.0623763995799824,-0.6649005596948065,0.18608288054133942
17837,42,8,1541.23,0,0,0,0,0.7581478125534298,0.3602776803325269,0.3623685658722555
17838,27,5,2720.8,3,0,0,3,0.8864583202392445,0.2717904003258257,-0.16170633143528795
17839,42,1,318.15,4,4,1,4,-0.6202744676340167,-0.39742251119273164,-0.18924746602824322
17843,303,1,205.48,1,2,1,1,-1.2936314446620245,0.2911039315298418,0.09457812491607226
17846,85,1,2033.1,0,3,1,0,-0.07126682903058665,0.4432297518065229,-0.7888889302440313
17848,81,9,901.1999999999999,0,3,0,0,0.4350989306729549,0.4910980138893065,0.6701474073801962
17849,218,4,605.8000000000001,0,3,0,0,-0.32320482897474667,0.6507104978779364,0.3672296015432728
17850,372,34,5391.21,2,0,-1,2,1.3808266420452044,1.8972484583630618,1.0656863626864617
17852,12,2,114.34,4,4,2,4,-0.5076241218131394,-1.122409256355953,0.3822001798166008
17854,185,2,311.26,1,2,2,1,-0.8001721174243961,0.2866050442208738,0.2140126326867644
17855,373,1,208.97,1,2,1,1,-1.3402850202390764,0.38275979653406034,0.10269958694448572
17856,2,4,1418.03,3,1,0,3,1.1124221365909897,-0.8911340683632247,-0.21849638276551836
17858,6,12,5140.66,2,0,0,2,1.8829688094638577,0.02982644370058277,0.08902803751805552
17859,305,1,141.92000000000002,1,2,1,1,-1.4397431784187367,0.18444361376418414,0.2234182825009744
17860,369,1,226.45000000000002,1,2,1,1,-1.3061320749596614,0.4020408389912976,0.07406779820467549
17861,3,8,2097.88,2,0,0,2,1.489193152491334,-0.5413740315251633,0.09470963472174831
17862,324,1,330.9,1,2,1,1,-1.1244733682174402,0.4601758496141852,-0.06655738634673
17863,59,6,3160.0,0,0,0,0,0.8272959413720441,0.6646803177202717,-0.04965217931297307
17864,13,3,554.85,3,1,0,3,0.2360408000273781,-0.568459547977274,0.049036463105995826
17865,31,20,10526.32,2,0,-1,2,2.0161879970144603,0.9708015153296662,0.29258291876832637
17866,143,1,329.65,1,2,1,1,-0.9168495125517678,0.11859850170544209,-0.12011935619315721
17867,30,6,1157.8700000000001,3,0,0,3,0.6030260664654604,0.09010986029082468,0.2560147003867481
17869,107,5,428.18,0,3,0,0,-0.18542537485775418,0.28712031629661683,0.5739381631255133
17870,2,12,1865.89,2,0,0,2,1.7029289398181162,-0.6258028636439054,0.385462667722536
17871,205,1,155.9,1,2,1,1,-1.3014582375700683,0.04669122327130948,0.16417194947118297
17873,80,5,1848.96,0,0,0,0,0.4620107141385602,0.6012494859186344,0.04466114402976282
17874,185,6,683.46,0,3,0,0,-0.06395129056502441,0.6829228765524437,0.5605762090868432
17877,170,1,237.61,1,2,1,1,-1.089057094206454,0.09346722634735175,0.005315789078991218
17878,44,1,379.45,4,4,1,4,-0.5629840332720207,-0.3261645670461805,-0.24749692492480288
17879,174,1,178.51999999999998,1,2,1,1,-1.2066951458360005,0.018527126197942754,0.10617618727909817
17880,365,1,458.92,1,2,1,1,-1.0269351039230163,0.6068698534484225,-0.17239312283593167
17881,304,1,133.35000000000002,1,2,1,1,-1.4631764566197378,0.16468703121238534,0.24477768716107318
17883,3,4,664.34,3,1,0,3,0.7411906427531557,-0.9960396656476458,0.065230461435311
17884,4,4,695.0699999999999,3,1,0,3,0.7015935975555064,-0.8892850374415852,0.06451689446463213
17885,12,1,156.34,4,4,1,4,-0.5906125124544466,-1.1080527561918982,-0.023075481436223913
17886,32,3,869.28,0,1,0,0,0.1917648654927518,-0.07652663489669566,-0.04961200298980073
17887,129,1,111.35,1,2,1,1,-1.3143130973009143,-0.24515774150659547,0.2496941831263696
17888,21,8,716.0,3,0,0,3,0.6296400450550812,-0.1477593952478748,0.5844788477509733
17889,212,2,201.37,1,2,2,1,-1.005256352114623,0.2143212023360847,0.3745190478259164
17890,323,2,586.89,1,3,2,1,-0.6943715939209288,0.706867428040433,0.03062509378353656
17891,162,1,203.85999999999999,1,2,1,1,-1.1366146475260628,0.028079853514167332,0.05530706204679947
17892,56,3,244.1,4,4,0,4,-0.4460545402846457,-0.22473289535629146,0.4294506946709329
17893,225,1,107.21,1,2,1,1,-1.4711074947059553,-0.025033060704774984,0.30007891968657313
17894,72,8,1118.96,0,3,0,0,0.4965987867321865,0.48650191703944157,0.5097030504173318
17895,44,1,95.45,4,4,1,4,-1.1016953136540035,-0.7342356147976036,0.2314257701873575
17896,23,1,256.32,4,4,1,4,-0.5550071386420108,-0.7053527082457487,-0.15341112577518137
17897,173,3,541.8100000000001,0,3,0,0,-0.42062039595499895,0.4784547173232546,0.2272134924116061
17898,85,2,152.06,1,4,2,1,-0.8819056311103872,-0.24804478982548525,0.41083518447359046
17899,159,1,154.55,1,2,1,1,-1.2399357440120529,-0.061569527007596866,0.1501510740803259
17900,190,2,112.19999999999999,1,2,2,1,-1.2053013169228275,-0.004021852684609537,0.5699091831446044
17901,29,1,110.38,4,4,1,4,-0.9410412715130249,-0.8610224073093531,0.15386325879228024
17904,21,1,181.07,4,4,1,4,-0.6684507775971376,-0.844608917337447,-0.03855309754524977
17905,71,4,798.99,0,3,0,0,0.07105369354158467,0.26764316223428947,0.19577432270292716
17906,247,1,72.9,1,2,1,1,-1.644674347567526,-0.09958093950981008,0.43943088249766826
17908,374,1,232.03,1,2,1,1,-1.3000660104838961,0.41486188899557896,0.06651447736198987
17911,9,1,366.23,4,4,1,4,-0.19049664978988412,-0.9657518703134333,-0.33655599285216176
17912,310,5,310.06,1,3,0,1,-0.5834786065648874,0.6337644282835663,0.7575782776892744
17913,59,2,408.65,4,4,2,4,-0.40297020140363293,-0.10587432205237789,0.042998203271440744
17914,4,1,329.36,4,4,1,4,-0.05397369779244725,-1.2871182067700155,-0.34636187081862724
17917,45,3,335.03,4,4,0,4,-0.2671128334362863,-0.2205823869388341,0.30487896828704586
17919,88,1,1304.04,0,3,1,0,-0.25429754043555874,0.32559831345524504,-0.6316907652375963
17920,4,17,4119.5,2,0,0,2,2.046930065061945,-0.11415006713850055,0.38190449065946575
17921,64,4,820.23,0,3,0,0,0.10761373378708489,0.23265760166853217,0.17973411847842374
17923,282,1,207.50000000000003,1,2,1,1,-1.271421930911265,0.264060620721389,0.08635477357887644
17924,12,7,2962.5,2,0,0,2,1.2623184728500663,0.03151683473077367,-0.032464728282928984
17925,373,1,244.08,1,2,1,1,-1.2795885769986652,0.42873704276944047,0.048739506212914396
17926,133,2,397.29,1,2,2,1,-0.6204133896189321,0.22182001003948204,0.10698241343345369
17928,45,2,212.54,4,4,2,4,-0.5904553710497853,-0.41072440243981984,0.252441546880691
17929,11,4,843.0,3,1,0,3,0.5523470706609321,-0.46582452192153856,0.0562887560457348
17930,36,5,1740.48,0,0,0,0,0.6395644379916231,0.25557363469763056,0.012925992593476737
17931,134,2,408.36,1,2,2,1,-0.6115616460212986,0.2330815427225545,0.09791638277119383
17932,29,3,1331.57,0,1,0,0,0.38349512071757585,0.010299064634986269,-0.20472257688971002
17934,52,2,704.25,0,1,2,0,-0.1578495799328717,0.0037800442923626165,-0.15495100619660027
17935,138,2,145.79,1,2,2,1,-1.0216608529543891,-0.059672380855792656,0.4578012122082181
17936,5,1,380.13,4,4,1,4,-0.04469052626054801,-1.1683540295091317,-0.3839602265713984
17937,9,7,4301.22,2,0,0,2,1.4760430072561395,0.03262723994900653,-0.1802404539891736
17939,160,1,99.14,1,2,1,1,-1.4144155063930977,-0.18991878595129005,0.3042634578039489
17940,49,10,4020.04,2,0,0,2,1.1969922653284852,0.7469117759641541,0.18504415724147238
17941,131,1,304.56,1,4,1,1,-0.9254758189898468,0.05874088748335943,-0.0984455645137157
17942,8,1,77.50000000000001,4,4,1,4,-0.769096302385696,-1.4686063006596093,0.19478633209740293
17946,233,2,149.57999999999998,1,2,2,1,-1.14545041594194,0.16574872798420975,0.48401936689119185
17947,37,1,176.68,4,4,1,4,-0.8184291107364599,-0.6232780530009173,0.006811309764910761
17948,147,1,358.56000000000006,1,2,1,1,-0.8909838319763644,0.15498255159766852,-0.14752433570116882
17950,72,3,482.2,0,3,0,0,-0.24315877333646907,0.08057890341064246,0.20925175177774236
17951,40,3,1008.5400000000001,0,1,0,0,0.19427340333541548,0.058397332521486836,-0.08677963751114054
17954,5,12,2314.13,2,0,0,2,1.6093459121354043,-0.27190975348944973,0.35709428606306914
17955,199,4,557.3,0,3,0,0,-0.3325923605407657,0.5879824431174372,0.39018258460906097
17957,66,1,111.68,4,4,1,4,-1.1428895673616513,-0.5215150237753063,0.20398336743235168
17958,117,1,508.4599999999999,1,2,1,1,-0.6960001326738449,0.16385864281717322,-0.28440723183207584
17960,171,1,73.78,1,2,1,1,-1.5460254938791187,-0.2491106399388751,0.4106292809030947
17961,21,39,1296.44,2,0,-1,2,1.6162002472614034,0.3154731073498804,1.4697892497402458
17962,142,1,102.41,1,2,1,1,-1.3713459624071387,-0.22995085490771727,0.28505668519375305
17964,32,2,463.21,4,1,2,4,-0.20031423985347285,-0.3187362499356771,-0.0409415481178375
17965,38,14,2599.19,2,0,0,2,1.2464064028308597,0.5730098133769986,0.5475506416324276
17966,38,5,1098.43,0,0,0,0,0.4454893503842541,0.14082443430572178,0.1769885147476955
17967,372,1,112.27,1,2,1,1,-1.5818767152290114,0.19811454064230655,0.31790929196576556
17968,374,1,265.1,1,2,1,1,-1.247972368980478,0.4543225567848509,0.020202420986758313
17969,166,2,228.2,1,2,2,1,-0.893885671150341,0.14958325858731522,0.3146687436177201
17970,211,1,562.79,1,2,1,1,-0.8067302549600744,0.43903957758249257,-0.2802699310823329
17972,242,1,135.19,1,2,1,1,-1.3994601705003022,0.07368584351623464,0.2247098793204098
17973,52,1,337.04,4,4,1,4,-0.6514134643625678,-0.2928722983739869,-0.195218676726241
17974,25,3,703.99,3,1,0,3,0.17032455900940136,-0.2388731192738415,0.007822085708479615
17975,15,13,4483.26,2,0,0,2,1.6543552608025216,0.349153069279251,0.24676935825499557
17976,372,1,321.79,1,2,1,1,-1.1707851294834795,0.5095143204984549,-0.04755751252286505
17977,29,1,288.14,4,4,1,4,-0.5665608332110239,-0.577355384944509,-0.1790556670026429
17978,365,1,300.91999999999996,1,2,1,1,-1.1921566216134658,0.4817153963388273,-0.02550862751457106
17979,36,4,732.41,0,1,0,0,0.20796191511414147,-0.036640405726382025,0.18121594635000443
17980,166,3,811.45,0,3,0,0,-0.2517580542815272,0.5812033459916706,0.08370127843947767
17984,145,1,152.68,1,2,1,1,-1.2211615758064753,-0.10346336502408726,0.1481986973376671
17985,22,1,631.35,4,4,1,4,-0.19112171192345956,-0.4557931855609269,-0.4700607609440502
17987,185,1,198.57,1,2,1,1,-1.1807920388761688,0.07550717755680682,0.07333602491029126
17988,12,7,201.12,3,1,-1,3,0.20821169051282762,-0.7669636775117629,0.9046525727971507
17990,237,3,630.84,0,3,0,0,-0.4414602138878367,0.6546166155522143,0.19532699526964115
17991,225,2,93.35,1,2,2,1,-1.3200260947908906,0.012190546418300034,0.6448188381263613
17994,122,4,674.89,0,3,0,0,-0.13268345198665632,0.44149525534065004,0.2907057480034342
17995,282,1,76.1,1,2,1,1,-1.6619469775926476,-0.03176011067195906,0.4335376054156853
17997,74,8,1962.46,0,0,0,0,0.7100404426369865,0.6647468794466246,0.3155997172897018
17999,37,2,380.39,4,4,2,4,-0.313697044897797,-0.3181658698689969,0.03715029356630767
18001,12,2,415.13,4,4,2,4,-0.00393502123505271,-0.7408673312116911,-0.06558725351212065
18004,362,1,157.92,1,2,1,1,-1.4419671570834467,0.28744128820613,0.1979015541258221
18005,4,2,226.47,4,4,2,4,0.004425286034648146,-1.3201010572030796,0.08077415499593704
18006,23,1,444.68,4,4,1,4,-0.3393857239357465,-0.5420205861590546,-0.34510191231634735
18008,70,9,2116.19,0,0,0,0,0.8069506119540139,0.6845020379727629,0.3627492699035393
18009,235,1,247.39,1,2,1,1,-1.1560476514964328,0.240156769705073,0.013017010778676147
18010,257,1,174.8,1,2,1,1,-1.3146298972085,0.17465175473026015,0.13965357437880038
18011,373,1,102.78999999999999,1,2,1,1,-1.6168754086800785,0.17324398775229244,0.34859273805941526
18013,155,2,187.29,1,2,2,1,-0.9535626437248156,0.06262132672990789,0.37868958435995637
18014,28,1,162.22,4,4,1,4,-0.7823182426063732,-0.7615664292900437,0.01821262768342735
18015,4,1,120.03,4,4,1,4,-0.4481529192539924,-1.58570695692501,0.004069579151600972
18016,32,5,1477.66,3,0,0,3,0.6047332264813507,0.15907500975686562,0.062306339627152235
18017,81,3,523.0,0,3,0,0,-0.24120314027773426,0.1533078478317714,0.18880062652078128
18018,108,2,122.14,1,4,2,1,-1.0281701309360463,-0.21359820021045786,0.5027202894821013
18022,36,1,612.72,4,4,1,4,-0.3249885232209009,-0.26584244109382793,-0.4275726623329027
18024,153,2,389.78,1,2,2,1,-0.6636214617154523,0.27434269271700484,0.12300423127462529
18027,99,1,115.31,1,4,1,1,-1.2333183889173411,-0.3445895026496466,0.21991733421251447
18030,4,2,230.64999999999998,4,4,2,4,0.011573368767640868,-1.3146864209842168,0.07441939842773937
18032,334,1,73.5,1,2,1,1,-1.7187449567044077,0.028590196172062498,0.45688150370295433
18033,65,1,93.82000000000001,4,4,1,4,-1.2067699754412873,-0.5791197779806043,0.2631944561474105
18034,22,2,418.68,4,1,2,4,-0.147163122856618,-0.49971456138663284,-0.03008699991042671
18035,36,3,713.89,0,1,0,0,0.0851652339650289,-0.08716115233594314,0.02674186603324577
18036,32,3,403.12,4,1,0,4,-0.10936321976643804,-0.30462962388917797,0.21809554169728274
18037,154,6,70.02,1,2,-1,1,-0.9065095546424456,-0.06704293405665433,1.3389690639055436
18040,19,2,357.20000000000005,4,1,2,4,-0.17344146697932908,-0.6052706627843905,0.015770167456898437
18041,12,21,4097.37,2,0,0,2,1.900763244105661,0.32247871167996756,0.5951459591888344
18042,54,1,165.04999999999998,4,4,1,4,-0.939984417610407,-0.48876330055129275,0.055363423807802736
18043,25,3,529.29,4,1,0,4,0.058541531901841304,-0.32354819227447246,0.10719893293578864
18044,4,10,2088.6,2,0,0,2,1.5315330119462836,-0.41076983167339565,0.2582436329978495
18045,45,1,178.34,4,4,1,4,-0.8638573315071131,-0.5406052104045576,0.016446506552592027
18048,203,2,172.29000000000002,1,2,2,1,-1.0550633059348475,0.15013546244722092,0.4257469579780928
18050,359,1,74.4,1,2,1,1,-1.7325198333022547,0.0622633576377081,0.45754312545103826
18053,71,1,300.02,4,4,1,4,-0.7756466781106813,-0.19922284766495962,-0.13408572233639066
18055,7,10,6761.34,2,0,0,2,1.8718094519125321,0.1350204247554612,-0.11991659863328305
18056,288,1,363.65,1,2,1,1,-1.0573749513973316,0.4390571729682865,-0.10731310697115942
18058,10,1,170.16,4,4,1,4,-0.5146504421540088,-1.1528877239392847,-0.06371883773407265
18059,23,3,306.46,4,1,0,4,-0.13486894597310572,-0.5191082605247638,0.29202708437596825
18061,22,10,2119.41,2,0,0,2,1.1452621884909617,0.23184593186493196,0.35601878954713495
18062,173,3,720.52,0,3,0,0,-0.30889972362810314,0.5630825568955083,0.12789207955275445
18064,133,2,814.0,0,3,2,0,-0.33934292224613183,0.43472945576609295,-0.14289359743301225
18065,6,14,2392.83,2,0,0,2,1.655180193116248,-0.16997545775071699,0.46060810357694737
18066,75,1,318.0,4,4,1,4,-0.7667618959061044,-0.15935862484096625,-0.15068679340461577
18067,40,1,396.33,4,4,1,4,-0.5220291313015677,-0.35219009396138584,-0.26892314785407845
18068,289,1,101.69999999999999,1,2,1,1,-1.5556754335407623,0.06371395950565528,0.33512778628670137
18069,26,5,2009.24,3,0,0,3,0.7768417451847511,0.16646919988184505,-0.05840195833182367
18071,258,2,453.0,1,2,2,1,-0.7383039783601986,0.5363666372257745,0.10572186223017102
18072,186,1,247.44,1,2,1,1,-1.0961862207766955,0.14288161595318266,-0.002742890204299242
18073,114,12,3859.82,2,0,-1,2,1.0514853784621674,1.1153081982310218,0.37771458347666953
18074,374,1,489.6,1,2,1,1,-1.0078257815724,0.6362323721279727,-0.19329162499259028
18075,23,10,2611.75,2,0,0,2,1.216291883902362,0.311732396360228,0.2860221263726341
18077,8,11,2584.41,2,0,0,2,1.5080877413051974,-0.08488696435044707,0.28728315661571363
18078,217,2,336.13,1,2,2,1,-0.8108694971277499,0.3757876981838881,0.19797150434929772
18079,45,4,3613.15,0,0,0,0,0.7781170647307044,0.5286768176482458,-0.36070440785401225
18080,19,2,1231.5,3,1,2,3,0.31163869000208444,-0.2378249175190003,-0.415473625994467
18081,36,3,343.45,4,1,0,4,-0.2014684892721534,-0.30428473601020917,0.28156369776739265
18082,26,1,680.84,4,4,1,4,-0.2027312725467227,-0.36632449212850426,-0.4855475497327988
18084,16,1,90.47999999999999,4,4,1,4,-0.8724013922537839,-1.1571060259254937,0.18426091771784314
18085,330,2,689.95,1,3,2,1,-0.6364543821737991,0.7638385878100727,-0.024304586478988047
18086,274,1,101.34,1,2,1,1,-1.5434109231873063,0.04045693944658402,0.3327727106240994
18087,98,2,4055.7199999999993,0,3,-1,0,0.3684440269035113,0.7853584233565993,-0.7234030547380808
18088,61,1,166.03,4,4,1,4,-0.968449230741821,-0.43690741470086264,0.06138654448621464
18092,2,11,9068.26,2,0,0,2,2.2829572552222595,-0.17119044556150595,-0.2247613019847905
18093,93,4,2106.52,0,3,0,0,0.38281437862761125,0.667198484995258,-0.12430084726071183
18094,82,7,3017.3,0,0,0,0,0.7932796508897,0.8123435362787593,0.08612595974624468
18095,313,2,580.0500000000001,1,3,2,1,-0.6909122608055546,0.6902752923781532,0.032595701274444666
18096,12,3,849.06,3,1,0,3,0.42183734131788164,-0.47313524565612597,-0.10421153733881228
18097,8,6,2662.4,3,0,0,3,1.2473938006680072,-0.17971080317455826,-0.11777573275953811
18099,127,1,168.31,1,2,1,1,-1.1493398089751081,-0.12969275622731305,0.10552583590802542
18101,11,2,222.4,4,4,2,4,-0.22755427961787347,-0.959310396648156,0.14609697297928875
18104,37,1,754.64,4,4,1,4,-0.25017792994132304,-0.19283068132414202,-0.4983728156057382
18105,38,1,113.48000000000002,4,4,1,4,-0.9976614671367612,-0.7431270770476369,0.16197078729630554
18106,330,1,421.9,1,2,1,1,-1.0340563491035666,0.5398769082957274,-0.14988389207335046
18108,254,1,271.0,1,2,1,1,-1.140293956604002,0.2995426500941382,-0.01345125442738701
18109,2,26,8004.92,2,0,0,2,2.6437734968160775,-0.05231354828038348,0.41257471420636016
18110,20,1,198.8,4,4,1,4,-0.6200224476760454,-0.8364335917191807,-0.07411902988837524
18112,12,2,352.69,4,4,2,4,-0.06775494946385777,-0.7892106013976854,-0.008850346114281427
18113,369,1,76.32000000000001,1,2,1,1,-1.7296872630969449,0.08119994388106949,0.450614938794736
18114,290,1,220.1,1,2,1,1,-1.2555494551011597,0.2931674314185999,0.06775706939344678
18116,68,8,1403.1100000000001,0,0,0,0,0.5998351099364598,0.5301681036245246,0.4269946135210513
18117,26,1,315.65,4,4,1,4,-0.5038180722429442,-0.5943962075175722,-0.21787670855241015
18118,11,26,5625.08,2,0,0,2,2.1491792860709498,0.42259741204672663,0.6291463557595293
18119,368,1,180.7,1,2,1,1,-1.3935936824748651,0.3341305762060507,0.1522581267069209
18120,214,1,111.15,1,2,1,1,-1.444250821786932,-0.035267656805523184,0.2842340615841034
18121,149,2,653.3,0,3,2,0,-0.45453124109083953,0.4165994177387604,-0.05864433351196881
18122,8,6,1793.06,3,0,0,3,1.092287642963612,-0.2972029266776157,0.02011605043016712
18123,24,2,574.4399999999999,4,1,2,4,-0.04467620157363067,-0.3709824428535696,-0.13462010851510678
18125,30,4,1131.75,3,1,0,3,0.4240542087536697,0.01861985938641957,0.017584331945677212
18126,61,1,200.92000000000002,4,4,1,4,-0.8939827923348099,-0.38049946734635587,-0.004815275813522729
18127,19,3,347.08,4,1,0,4,-0.0393230344521007,-0.5584649419450421,0.23643075716937273
18129,243,1,112.55000000000001,1,2,1,1,-1.4718841569090437,0.02134180462819044,0.2884349231021061
18130,15,3,1059.39,3,1,0,3,0.45528597064785725,-0.32055033084149354,-0.16736837511169425
18133,212,1,931.4999999999999,0,3,1,0,-0.6104117880646557,0.5906337289875848,-0.4555575314843236
18135,29,5,681.9100000000001,3,1,0,3,0.3259588913239367,-0.11050411860552133,0.3254816540953619
18136,63,3,784.33,0,1,0,0,-0.018706976290194022,0.16996598176410627,0.030888422953872896
18138,295,1,152.65,1,2,1,1,-1.4027903595986504,0.19207349326291728,0.19591446961394798
18139,18,6,8438.34,2,0,0,2,1.5081785847732054,0.47574816293553945,-0.4698849645656297
18142,157,2,1019.52,0,3,2,0,-0.2933886434599828,0.5705066297280159,-0.21026575851403417
18143,117,2,1000.16,0,3,2,0,-0.2259206306255257,0.442721685587355,-0.223261580623882
18144,8,12,2888.75,2,0,0,2,1.5922196574904768,-0.0364013938639998,0.3070583652100714
18145,13,4,2861.55,3,0,0,3,0.9921787537278076,-0.03818601711010787,-0.35953968444878115
18146,141,2,160.35000000000002,1,2,2,1,-0.9900212710220885,-0.022619711611334633,0.4262362513392566
18147,46,2,179.33999999999997,4,4,2,4,-0.6623134971078466,-0.45197690665305146,0.31286301682941625
18149,51,3,612.0799999999999,0,1,0,0,-0.06256745415747306,0.009494144777297008,0.10330155578530492
18150,32,3,566.58,4,1,0,4,0.023974952551471862,-0.20362663831135994,0.09955583559990355
18151,135,2,653.35,0,3,2,0,-0.4293318321240499,0.3756424527804751,-0.06527661339927475
18154,3,2,399.19,3,4,2,3,0.2835079236921153,-1.2454465703686066,-0.1314186892376601
18155,75,3,371.62,4,4,0,4,-0.35551757188655964,0.020148762732077285,0.30265820410859706
18156,13,2,675.64,3,1,2,3,0.16786398610405517,-0.5653148289909699,-0.2302472497002581
18158,9,2,453.4,4,4,2,4,0.09799847064291145,-0.8244380706342809,-0.11397900615769856
18159,301,1,530.15,1,2,1,1,-0.9210363923972246,0.5692976826796372,-0.23560225371759827
18160,57,2,638.0600000000001,0,1,2,0,-0.21969538100373046,0.01217951282213085,-0.11447935179460489
18161,15,5,1618.69,3,0,0,3,0.8264559362152293,-0.11661075757016515,-0.018290609784484393
18164,37,1,399.65000000000003,4,4,1,4,-0.49924326207193076,-0.38149640031377635,-0.27694986704892266
18165,177,1,302.46000000000004,1,2,1,1,-1.0049860237835686,0.1817373918278135,-0.075882191150038
18167,23,3,1384.8600000000001,3,1,0,3,0.45620925764005527,-0.07136953546888009,-0.23345061881180595
18168,176,6,1160.04,0,3,0,0,0.15623008461129245,0.8193146241163584,0.37281439693121166
18169,61,1,202.65,4,4,1,4,-0.8906338288295563,-0.3779626445690398,-0.007792556383239141
18170,33,3,980.31,0,1,0,0,0.23123126668965832,-0.028336229054913606,-0.08950321489320547
18171,59,5,1231.31,0,3,0,0,0.37961859684768784,0.35492461109404533,0.16621219575356144
18172,15,20,7561.68,2,0,0,2,2.0644091507424736,0.5825470169756979,0.36127871089953606
18173,87,4,2106.84,0,3,0,0,0.39981739887531675,0.6396571276383551,-0.12880056567233297
18174,7,1,104.0,4,4,1,4,-0.6246615162010867,-1.4313787306321362,0.08533927164732391
18176,358,1,476.35,1,2,1,1,-1.0073725386472887,0.6098540596570962,-0.1866763640243435
18177,31,6,1340.8700000000001,3,0,0,3,0.6524259274165971,0.1469865756881584,0.20698736140779433
18178,129,4,1590.81,0,3,0,0,0.18935707683392283,0.7193595435803831,-0.004502129795031534
18179,9,6,1793.17,3,0,0,3,1.0652464813289404,-0.2531183246684598,0.027197815682533294
18180,5,6,1843.75,3,0,0,3,1.2073818790914936,-0.4585010399137678,-0.016943085819121545
18181,24,1,366.85,4,4,1,4,-0.42521313631421176,-0.5820174475070967,-0.27537049276671544
18183,227,2,632.07,1,3,2,1,-0.5750387494605016,0.5819140846132002,-0.018904592800913583
18185,249,1,304.25,1,2,1,1,-1.0899343359854252,0.3255541506853031,-0.05503441764773298
18188,15,3,2001.04,3,0,0,3,0.7047646806108423,-0.13157148025183807,-0.38915882298176235
18189,78,2,1090.24,0,3,2,0,-0.0890296155534152,0.3005257748450811,-0.28037896154189
18190,192,2,284.46000000000004,1,2,2,1,-0.8448876332533398,0.2753733841928278,0.24781919632399774
18191,262,1,207.79999999999998,1,2,1,1,-1.2520298888673915,0.23383388572677766,0.08091176235569111
18192,72,1,957.97,0,3,1,0,-0.32434624839034165,0.15108789581659823,-0.5375189106571023
18193,165,1,243.76,1,2,1,1,-1.0714443608201072,0.08862256439314901,-0.0055657565020364175
18194,82,1,973.8399999999999,0,3,1,0,-0.3508818893443332,0.2096631856538272,-0.5345918381409462
18196,95,2,686.63,0,3,2,0,-0.3203841399496602,0.24471678673583086,-0.10607127961193359
18198,4,17,5425.56,2,0,0,2,2.155011837964181,-0.032278675323995684,0.2858181159057459
18200,106,1,150.35,1,4,1,1,-1.1473255385998948,-0.23798706946460396,0.13257839185694714
18202,200,3,1396.99,0,3,0,0,-0.08630874616137735,0.8200946561281928,-0.09321237787603509
18203,157,1,160.42000000000002,1,2,1,1,-1.22216338561131,-0.055815718321056,0.13637578283383744
18204,71,3,1975.35,0,3,0,0,0.31332433937221005,0.49365905416476563,-0.2832502812459999
18205,36,2,517.36,4,1,2,4,-0.18639276076955216,-0.2380766406794788,-0.07173281827047621
18209,29,1,139.10000000000002,4,4,1,4,-0.8509863728792572,-0.7928062808258453,0.07380305524288583
18210,2,6,2621.38,3,0,0,3,1.52351474084751,-0.6438137856422104,-0.18642496312504273
18211,26,5,600.07,3,1,0,3,0.3029141632411952,-0.1925285266645053,0.36292702269760013
18212,326,1,216.07,1,2,1,1,-1.2927324668310605,0.3364801489386913,0.08204011167396189
18213,237,1,232.48000000000002,1,2,1,1,-1.1825158730574201,0.22527882346352515,0.03518939708282895
18215,89,1,299.34000000000003,1,4,1,1,-0.8338560335522508,-0.10656694955589195,-0.11825265642802268
18216,31,1,481.75,4,4,1,4,-0.3819220659379482,-0.39794128209655844,-0.35359016313970326
18217,29,2,621.75,4,1,2,4,-0.0604957146991489,-0.2712334212104824,-0.1499017877316887
18218,211,2,641.92,0,3,2,0,-0.5502874422587568,0.5560739176045892,-0.029197945002597606
18219,3,10,2069.77,2,0,0,2,1.585301155408088,-0.5067899252093417,0.24635887351700847
18220,227,1,305.28000000000003,1,2,1,1,-1.0649492150165618,0.28802918811315775,-0.062420209451331254
18221,22,5,1041.61,3,0,0,3,0.5603097555871683,-0.09581555444360695,0.15990621192374627
18222,93,1,443.0,1,4,1,1,-0.6915742050772655,0.027859815553636872,-0.251742535505672
18223,5,14,6484.54,2,0,0,2,2.08602794140721,0.06192126669437531,0.10238900686573404
18224,264,1,158.95000000000002,1,2,1,1,-1.3585972771463024,0.1577523105212006,0.17443246767626258
18225,3,12,5504.96,2,0,0,2,2.0535963116803186,-0.18387375145668478,0.027410208333650127
18226,44,11,5228.05,2,0,0,2,1.3711444021752168,0.7976918954175942,0.14998166340007824
18227,218,1,93.75,1,2,1,1,-1.5151686250767726,-0.07769079538414835,0.3443141032078691
18228,57,2,779.9,0,1,2,0,-0.1410087654816607,0.07178422282065998,-0.18443297509420042
18229,12,20,7276.900000000001,2,0,0,2,2.1026805465804923,0.4842896554922479,0.36067533239736194
18230,9,7,2810.2000000000003,2,0,0,2,1.3090042667646036,-0.09390375416555259,-0.03174041937392877
18231,192,5,2071.77,0,3,0,0,0.28361691668923916,0.9982017352610032,0.06350871305306355
18232,82,4,592.97,0,3,0,0,-0.08235884183283185,0.2385628209099827,0.30927682786856875
18233,326,1,440.0,1,2,1,1,-1.0144815991672653,0.5472537622641737,-0.16532923125932714
18235,72,3,1796.48,0,3,0,0,0.27254120740439863,0.4712190090291786,-0.249213540559518
18236,30,6,882.24,3,0,0,3,0.4964074118467282,0.0093467731149574,0.35080034026239604
18237,3,5,987.1,3,1,0,3,0.9885683820247116,-0.8433749593577613,0.060719201543229157
18239,219,5,1561.6100000000001,0,3,0,0,0.13907429578242742,0.968953851400925,0.17093439317074732
18240,46,1,422.58,4,4,1,4,-0.5319993185002927,-0.2760447980114204,-0.28204194133840454
18241,10,17,2073.09,2,0,0,2,1.5749211864097439,0.011496381754863394,0.6746219671304626
18242,72,4,2232.4900000000002,0,0,0,0,0.47055227732023575,0.5787142715765847,-0.16160622002887626
18245,7,7,2567.06,2,0,0,2,1.3308152994029103,-0.21413119618621285,-0.015214810999217732
18246,24,2,596.1,4,1,2,4,-0.0301715369115009,-0.35999523333799865,-0.1475149806751248
18248,123,2,804.02,0,3,2,0,-0.3242562340674253,0.39862748876432674,-0.14382255195570712
18249,17,1,95.34,4,4,1,4,-0.8667645903591684,-1.1178077543427736,0.17004981028556804
18250,310,1,349.27,1,2,1,1,-1.092015252658814,0.45777838575638397,-0.08832596387501014
18251,87,1,4314.72,0,3,-1,0,0.21810960506636018,0.6765196043507536,-1.049849340571692
18252,51,2,518.27,4,1,2,4,-0.2731278298752705,-0.09521595821609087,-0.04940095919281595
18255,89,1,103.3,1,4,1,1,-1.249036520979863,-0.4210640515850156,0.2508492451616784
18257,39,8,2337.63,2,0,0,2,0.9401592894024372,0.4538301341851163,0.21219787085160702
18259,25,3,2338.6000000000004,3,0,0,3,0.6412112891357354,0.11782117752767288,-0.41080353082724375
18260,173,6,2628.35,0,0,0,0,0.4815016246766114,1.0552301657985133,0.08639437164305958
18261,43,2,324.24,4,4,2,4,-0.41387437578944763,-0.3042065976486042,0.10261301007700938
18262,140,1,149.48,1,2,1,1,-1.2204702905704576,-0.12429486193745401,0.15319287168397672
18263,26,3,1213.1599999999999,3,1,0,3,0.37403064070417147,-0.06143837476343944,-0.179350259739164
18265,72,2,801.51,0,3,2,0,-0.1893802831401559,0.17610414336108088,-0.17845212050760137
18269,366,1,168.6,1,2,1,1,-1.4192500275212114,0.31136541658709416,0.17594177071104405
18270,38,2,283.15,4,4,2,4,-0.4359057502242779,-0.39481976901726323,0.14161485964523585
18272,3,6,3078.58,2,0,0,2,1.512701807194456,-0.4757041615275635,-0.22311581667456482
18273,2,3,204.0,3,4,-1,3,0.240187160661691,-1.5093505015363575,0.2932918206810919
18274,30,1,175.92,4,4,1,4,-0.7678108710625442,-0.7097066567925625,-0.005418926700999582
18276,44,1,335.86,4,4,1,4,-0.6107526795851471,-0.3623490730339571,-0.2050298564462658
18277,58,1,110.38,4,4,1,4,-1.1147809213058304,-0.5781474454156397,0.19946054017502562
18278,74,1,173.9,4,4,1,4,-0.9992742166822716,-0.34360260189772907,0.05815214960534981
18280,278,1,180.60000000000002,1,2,1,1,-1.3219894419560463,0.21703227493894028,0.1336012819943771
18281,181,1,80.82,1,2,1,1,-1.5252240520399964,-0.19872124423089735,0.38304058239771743
18282,8,2,178.05,4,4,2,4,-0.24052525192822266,-1.145436208244946,0.20393208832375703
18283,4,16,2045.53,2,0,0,2,1.7433279361921414,-0.33324145922393233,0.584279311293162
18287,43,3,1837.28,0,3,0,0,0.4114035599273945,0.2661489223149647,-0.2911779331081414
